trade_date,AG.SHF,AU.SHF
20180102,0.0,0.0
20180103,-158.85858280325337,-415.7314640856887
20180104,-162.71162562144582,-255.79842076419882
20180105,-177.9069934327962,-213.5493865540794
20180108,-195.5404617869117,-200.3956684981872
20180109,-213.04208380689616,-198.5099646979188
20180110,-209.57924948016952,-197.46203627293133
20180111,-207.65697383843562,-199.25553636322272
20180112,-209.06087766068967,-203.41571631677996
20180115,-199.60529962989136,-209.33821074136372
20180116,-191.09614382821087,-214.13050873784417
20180117,-181.40918192499996,-216.0295626864582
20180118,-173.34587116073521,-132.87025838752098
20180119,-111.24270696473488,-146.0541696420385
20180122,-61.158177981149116,-157.9421184738503
20180123,-20.658058075260655,-167.70714311310667
20180124,12.501106893925943,-174.84167887028855
20180125,29.627800864195656,-180.80037141813028
20180126,4.816062097348745,-182.469383558114
20180129,23.469045903824505,-183.19516643990772
20180130,37.16132709098483,-181.82416414582013
20180131,48.18389977214275,-181.49249810161658
20180201,57.19712570023489,-182.19619496954783
20180202,64.56787234662595,-183.40664936740214
20180205,67.00007348425574,-181.10351271498524
20180206,68.38429721696322,-176.474598547446
20180207,69.33568116204314,-168.28688901388534
20180208,69.58781420951178,-162.1160891514546
20180209,44.06536034779038,-156.46143499328886
20180212,49.33184922444859,-152.0740867899625
20180213,53.36463567377154,-147.58745730062594
20180214,56.72292667483375,-142.8204625269706
20180222,59.21035666377258,-138.20784319160185
20180223,61.06314957362019,-134.23323957112618
20180226,37.6005090784326,-130.6022909988164
20180227,18.365552675346574,-127.54761697111726
20180228,27.239731234644136,-124.7678397756039
20180301,36.58138751031254,-122.91735275069846
20180302,15.679007446418328,-121.34625674301145
20180305,-1.2393431137389808,-119.91989453154663
20180306,-15.715753032686557,-119.67233968782286
20180307,1.606108500787608,-119.12027277711414
20180308,15.782428680218604,-76.23783290997126
20180309,27.338962265083882,-41.458084586757984
20180312,40.76475094037978,-11.903445635978741
20180313,53.13851778204974,13.421037501206191
20180314,64.07642602128504,38.64030269570291
20180315,77.31588831853985,3.801971192325235
20180316,87.944292252025,31.219734986496764
20180319,94.8625011062314,52.97237111218948
20180320,54.10455584700681,71.01421582502414
20180321,67.90399999671862,28.250464579407083
20180322,78.45820590774925,-6.205893184253574
20180323,87.60844167120034,-30.784558908378575
20180326,96.67071935790095,-51.375899373325865
20180327,103.79445814218576,-69.07572557255446
20180328,108.96176526695785,-85.02811657078405
20180329,109.6590788211587,-94.02837491034178
20180330,109.96095985888557,-101.65562986218603
20180402,110.23412256713846,-108.22940098755696
20180403,110.03023981728946,-112.29692239549757
20180404,110.44788627640919,-116.03792404301586
20180409,110.8022087672155,-118.96495949999549
20180410,111.25130079203228,-121.99106250385316
20180411,111.31798518336653,-123.70787570676671
20180412,111.30922119192822,-124.96330505668952
20180413,110.81441419087955,-124.79124380151465
20180416,109.94523941735713,-124.40259849498639
20180417,109.3658157107634,-79.08552587714438
20180418,110.01302537337988,-87.9837089384452
20180419,105.99897237832377,-48.5204907600566
20180420,102.60845546295805,-62.54919457478874
20180423,100.49253021063024,-27.31734267954802
20180424,97.4127312440481,5.012740284047326
20180425,94.90418487565272,31.470817122443925
20180426,92.90954638327621,-1.511918910249429
20180427,91.93159729063652,26.801350158603203
20180502,58.243723875883184,-11.787371754213906
20180503,30.638957294107517,-43.609071205907306
20180504,7.964100578761845,-69.66572736696891
20180507,-10.774543611089994,-94.54209528800588
20180508,-26.18708854472162,-114.95334298947411
20180509,-38.759794311569216,-132.26415105896123
20180510,-48.93153244397298,-146.39686418259151
20180511,-57.2078460183512,-161.76235545210284
20180514,-63.99046410743609,-176.28316591465176
20180515,-69.14520424429637,-192.76166937272114
20180516,-73.40197449921891,-199.26072843838693
20180517,-76.97536495869724,-203.87142403861603
20180518,-79.88269258528051,-206.6526675149855
20180521,-90.42741068188663,-210.61969865317425
20180522,-98.03408315347043,-213.03961918812368
20180523,-103.95822558318888,-215.95971581084024
20180524,-113.96837776161331,-213.3943935341078
20180525,-121.4989768389095,-139.93432489436026
20180528,-126.68633757753985,-148.28703504696622
20180529,-131.1811390513249,-154.58307157594066
20180530,-137.7367497576699,-159.44369513010705
20180531,-140.84235644084734,-163.33190349700152
20180601,-142.6602348747644,-166.20607912827654
20180604,-144.28361413659817,-167.80405995016636
20180605,-145.63360953323846,-169.02219217218732
20180606,-146.3323348164161,-169.77328927841126
20180607,-92.62435979420606,-170.44593772818362
20180608,-103.64724939318808,-171.19454106084916
20180611,-60.83854119244024,-171.43222811056359
20180612,-76.99339019558614,-172.7142058822606
20180613,-91.60147601779202,-179.97662550123093
20180614,-97.1846639019274,-107.23469490103889
20180615,-57.200228949808654,-47.62786588945708
20180619,-59.57357948070433,-4.328218189882734
20180620,-61.57736451514119,-37.23373022439722
20180621,-37.51520467422088,2.846189247258709
20180622,-18.07125732968742,37.37907414029056
20180625,-2.136918285174829,-5.968066117105331
20180626,11.015821145298867,-42.80895631175283
20180627,21.77915680776243,3.8612740885858097
20180628,30.549324325839454,-36.678556040797375
20180629,37.959816043328274,9.575866610322976
20180702,44.09637394708253,46.87836437241896
20180703,49.1244805419741,80.2007881971928
20180704,53.21833503238986,106.98919557530705
20180705,56.604652219087086,45.817781264022706
20180706,59.4434320764859,78.99591178308984
20180709,61.765367059881754,106.09304437339902
20180710,64.21751306750494,126.94244662507941
20180711,66.22178658866827,143.10030662956677
20180712,67.85527600961171,78.90321894559233
20180713,70.87785587542169,104.97386897027486
20180716,73.46596174653048,126.24262128425315
20180717,107.27010626868277,152.8612813599976
20180718,120.18601524826008,165.2313899887809
20180719,130.50135785155018,173.90936866433054
20180720,145.18977449458026,182.47935136165256
20180723,155.35480764863988,187.87410916890207
20180724,164.25587955165335,192.22543923144332
20180725,169.2445800271823,195.93018731121475
20180726,173.55692789510977,199.49651958540514
20180727,176.49110020272195,202.1711097894103
20180730,178.78054152085642,205.04098186943202
20180731,179.92410948417222,207.41513114408818
20180801,181.7092860249458,210.2059464005555
20180802,183.10781468105668,211.97065443135156
20180803,184.18862667210962,213.7127066242876
20180806,184.2980599179179,215.08159571823035
20180807,184.57610782571834,217.66849513844096
20180808,184.67990923767823,221.03354435118945
20180809,184.90133846053655,224.91202109397952
20180810,185.10254580097308,139.9413467005728
20180813,185.36353875148293,71.26097350484937
20180814,181.00895363661752,94.33305073747408
20180815,184.20207779087164,33.358193888935084
20180816,170.88243007250668,-6.048276470341424
20180817,159.81816165827294,-38.63295305842493
20180820,150.74352414650818,-63.646679293980085
20180821,143.26241508579253,-82.51544777613017
20180822,137.71103571803297,-97.98186853332007
20180823,133.1466415928552,-49.431964587489716
20180824,129.16370678210154,-9.736120309946314
20180827,125.55521113478284,21.58086881564534
20180828,122.58912667278308,46.63206656728015
20180829,119.80079452471166,66.52026290608603
20180830,117.44266119244642,82.741750155886
20180831,115.4965704517882,95.974143468917
20180903,113.83982624777947,106.25978006115564
20180904,112.0461926792593,114.36394594220326
20180905,109.28723812169413,121.04581395648836
20180906,106.61918938817972,126.08699768818515
20180907,104.38330869081113,129.8211832694175
20180910,102.55624439006363,132.9052490783429
20180911,100.92000876958608,137.7266827381159
20180912,99.64239852576306,141.6824372034147
20180913,103.96151345275753,153.8909000771982
20180914,107.56800886338921,164.68378865161768
20180917,110.7965971571746,95.52381973078295
20180918,113.17462727733066,119.18380083189503
20180919,115.03695956597946,138.5121298899072
20180920,114.17493937464997,154.32064420901762
20180921,112.02793274678041,166.43693131150062
20180925,110.14896116159917,176.0059257783866
20180926,107.81161441304984,184.66366657888543
20180927,106.37793243867925,192.81892909558866
20180928,104.38386643382563,192.2304482622852
20181008,101.24535678763287,182.99590145831058
20181009,99.28264674929112,175.8142750384879
20181010,98.59836371842795,170.44289664102408
20181011,100.82548864894271,113.65214293481631
20181012,102.07060937263427,70.26877510420113
20181015,102.70863245363515,35.82344884277782
20181016,103.14385413869671,7.247943325508469
20181017,103.50967042355863,-15.843441831474898
20181018,102.95705629542276,-34.8140745458059
20181019,102.01450854228433,-50.35168562759414
20181022,101.18432280339793,-62.99305209259407
20181023,101.163922108346,-73.96259167968508
20181024,100.88411611029738,-82.92502043034511
20181025,100.68835200038832,-90.10011236412362
20181026,100.62066842892983,-51.573457163893764
20181029,101.37966414796459,-64.17635328542548
20181030,101.37099907337024,-74.82050804270902
20181031,101.69541141225976,-81.90582113464248
20181101,101.91790843197346,-88.06216591115479
20181102,102.09751028425548,-95.25052339610215
20181105,104.45424272709639,-105.2419494807784
20181106,106.39456084905325,-114.01500740595803
20181107,66.55941856994485,-121.21106464250117
20181108,75.00955007035297,-127.00587285543286
20181109,82.42914872792016,-138.2468045012551
20181112,46.82556134983996,-149.64587186553933
20181113,58.895544706594556,-158.13064775768586
20181114,68.75769028660359,-165.32823081166723
20181115,76.88604653744628,-101.77729553968538
20181116,84.70920979461702,-48.27919781528225
20181119,47.76561615999616,-73.81286598528487
20181120,60.74522829261807,-94.82649505593291
20181121,26.676651785658468,-112.08004465868251
20181122,44.38141083233081,-127.71871491647343
20181123,13.466719784361574,-140.48960127940927
20181126,-11.703870484058518,-151.02934843043295
20181127,-33.201643188795394,-159.65604185063518
20181128,-51.199280474201615,-170.86424676718997
20181129,-20.373474876233434,-104.20601337700674
20181130,-41.098717829729146,-120.85768846020153
20181203,-58.10358788319833,-133.53557998515515
20181204,-23.379357595350122,-144.00654919130736
20181205,-43.71593151860984,-152.23350144898228
20181206,-60.339938305049024,-158.87571697263178
20181207,-74.83058564970561,-95.25001765819059
20181210,-35.74255607348681,-44.36352813887878
20181211,-3.6390814434951606,-1.458331857036798
20181212,22.967299657654216,31.220199129065243
20181213,45.292492204207974,-7.907576272770267
20181214,63.20911239261733,26.749060896470215
20181217,25.58325371627086,55.361555310219956
20181218,46.99372885842631,77.5577545047664
20181219,64.43073536329379,95.69550692018059
20181220,78.93863931268749,110.49859669414143
20181221,90.76711290315957,119.1137140662836
20181224,101.06921423659917,126.18884790106966
20181225,111.39049383162003,131.6378825317427
20181226,119.38688103480597,137.81750317431158
20181227,128.76578227461383,142.9039942070042
20181228,129.10936649156693,146.4657016912034
20190102,129.5874421854802,150.79668328314864
20190103,127.64764694048331,152.6921261368819
20190104,126.44905105452575,153.95850540879582
20190107,125.40365658200996,152.62937803041805
20190108,122.40024030322087,150.39616848628037
20190109,121.13020902980703,150.5746581290067
20190110,120.41595674888535,150.7842280035244
20190111,119.1506709734457,150.21336000631874
20190114,117.55434422086844,149.88971218269762
20190115,116.72001631588633,149.43601895174726
20190116,116.13540969695491,149.1145874162749
20190117,115.52491790772505,149.79037593200303
20190118,115.05591318254663,150.44122748201718
20190121,112.33714364021002,149.53587181152346
20190122,73.76872721048049,152.02056376742973
20190123,42.51888856594462,154.24072580844867
20190124,17.232535340982015,157.9375614764423
20190125,31.95496457424858,161.17796181352284
20190128,10.513087317057623,159.99532289178168
20190129,-8.955882127719917,159.70131858938822
20190130,10.204947633263961,159.10702229514843
20190131,27.80161515277964,161.8679503227671
20190201,42.44255519793481,162.86733474894163
20190211,54.070186999224546,165.7040820414429
20190212,64.43484116110753,169.53872004339271
20190213,32.57821016404303,173.34830691449417
20190214,7.173320034193876,176.36851570334483
20190215,-13.763207726758457,179.6015146917957
20190218,-30.12948529239297,181.2934833253035
20190219,-43.452425022433246,183.66395595350886
20190220,-53.97605146213652,183.59745756940927
20190221,-62.16793217888353,180.47426316201972
20190222,-68.68268540296835,175.68777723843675
20190225,-76.05519820225813,173.85010295835474
20190226,-81.93351258255088,172.1862716690245
20190227,-87.11018698334462,170.62256494697974
20190228,-90.50881801872808,167.53459028565806
20190301,-93.01951948968225,164.56545485661763
20190304,-94.12823245160776,159.0712830741395
20190305,-58.918002477860675,154.8560622911983
20190306,-30.624301931448205,150.83640297883244
20190307,-7.479662561871304,147.26716939421954
20190308,11.037758309447023,142.7787848959734
20190311,25.702934026156946,138.66122347929064
20190312,4.420917637879906,135.28804751790872
20190313,20.18541392396814,132.01986318135758
20190314,33.11328425889291,129.36350807929782
20190315,43.71755298598522,128.1756203361494
20190318,18.143477045231766,82.02197988215211
20190319,-2.5214426056431316,44.404870052743384
20190320,15.977506661799216,60.38161105834488
20190321,29.47091420012035,72.83103378723759
20190322,40.5766679387266,83.58073612200329
20190325,16.53170621968519,91.5227652042383
20190326,30.344046289862263,98.0153093949953
20190327,41.56483827314298,103.35341396245221
20190328,50.96411726812252,108.39467918305012
20190329,56.94523960511448,107.31239436363605
20190401,28.04104915429215,108.89842437548161
20190402,42.039001219534555,110.41351542579187
20190403,53.774391493335386,112.0204894533496
20190404,63.590862875318685,113.84089363389879
20190408,71.9527740253462,116.68116942130233
20190409,79.2288837998473,119.37840641040664
20190410,85.34524654340841,121.17062483871759
20190411,49.359718218643046,123.14686470647521
20190412,60.32696995973239,122.86567040754886
20190415,69.0712686403492,122.19433773899716
20190416,76.00491043481588,121.68902702284059
20190417,81.93103535815514,121.13836313187433
20190418,86.76877290081866,120.24175606296282
20190419,93.8360146594788,119.90862611057291
20190422,98.8198520299481,119.46222423788984
20190423,102.45605776227379,119.79971980614867
20190424,105.009471586886,120.16523163063164
20190425,106.05227388085109,119.64662131481658
20190426,106.80676058243537,118.87808387164382
20190429,113.21853174271195,126.72362647044568
20190430,119.29497139231175,74.25588849763166
20190506,124.29624962154797,32.349571216913354
20190507,129.06466798910813,-2.0513405678298064
20190508,132.69170534150118,25.91892973358688
20190509,135.8016791235651,-7.015915840555214
20190510,83.37416958252282,-33.992852224210175
20190513,40.52123202139203,-0.3439934445044706
20190514,8.326373670534746,-23.872148336304722
20190515,-20.337932530374058,-45.072020041558694
20190516,-45.03389565509491,-10.309014576924731
20190517,-60.97328246937003,17.90376155773195
20190520,-73.31881724936294,-10.566524207554895
20190521,-83.48030699430858,18.145339090679062
20190522,-91.90561160587559,-12.185487533762176
20190523,-99.05210283498712,-37.10037223220336
20190524,-105.53823770803089,-57.91018828928211
20190527,-112.1423623634728,-75.05362054830476
20190528,-119.03681934751651,-33.32181831526457
20190529,-125.37994116506762,-55.57883123597052
20190530,-130.60343634549372,-72.72449205305476
20190531,-133.62072675693378,-83.77262530016571
20190603,-135.92226796953864,-91.17504762255393
20190604,-135.6988779640572,-96.32253748475685
20190605,-135.35817930679792,-100.37403286221102
20190606,-86.35296263311555,-103.67504041266066
20190610,-46.295463828184545,-106.01559915917994
20190611,-60.64449375527617,-107.649095082589
20190612,-71.7407175827294,-66.53828110186785
20190613,-81.17989965599055,-32.05036812865626
20190614,-86.72640793876228,-6.307606665331425
20190617,-91.52508836124812,12.741383485078918
20190618,-96.11794504063327,-8.38802080379337
20190619,-57.408323880868835,11.283722085886508
20190620,-65.3143008724961,24.548133468706553
20190621,-71.75121389513096,35.35547932503133
20190624,-77.03646501451344,13.684342054388994
20190625,-81.26353258231816,25.426897821513563
20190626,-49.77372881496858,33.34659697927474
20190627,-57.66877949647005,39.70492689010281
20190628,-64.17267684559596,45.165040237395715
20190701,-68.59879907205821,47.64198836522825
20190702,-72.15669123899401,49.69206390964179
20190703,-74.61077337298524,50.293369457336816
20190704,-76.26769187374065,50.52948461949017
20190705,-77.63343800798258,50.72912200465523
20190708,-78.48029946823819,32.16178668232192
20190709,-79.61394106188902,17.088730244855675
20190710,-81.28959047793647,4.680919020196748
20190711,-82.21918941219387,-5.136435903257025
20190712,-83.67644191844695,-13.263289558342882
20190715,-85.59163397752981,-1.5517968321407472
20190716,-86.51180544462741,-10.592227222649539
20190717,-86.18493399094176,-17.986915857922508
20190718,-85.01723658484492,-24.579412237476316
20190719,-57.520425104342074,-29.818542222194953
20190722,-58.84693977650961,-34.02257594030345
20190723,-59.933361891845074,-17.71277171302969
20190724,-61.43163547637639,-25.126181318879055
20190725,-62.69414445699185,-31.208791225193476
20190726,-63.63835268693569,-14.899020055343495
20190729,-65.01077356379089,-24.55046746676742
20190730,-66.1327631248245,-32.6765022964519
20190731,-67.2532061007115,-43.125334017066166
20190801,-66.0900760996633,-50.42971334675009
20190802,-64.98674493027617,-53.94017548469844
20190805,-62.26762523636399,-33.39911926675424
20190806,-59.92464184328871,-38.3786275641774
20190807,-57.78810923742333,-42.04633153164375
20190808,-55.83121307361721,-45.459429554693266
20190809,-54.27913324415906,-48.56317632916531
20190812,-52.86257583320041,-28.55697167493847
20190813,-51.06445204892427,-12.878628667663316
20190814,-48.67080166758559,-19.6887290664183
20190815,-46.81873742195175,-7.004515166338142
20190816,-45.66145328508962,-14.929129662616692
20190819,-44.680179964341114,-21.524797893380423
20190820,-43.86246548459736,-26.95456458866458
20190821,-43.20619612244995,-31.391644705326094
20190822,-42.67774484356739,-35.026268571256196
20190823,-42.262226354106474,-19.261667395677954
20190826,-41.084192212530766,-7.367027169449752
20190827,-40.12103810397301,2.348477044340085
20190828,-39.15140846782959,10.27301283994771
20190829,-38.81644271078618,-0.5223386720130355
20190830,-38.23062376584475,8.292556288354731
20190902,-24.302721066336783,16.294860227024138
20190903,-12.820930149109378,3.8221039401880725
20190904,-3.9871425943482346,13.007123762744106
20190905,3.3166145458674556,20.549209640384753
20190906,8.09971094833374,8.351558759855326
20190909,11.865044809635224,-1.6491927690689574
20190910,15.150706404430306,7.426074248380449
20190911,18.160784910766466,-3.576711701244198
20190912,20.63666506090039,-12.830971948788065
20190916,11.182850511857467,-0.5917182038137853
20190917,14.881405667921763,-10.391994815066687
20190918,17.913195096030893,-18.41737116944438
20190919,20.3561931806771,-24.982542869508656
20190920,22.345760395182666,-30.363286786728786
20190923,23.821309669676733,-34.609405703276025
20190924,25.53102720487005,-40.64932164355542
20190925,26.934103642045624,-45.49850393796966
20190926,16.03407626679789,-49.10687409767628
20190927,7.133180922596269,-52.371940974104234
20190930,-0.1857033199160242,-55.755026259866746
20191008,-6.1536481848369045,-58.526104860173625
20191009,0.6613061064915828,-60.08943799710737
20191010,6.9863638955634935,-61.42038760036153
20191011,-0.767977961177101,-62.62731870222577
20191014,7.3526713535258486,-67.09868569845843
20191015,-2.2994854979037576,-70.83221892358767
20191016,-10.05726545604339,-75.67132385602336
20191017,-16.52227988525374,-79.20120002661442
20191018,-21.805850815391942,-82.07942092262307
20191021,-26.16450584141672,-84.44098446364717
20191022,-29.69225297325834,-86.37051222727057
20191023,-32.611275288919934,-87.95681746473485
20191024,-35.050751447119886,-89.25632746467332
20191025,-36.53136274750639,-89.61662513239766
20191028,-21.39744865719648,-90.89076979803315
20191029,-9.091986160607558,-91.47682756129767
20191030,-15.80761780310183,-92.35451831291171
20191031,-22.14703193937748,-94.06128058109574
20191101,-28.243564041397,-95.27307527949219
20191104,-33.574631648336,-96.38493025868465
20191105,-37.875868723965176,-96.90153253532185
20191106,-41.79408151452351,-98.09701471769017
20191107,-23.23641166674453,-98.69341649341605
20191108,-28.02074927495762,-96.89982199980871
20191111,-31.984362307251935,-96.80854120755488
20191112,-17.077657494436426,-96.35244946831055
20191113,-4.913455050672233,-62.77257542270819
20191114,-13.208215842039943,-34.884610905366074
20191115,-1.6374164063720558,-45.010875193680484
20191118,-10.69019317073329,-53.284282676267985
20191119,0.17897411982866854,-59.708388277147854
20191120,9.091020104992802,-65.08203825150582
20191121,-1.5071770568355276,-69.47928865688732
20191122,8.796711264312895,-39.78465186173293
20191125,17.15698700744134,-49.38114818430462
20191126,24.26433456573257,-57.90329496588236
20191127,9.625828881727449,-29.962735559168788
20191128,-2.3653373006783958,-41.98838980679262
20191129,-12.37396833667558,-16.0497387191562
20191202,-20.575006801586593,5.070845870759043
20191203,-27.27286386631501,-14.205770287274202
20191204,-32.31532641773815,5.179693573992195
20191205,-36.053826508790486,21.08946752197761
20191206,-41.80932043182581,-2.539238398041554
20191209,-45.85123835573172,16.976969550212125
20191210,-49.20739965892887,-6.42985634528356
20191211,-52.45653908693793,-27.228187784686007
20191212,-54.737639822829735,-43.8158636231101
20191213,-32.8849881695537,-55.18416919944886
20191216,-38.45346502477014,-63.23305734165245
20191217,-43.78870860636997,-70.18777528430124
20191218,-48.18543470273967,-75.91993676154274
20191219,-51.74734116527664,-43.63729895583287
20191220,-54.549978202629184,-17.246578049120995
20191223,-56.743363896945574,4.9427252913124216
20191224,-58.32740705128394,22.96381518206342
20191225,-35.93123885824592,37.44614460612635
20191226,-17.79345950150807,49.49373810027776
20191227,-3.171938211755566,59.32387529884761
20191230,8.835079477532343,29.71845715224652
20191231,-4.077297768364027,5.700669865953275
20200102,9.199213985686661,27.375816254292523
20200103,-5.484840793176045,42.71346217678433
20200106,-17.374086581862652,17.41422937067345
20200107,-27.039195609541615,31.450531991806773
20200108,-10.109020599520607,41.68280519582236
20200109,-17.006325269257154,44.88640997078353
20200110,-5.118904207082304,47.5368590840412
20200113,-13.059447217670948,27.609437361230917
20200114,-2.1488815522946556,11.633092215141078
20200115,-10.24205045141982,-1.3396207001431863
20200116,-16.86212218140015,-11.953565138522448
20200117,-5.292296508592611,1.088820933527953
20200120,-12.848691590369626,11.764175221708113
20200121,-19.16314898063886,20.36176400657722
20200122,-24.04933720580347,6.100020228123879
20200123,-11.220216560646236,-5.550547370360148
20200203,-17.66665468181533,5.11726997991461
20200204,-5.942211920424484,13.686270023463885
20200205,3.6537098663543666,20.629051561655583
20200206,11.642060654053367,7.468668199674345
20200207,18.392107644684092,15.522881104566782
20200210,5.7731459511533165,3.04677240657847
20200211,14.338115796633033,12.812559167837989
20200212,21.44548522300318,20.957352687505058
20200213,28.011984394864136,28.058085428960176
20200214,7.825588295733063,38.30118534415898
20200217,-8.234543933964403,46.69410752380729
20200218,7.934240144047369,53.48973259893817
20200219,20.495339741113973,59.97359375021514
20200220,2.591122709099427,65.50507719833696
20200221,-11.58084726545926,68.4705276789795
20200224,4.12596303236886,69.60594732633189
20200225,15.187467113474593,68.55436504845794
20200226,0.7907333535148675,67.77184095022045
20200227,13.433195435705478,67.50113967748172
20200228,19.2545639742124,66.73026402484456
20200302,23.990533432830016,65.83961971850442
20200303,27.859046270961265,65.28590305353939
20200304,30.581798275846694,63.91896513855397
20200305,32.811078677555194,62.89729926099495
20200306,34.587515093674185,61.51441236813559
20200309,35.051182357329324,60.22402197718473
20200310,35.15258817033999,58.858708997790885
20200311,35.29863702076859,57.731256953345486
20200312,35.268530480725815,37.85051297388072
20200313,34.48498585243416,22.638414222061897
20200316,33.22031822459463,10.72900065248186
20200317,31.133676213750153,15.407828909457383
20200318,29.358214924580363,18.98202495735017
20200319,27.95674476319312,21.91803598061961
20200320,26.29680450770727,24.471855664597328
20200323,24.967960114565567,26.883628677374638
20200324,23.480910982565494,16.382488273542506
20200325,22.043006200414464,18.94395563211364
20200326,20.86778309325575,21.03929977637573
20200327,19.955678412287885,11.683694575997922
20200330,19.123994056045234,15.237159467482767
20200331,18.41444426194918,18.148245972244936
20200401,17.86357714254597,9.091995928470695
20200402,17.372196948077814,13.181409035442643
20200403,16.9560695357849,16.650037255413476
20200407,16.52950013747608,19.234681146945178
20200408,16.190511047850237,21.369736391390365
20200409,15.912525209108223,23.126922634090775
20200410,15.694000531153328,24.59436806503823
20200413,15.597405361320146,26.11476259635676
20200414,15.65208225074284,27.66295580034227
20200415,16.2212253556423,30.445521807132415
20200416,17.120142489800006,33.0076320631458
20200417,17.83091062514187,34.746518131898995
20200420,18.72828557711907,36.12954861366796
20200421,19.47909807156242,37.262861924871615
20200422,20.3144018946175,41.60786476613766
20200423,21.272161236044468,45.08368200230966
20200424,22.07113498148036,47.92435964951176
20200427,22.719655197659918,50.26338492243607
20200428,23.838718371664243,52.17014924677865
20200429,24.774784146131605,53.71975492744448
20200430,25.576503929584216,55.95598609124868
20200506,26.33602318492966,57.77862851059688
20200507,27.006136330376947,59.19788773496544
20200508,28.26151675985079,62.410434703388624
20200511,29.46059493584331,65.49703222522334
20200512,30.42025923979668,67.95480906867084
20200513,31.20768678211192,70.08488641168196
20200514,31.87254005293381,71.70947425079268
20200515,31.844087741486494,72.69992159532853
20200518,31.141034455876184,71.90497988163682
20200519,30.520067895723315,70.33324773677188
20200520,30.08315444143227,70.18646922969612
20200521,29.502353386124316,69.73151834940732
20200522,28.940949194575488,69.45653344596468
20200525,28.946631838242073,69.2699933577086
20200526,29.140634389306047,69.95431927722419
20200527,29.181611873349386,70.15559597277405
20200528,29.27431660858887,70.41075989093413
20200529,29.566146312703825,70.97867991263573
20200601,29.423058607334504,71.27541233758416
20200602,29.235365354602727,71.44952645112362
20200603,28.939810194447144,71.134350863255
20200604,28.57057204823396,70.69574080919762
20200605,28.433654319263134,70.90825722521213
20200608,28.30777109745017,70.76545646936022
20200609,18.103906406843222,70.6830558299378
20200610,9.75597931994606,70.29461616893025
20200611,13.04201923343401,69.90604707072843
20200612,16.0048499445467,70.26040641620463
20200615,19.307430551135425,73.36314732418322
20200616,22.064541947777393,77.91327910139337
20200617,24.783264468663386,82.92004028707797
20200618,27.395432151876285,87.93342932602857
20200619,29.684181837908636,91.99965749682028
20200622,17.16528959365864,93.83903653305931
20200623,21.582896947082553,95.50093427233857
20200624,25.345609179938425,97.71588642397651
20200629,12.916199732937933,100.09620193000278
20200630,2.7430268035505305,102.03829874512262
20200701,-7.788546698647422,104.22792925765631
20200702,-16.02888328343592,104.67687578565763
20200703,-23.386881067261427,106.38868956557569
20200706,-30.278134407447443,109.07427339860607
20200707,-35.974815554401914,111.2696460524982
20200708,-40.523038353127696,115.66554728692887
20200709,-43.335806970996394,118.94787657106107
20200710,-44.99741399280059,121.30397987978024
20200713,-45.46979412127041,124.18940817262218
20200714,-46.217119030026254,126.37156874532387
20200715,-27.621308508896522,78.21271079987743
20200716,-32.68524113924521,88.5986762864069
20200717,-16.963338083231296,95.99181255804297
20200720,-23.563359276815753,55.211670862670175
20200721,-26.56739970055901,67.89169476589491
20200722,-27.898711939621904,37.98409514346863
20200723,-28.452802574063206,13.494096011581092
20200724,-17.775759180271542,-6.380376860085312
20200727,-9.713234988221503,-19.99925553670361
20200728,-3.092885841859189,-31.086558795080514
20200729,-7.327040719864324,-40.18953070070344
20200730,-10.613637927295201,-48.19576814216856
20200731,-13.282061162975905,-54.578786538629174
20200803,-15.459974993684957,-59.71178935982026
20200804,-17.240056196498802,-63.902037890105376
20200805,-18.188582079093585,-64.92471523251027
20200806,-10.897226797800265,-65.74066542143647
20200807,-13.063239141484637,-67.00284663520158
20200810,-6.551563894583697,-67.45227394441335
20200811,-9.411636638517171,-66.14761248772382
20200812,-4.118399123589943,-62.02362653645339
20200813,0.12643329667974965,-58.66812338456028
20200814,3.6474614937792653,-55.94490647333557
20200817,6.529050963159811,-53.679659635763386
20200818,8.965712859647521,-51.55265999389693
20200819,3.717344759106623,-50.00928928225383
20200820,-0.6623484564225957,-48.255612304643336
20200821,-4.259682404329907,-46.87105996662513
20200824,-7.336679409700636,-46.08901349823028
20200825,-9.85255169413137,-45.439087063334135
20200826,-11.911794946398068,-44.925928949570505
20200827,-13.589058240862844,-44.39252067107441
20200828,-15.013434330231124,-44.033965067247046
20200831,-16.15956615766886,-43.71222285158915
20200901,-17.058785434668767,-43.365006900147755
20200902,-18.332436558422078,-43.726482842803584
20200903,-19.52353364328486,-43.94372173406414
20200904,-20.5807308097772,-44.14670314813937
20200907,-21.456104065084773,-44.31779371319479
20200908,-22.163369869488157,-44.77116578484637
20200909,-23.202024437530486,-48.282360278585145
20200910,-24.108317997504326,-51.035112708164824
20200911,-24.888676987436074,-53.45209816105227
20200914,-25.613282091567378,-55.71799981781325
20200915,-26.573706929528775,-59.46110658341839
20200916,-27.60697332502882,-62.941462415851646
20200917,-28.458537202482056,-69.66097600574268
20200918,-29.072587074436395,-75.1418974810237
20200921,-30.302509451238002,-80.55697690246893
20200922,-29.314956365611252,-81.04985603529039
20200923,-28.25754718025306,-80.31022235652105
20200924,-27.52954808013303,-80.3177767606944
20200925,-26.542842602729735,-79.44079605117238
20200928,-25.816803876709443,-79.00022347566374
20200929,-25.176059220492824,-78.10169293693424
20200930,-24.625597303961445,-77.60417658926278
20201009,-24.258455478366553,-78.38652973504587
20201012,-23.626018568022662,-78.31750805025735
20201013,-23.109608629113964,-78.22544803702566
20201014,-22.652222847169742,-77.73103884889163
20201015,-22.292496147935353,-77.33354422011764
20201016,-22.034575116744545,-77.23365391123761
20201019,-21.761118448653495,-77.14701975148927
20201020,-21.536694348743193,-77.08147287417114
20201021,-21.339330331379795,-77.05244230977782
20201022,-13.74235184686417,-77.01161035617929
20201023,-14.980424021414528,-77.11378590250814
20201026,-16.007750244333202,-77.25018847255528
20201027,-9.382689799270079,-76.8477073611313
20201028,-3.030045796919945,-79.11279317022161
20201029,-7.151189967172157,-81.54997853098182
20201030,-10.923126998840257,-84.13352715472236
20201102,-14.281359205531038,-86.66527992622859
20201103,-17.170962977814302,-88.59288421748482
20201104,-19.705391273277655,-92.19440235456042
20201105,-21.685417226644535,-95.14709099531936
20201106,-23.063957222919658,-96.44224792132668
20201109,-24.948487556043062,-99.01227794452592
20201110,-25.628810470560225,-95.66371281293061
20201111,-26.383448051965864,-93.44268065408394
20201112,-26.999717144369544,-91.62313792213105
20201113,-27.503918400539348,-90.05018833495134
20201116,-27.834448124050613,-88.76593797995503
20201117,-28.07889451642846,-87.74550520998346
20201118,-28.3432209147907,-86.83336712928876
20201119,-17.865931080910435,-86.06750024458239
20201120,-19.965743660662838,-85.43531170829762
20201123,-21.787688027404975,-84.96897512862287
20201124,-23.14177767078584,-82.9141524605464
20201125,-24.244561178893075,-81.00617683775518
20201126,-25.699755721419216,-79.82664194152883
20201127,-26.897834449944284,-78.91661357013446
20201130,-27.687599228169496,-76.84290097083245
20201201,-28.021290210383683,-74.98809915429034
20201202,-27.972349366175806,-49.965174780987596
20201203,-28.016376475913816,-51.842053984359445
20201204,-28.306765643312783,-53.73233865934557
20201207,-28.551666802998895,-55.279950985650416
20201208,-29.442302265100466,-57.43980209945535
20201209,-30.033715226609477,-34.830044957708175
20201210,-30.397240781279827,-16.531287345827796
20201211,-30.67743734715771,-1.4320281498627643
20201214,-31.198539943289695,10.913898810236857
20201215,-31.55395155511559,20.762962746809382
20201216,-31.58441969972722,5.2606525582891575
20201217,-31.551453586652332,15.966150414888876
20201218,-31.520481080796547,24.578961664667826
20201221,-30.821826853450105,8.954557348078042
20201222,-29.824325892449565,-4.7887196711281135
20201223,-29.000791769561566,-16.473583340411313
20201224,-28.30805005255767,-26.022059355636262
20201225,-27.75344554912575,-8.776097988738414
20201228,-27.72019520438709,9.175788962039984
20201229,-27.715248396294236,-8.566545122090576
20201230,-27.923527406893374,-24.233832821547
20201231,-28.09535366892734,-37.780831541535285
20210104,-28.187221084029087,-13.905902409797426
20210105,-17.798840350017755,5.7226868987467485
20210106,-9.20588093502464,23.149859691506148
20210107,-13.032566007834957,36.79715238655864
20210108,-16.261526123836262,48.28509338328054
20210111,-9.179947158424087,52.79924097374176
20210112,-11.581926001684328,56.39207125345939
20210113,-5.382183079511954,59.54290622669977
20210114,-8.582340193206571,62.12756593104722
20210115,-2.771280903169129,64.31668152142295
20210118,-6.526145471749773,66.37778936724992
20210119,-10.117724555996217,68.90650810363132
20210120,-13.626669914581798,71.8764089843625
20210121,-16.46340726781504,73.6895532176383
20210122,-8.15488330408574,75.15063658483822
20210125,-11.987102446289372,46.52658271525037
20210126,-4.233160027145913,52.965000664944675
20210127,2.1475630448658074,58.20589307949846
20210128,-3.9049779971325127,62.4440352321355
20210129,1.9004405228148842,65.8314307887752
20210201,-2.514616193922593,68.73257835869829
20210202,-6.113534457788437,71.11005776683724
20210203,-8.816166227057806,72.67759116864853
20210204,-3.409383833363839,74.04482996826711
20210205,-6.599235002125077,74.92316842130701
20210208,-10.12379785317016,79.55344664025331
20210209,-13.076011318900294,82.21085470887795
20210210,-15.480569904132084,84.38619205416016
20210218,-17.476716516894506,81.93259517662908
20210219,-19.07948995209187,80.00096066003445
20210222,-11.001290208506976,77.86258496456227
20210223,-13.574546319161657,51.67612444576882
20210224,-15.605820095070044,54.34367903127583
20210225,-17.281803729284256,56.741348162924766
20210226,-9.885274066056096,58.10390705791767
20210301,-12.345029093156189,59.224800027847955
20210302,-14.251009932581493,59.769591425679906
20210303,-7.542834356063876,60.064232327786556
20210304,-10.223740628427853,60.24088604049617
20210305,-12.50483737445477,60.47524915206516
20210308,-4.930249904505171,60.7039724822157
20210309,1.2731426339813599,60.92612914507245
20210310,6.8699758856635755,60.79069741861547
20210311,11.381074224551524,60.487117902029944
20210312,14.973968939421743,60.132455321256714
20210315,18.026706156770494,59.83022593819581
20210316,8.950968414341535,59.98770976551904
20210317,13.124797029846501,60.02201821483307
20210318,16.30505199265643,61.97098156791802
20210319,7.85626096862109,63.57415822433618
20210322,0.6555794302200967,65.38061127860325
20210323,-5.408716410086715,67.39692941789167
20210324,-10.374689021058403,69.05082597876641
20210325,-14.516863196754556,70.6333079077056
20210326,-18.527663497409087,73.3516307452155
20210329,-21.792566910206126,75.66841932041744
20210330,-10.899383261102153,78.25165354241065
20210331,-16.032696788507327,79.73345633931476
20210401,-20.400091300439957,78.95647381859276
20210402,-9.281244996917836,78.24358128717613
20210406,-15.398399257458996,77.69195300161563
20210407,-4.83693796202991,77.28356659003158
20210408,3.8602232590903243,77.34509379529716
20210409,11.262812293639394,77.56467909573999
20210412,17.63602764638177,78.54632726618857
20210413,6.008253609059481,79.14702576857597
20210414,12.67357108327536,79.1587466364778
20210415,18.125719074918997,79.24214403988076
20210416,6.496535054980378,79.25493908634556
20210419,-3.3976287220284807,79.1990652701637
20210420,-12.26073052242293,78.86378512332936
20210421,-0.6016406222563271,78.22017877014959
20210422,9.299868904967816,77.7285130060686
20210423,17.102388141722386,77.25058567844947
20210426,23.404512625377045,76.73931797611127
20210427,28.74251437855155,76.32177286549079
20210428,33.290256435400785,76.73461301465545
20210429,37.55807295941795,77.97293381405183
20210430,40.093265534345356,81.5232098426846
20210506,24.192041261562473,84.14021441141075
20210507,28.31128695516155,86.1149932013822
20210510,14.721190440375093,87.78733484637917
20210511,3.927503834522285,89.12272772582325
20210512,11.345707172347389,90.32049010999808
20210513,17.208290175991138,91.69008785073997
20210514,5.922776199144999,93.89624169861597
20210517,13.178444061664662,95.4964814981216
20210518,18.461384307024225,96.69585921343204
20210519,22.515333615822925,98.12709756645893
20210520,11.277340356841684,61.07067879154043
20210521,2.1602556448576773,70.79425720588529
20210524,8.846723505625246,36.0833555795225
20210525,0.1020739564336673,50.80959555620126
20210526,7.323018902548779,62.35243472917043
20210527,-1.0198248931577214,71.81838320579124
20210528,-7.856835539855728,78.32115517627
20210531,-13.45567752149733,84.113105421021
20210601,-17.949406428251567,88.69122686174629
20210602,-7.770717202955173,89.08910918223489
20210603,-14.27910691553559,90.26835815601949
20210604,-19.410851578782776,90.66130886359028
20210607,-8.041285758776912,90.70709941165795
20210608,-14.576617896205798,90.46449158897737
20210609,-3.906764415245366,90.28216542769941
20210610,5.018007727930521,90.22146232554249
20210611,11.855517551824882,89.88466361563417
20210615,17.522082479318666,88.31694756367861
20210616,5.389728106472636,87.35645758682678
20210617,-4.066153102839831,85.40886563737406
20210618,4.885919000382954,83.52974703606901
20210621,-4.2455189937279165,81.97116883414049
20210622,4.822871867439082,80.70427002980342
20210623,-4.296866719910048,79.60692184395838
20210624,4.939241525092917,79.40415269634205
20210625,12.675102642120887,79.25266106052715
20210628,19.003002770151852,79.1234606753623
20210629,24.374774798062937,79.56792620502033
20210630,10.548659699311496,80.30338374436627
20210701,17.919387164058808,80.84250626475477
20210702,23.9749525705079,81.27227956518698
20210705,29.051886891835128,82.22555569173103
20210706,33.280201081290805,82.70983264157638
20210707,36.70468450464318,83.49376921394489
20210708,39.23327587699637,84.13900724836809
20210709,41.316917168687745,84.568825425445
20210712,44.06046853537282,85.65304121134002
20210713,46.570805344922405,89.02993530813272
20210714,48.53852771616876,91.7408381979694
20210715,28.110518238840648,97.55946531995153
20210716,36.602033493354384,105.17965189182034
20210719,40.63781786482997,108.83580013234632
20210720,43.79720863585851,66.90575320206449
20210721,46.39522638680675,76.53282259966979
20210722,48.458628037339885,83.85243879880746
20210723,50.20954508838174,89.6884224560265
20210726,51.64156196182741,94.4339586224469
20210727,52.84946424245426,97.36998049714657
20210728,53.90427367206395,99.89794928665172
20210729,54.855725193387386,103.49597758375076
20210730,55.5607443127575,106.37361660187369
20210802,56.99230047915381,106.36708325688016
20210803,58.10366158160582,107.47727394812918
20210804,58.58276493303479,108.32833023827413
20210805,59.290902661073524,68.23098875145645
20210806,37.323893755276494,75.91972392361524
20210809,39.636731084150654,76.54624927717533
20210810,23.050839754230633,77.23162903969083
20210811,9.439021553170688,77.86627237058377
20210812,17.3513933707839,49.27438771091514
20210813,23.807796911241518,54.66224861348507
20210816,30.48782621178495,30.530320615189027
20210817,13.8882891830744,11.022764349630169
20210818,0.2535997978546944,-4.969293413305509
20210819,-10.402418933988747,10.151325107194038
20210820,-19.212628084942335,22.575148060288793
20210823,-26.416322432400936,32.77911982883233
20210824,-11.50321472962972,41.18524861816427
20210825,0.729469297395294,48.5200195188938
20210826,11.438726000398576,54.544370693573796
20210827,20.25409070058132,30.304569127944617
20210830,27.25137687866399,9.787885998680974
20210831,32.919052215372815,-6.995991834079838
20210901,37.911623155579385,-20.750699268452284
20210902,41.79956447097972,-32.01958656238243
20210903,45.07192268939038,-41.43199105252975
20210906,49.13949856919551,-58.26273600334086
20210907,52.3008303968719,-72.20460042336052
20210908,54.56353413938743,-80.18719359404693
20210909,33.632191135182325,-43.79488702213059
20210910,38.22734945234014,-14.440670185049004
20210913,40.92391423933027,-33.57490077217005
20210914,23.81627589660462,-3.7649298460233425
20210915,29.155478538546166,-26.64429315470859
20210916,33.938894268069916,-44.24225200119885
20210917,36.81296771408887,-57.26193305431972
20210922,39.16078388543028,-65.62268386028386
20210923,41.43513715464715,-72.48418332678116
20210924,43.29243528788884,-77.98251986684218
20210927,26.01775559201408,-82.42777748570414
20210928,30.493321125648357,-48.154288389656976
20210929,34.32021231829388,-19.865191416731065
20210930,36.88778959750159,3.2239734481913396
20211008,37.53291495593873,19.90419398054764
20211011,23.309723923800465,33.52225775089954
20211012,26.471130466878346,44.24928138820375
20211013,29.94213952506553,53.529978779874625
20211014,32.27598452066939,59.47158900354612
20211015,34.10831105093704,65.19026332095048
20211018,35.737161876555525,37.81962616926307
20211019,21.379345951903233,15.221118037550225
20211020,25.851665605460568,-3.4041388245913624
20211021,12.780079074309457,-18.45531165748785
20211022,18.827709473474876,-30.695776215575286
20211025,23.85147337092109,-41.07810182646041
20211026,10.119442435953008,-50.281851022813065
20211027,-0.7658694356856036,-58.68412551333523
20211028,8.479632902691861,-65.37749049161161
20211029,15.824472687753746,-70.98587633171789
20211101,21.83274029546836,-75.42166484331307
20211102,27.120819317239008,-79.70294798323314
20211103,31.017958610513247,-82.4068991749436
20211104,15.273918544785182,-84.67634450235924
20211105,25.188495228926175,-86.32548590466034
20211108,32.54149610040894,-87.03865169826956
20211109,38.57186720341826,-87.70003271410408
20211110,19.612146663346678,-88.24812120079417
20211111,5.030377355835429,-88.3728256016577
20211112,-6.907716883601416,-88.54222501291069
20211115,5.263459867336847,-90.32064012653937
20211116,15.386995316781023,-91.71813670746508
20211117,23.656426118477665,-92.69035981691995
20211118,30.32100130455145,-93.56019023000724
20211119,35.62794777492183,-94.19315518417845
20211122,39.93757951859095,-93.85659451833843
20211123,42.052185888318256,-91.20787780001555
20211124,43.929704207853106,-89.13630051402322
20211125,45.46878989177409,-87.97211935077499
20211126,46.973895271761194,-87.05177955794552
20211129,48.07647833617453,-86.35415846837216
20211130,48.522597872934995,-85.99133104327547
20211201,49.26181929550459,-86.0491031188584
20211202,49.54401860300314,-86.05531669674379
20211203,50.213944231678155,-87.56214376259292
20211206,51.39575543911143,-89.4650584413911
20211207,52.41735774856563,-91.29539310194482
20211208,53.29483642865282,-92.7516862554991
20211209,57.00060333889288,-97.85234176279074
20211210,60.62329867048526,-102.1885475483758
20211213,60.889217412630906,-104.39399261021364
20211214,60.944787677558274,-106.77681939860557
20211215,61.027789337683394,-107.61554868704911
20211216,60.08967156407487,-106.76958544499026
20211217,58.879945792312185,-104.12149993737448
20211220,57.88964790259014,-102.49914373919931
20211221,58.31054425695588,-104.52581644381789
20211222,58.80166978365243,-106.59497531015165
20211223,58.87051616301393,-106.76166897243507
20211224,58.92745730071859,-107.1250533343365
20211227,59.04938996107833,-67.7045153853879
20211228,60.06863533214006,-35.36352601705125
20211229,60.86089973101018,-8.977693328871965
20211230,38.03956493081375,-27.281279230017983
20211231,42.01918617280222,-41.2968072864946
20220104,44.331878809772746,-52.39181502706542
20220105,46.224085482876795,-61.4598560390493
20220106,28.28146408657665,-68.22800697455945
20220107,13.871485741954709,-73.5962645757962
20220110,1.7126646340132636,-78.08656386364511
20220111,-8.746750143419133,-81.52382945715532
20220112,2.87823997044325,-84.13407391131229
20220113,-7.913895649616613,-87.77097820734465
20220114,-17.258280619680495,-91.69143219542995
20220117,-25.1265179155214,-53.256791379892995
20220118,-9.541122180765797,-65.29106515265644
20220119,1.5558495990078878,-76.03341970808309
20220120,10.427282996012316,-42.378808613215746
20220121,17.43229288250149,-55.815905765869715
20220124,22.708872369461346,-66.70196001280313
20220125,26.929091533411853,-75.57899198520144
20220126,30.409871648239,-82.9178691037348
20220127,32.69637423872855,-85.21921965970769
20220128,34.58532288970429,-87.16518111351265
20220207,36.4575178272408,-89.56294050068017
20220208,38.37124847161042,-91.60702046432021
20220209,39.81466551701123,-93.18366772535386
20220210,41.315656412622275,-95.12752384027053
20220211,42.52157806026188,-96.74621041741504
20220214,42.64711227187472,-62.59831771299312
20220215,42.87613868490591,-34.83430153288009
20220216,42.76287140277554,-13.619060056534542
20220217,27.24415906969229,3.3349668394016345
20220218,29.855409321040966,16.99504498198364
20220221,31.986324429878852,28.303181697248963
20220222,33.49314232410523,37.13049640673335
20220223,35.37719175851186,43.95075331823859
20220224,36.351073349062275,48.637427570083325
20220225,36.94343967141021,51.90045660334552
20220228,37.634161440414374,54.4490889137732
20220301,38.29163069301225,56.530252060426655
20220302,38.687294037823236,57.84578534924031
20220303,39.5928083874604,60.139565018992215
20220304,40.563787606929736,62.19162551785516
20220307,41.16904009742983,62.8164579626863
20220308,41.16445931395397,62.5574363276813
20220309,41.169108474928265,62.233840010725416
20220310,39.75425429847067,59.885198791233016
20220311,38.768073491924746,58.0675046303593
20220314,38.247614196529625,56.72325351694635
20220315,37.576596459959774,55.12828172080423
20220316,37.18548440550605,36.201267477015364
20220317,36.78221377932528,38.491625177862794
20220318,36.53479874162144,40.41670781498098
20220321,36.32996661509138,41.98167002300843
20220322,36.2127629302271,43.38100416573216
20220323,35.978232123633525,44.563295666442954
20220324,22.675067022427957,45.98451377102781
20220325,11.610069352212589,47.330773366481445
20220328,2.712348893860604,48.32437644345863
20220329,8.972040642042355,49.078280961608165
20220330,0.5289737727329845,49.94870539603982
20220331,-6.349609106787141,50.677377942630656
20220401,-11.978542658739302,51.25847297653164
20220406,-16.736834381089658,52.58152449242652
20220407,-21.32606383357289,54.969532142926326
20220408,-9.899226935579017,57.46580656403943
20220411,-17.771771001160108,63.25178365086536
20220412,-5.293766268871827,67.78378098178968
20220413,5.082219162260083,71.54097297133325
20220414,14.45226721979181,78.72805758347087
20220415,22.131253657876822,86.12870243498723
20220418,28.74488886224882,93.62085855816072
20220419,12.904629527808885,98.38813126498526
20220420,0.6658293705594707,99.92606383386432
20220421,-9.784433983865757,99.98969991818495
20220422,-18.449325360787174,100.5190539234061
20220425,-24.890429218681298,101.48598538752594
20220426,-31.139205516874828,102.00033846320741
20220427,-36.64596575707299,63.21056991211687
20220428,-18.830100225432048,30.980596713824742
20220429,-4.34549749094078,44.498006043538794
20220505,7.607451262635763,55.38400486139652
20220506,16.755298544906807,64.31983121976664
20220509,24.413810070713378,71.87548415686624
20220510,30.669269184903513,77.2196327519689
20220511,36.09781231003376,81.19931230945377
20220512,40.98339551803478,84.14571120054548
20220513,45.95856053537601,85.6659195031246
20220516,49.91538882978003,86.51887670930259
20220517,52.07969482541738,86.976263490628
20220518,53.82353404499855,86.76610827123126
20220519,55.59549266967159,86.69519500441962
20220520,34.79558052792841,86.54048564532613
20220523,39.774674880247936,54.241660707743
20220524,44.06487018025534,62.33559943811788
20220525,47.70897920936651,69.15918488513624
20220526,51.7771759216181,74.78582310902662
20220527,30.37785253685562,79.68529253900341
20220530,12.944125553497475,83.04252070710832
20220531,-0.8479838178440305,85.75682524167573
20220601,11.067057666419378,89.43314717248215
20220602,-1.977698375446679,91.78413105839209
20220606,9.453764009527408,93.69825975298272
20220607,18.62751581344801,95.43349680482798
20220608,26.045350426686632,96.93210948870338
20220609,32.36991823774472,98.44147620983912
20220610,37.10555993383844,101.29195583334102
20220613,19.056505699402365,101.52205879294998
20220614,26.425801304706678,99.41892457297642
20220615,9.870040683125158,97.69569511758718
20220616,19.239753188966045,97.23192629152679
20220617,26.620451481612886,96.61624129051286
20220620,32.77369533792087,96.25950997104523
20220621,37.690345481578994,95.93867155203645
20220622,41.734813427213034,95.72636489415441
20220623,23.19822030557988,95.55558732065695
20220624,28.803446716696733,95.15836208079062
20220627,14.366019457490287,94.59654490681439
20220628,2.5159387492650365,94.3547360159369
20220629,-7.144993869707421,94.1694461467101
20220630,-15.119609733355997,94.35638982495723
20220701,-20.64276706086223,94.44644885154081
20220704,-25.64745228652675,94.23720343676513
20220705,-29.44615590911613,94.19482773250591
20220706,-31.9076713722045,62.03807958663759
20220707,-33.85715228747831,36.399414440589666
20220708,-35.518390266156956,44.12603270404356
20220711,-36.97945502449321,19.42973049778759
20220712,-22.243377063170932,34.802606321744086
20220713,-10.186248543497696,9.646484732708181
20220714,-16.748822138349517,26.951198933089902
20220715,-21.349719525120697,42.094916921078784
20220718,-24.180486569469192,53.78681899691317
20220719,-26.502656350119906,24.651376946060008
20220720,-28.364312574348823,0.7870950459422157
20220721,-29.903317393746313,19.976022499412274
20220722,-31.21984485759127,-0.09546753299843941
20220725,-32.74241122691354,-16.989838529841688
20220726,-33.962986111886444,3.035262409811767
20220727,-35.02744053978172,-14.458456523726886
20220728,-22.245145649301833,-27.588233588754026
20220729,-11.666031730957327,-37.3344754205331
20220801,-16.086872283983034,-45.48382998284854
20220802,-6.562347067993712,-51.69836069889018
20220803,-12.58505237549833,-59.103119335893325
20220804,-17.510997438042768,-29.428381425734496
20220805,-7.139782259176034,-5.592589411219553
20220808,-12.82066807239386,-22.49487411355705
20220809,-17.184331113348303,-0.5198393607997526
20220810,-20.730265842875557,-19.075445956766124
20220811,-23.63410012709873,-33.878607070234686
20220812,-27.414740161473347,-8.562157555803504
20220815,-13.63898167622695,-26.2070381527394
20220816,-2.7540998756128943,-2.049636258895889
20220817,6.106000829941942,-20.703977688225113
20220818,12.790759863359161,-36.65291126850331
20220819,18.29306883354231,-52.33475117175543
20220822,22.767510359330448,-64.8227146430846
20220823,26.426528621523527,-31.06772857166609
20220824,13.867480211764738,-3.5262464698128904
20220825,20.295419818245872,-26.39461681301094
20220826,27.33162563203642,-50.00819796444398
20220829,32.52217219100046,-66.71299355528465
20220830,36.78919398965842,-82.3427107623122
20220831,40.34415274695326,-94.63065007932325
20220901,42.869062460422406,-102.83846503065844
20220902,44.97488969157636,-112.07408495831821
20220905,46.826871821698816,-117.04017899474086
20220906,26.678268657701597,-70.67980221286611
20220907,33.34956639002694,-33.6207498272522
20220908,38.03650607366226,-4.487782493674472
20220909,41.17099661668789,-27.084612318244613
20220913,42.38027550534372,-45.67222711422471
20220914,43.458362078770776,-14.558003007367008
20220915,44.348574647871864,10.753939461410544
20220916,45.68357829118123,31.671407388094803
20220919,46.77887424427172,3.253747846788559
20220920,47.85371884736016,-19.996544844540214
20220921,48.729938481965505,6.274575545604607
20220922,49.48995699030067,-18.116071580850914
20220923,49.88742040900989,-37.92589441064864
20220926,48.54858704276112,-53.04850795124361
20220927,47.78908839378549,-66.54048326736836
20220928,46.90289621262445,-77.70242846817143
20220929,45.894874148279015,-41.443834065897086
20220930,45.42513934204675,-10.293669425555057
20221010,44.666917129193365,14.827437231303124
20221011,44.00163818330193,37.117216476121804
20221012,43.396893905244426,55.97906029945951
20221013,42.875439640012026,73.07898657812075
20221014,42.57317272778357,88.93546344651351
20221017,42.24561398204174,100.66287572197699
20221018,42.67129663987572,110.21243928450696
20221019,43.152037067635355,119.580745404302
20221020,43.531104670452365,127.120210293992
20221021,43.899080896583826,134.05397057164717
20221024,43.29404393475748,134.4088702758859
20221025,42.784841891788,134.7142217874174
20221026,42.336127642519806,135.0116777959165
20221027,41.878018651275745,135.27010107826288
20221028,41.63491977379367,135.76604736782966
20221031,42.685973862633084,138.2825483728193
20221101,43.130661663460074,140.28037073222885
20221102,43.8999543594009,142.00336306951627
20221103,44.7285047944554,146.25632588775818
20221104,45.36696246398585,150.0984678074667
20221107,45.988432566228056,151.47170654139296
20221108,46.464981367958,152.55849318935154
20221109,29.746121494577984,144.36406566800082
20221110,32.81170028547052,137.6764004624745
20221111,35.229772536492945,131.81289353068976
20221114,36.86040682661161,126.45539394042635
20221115,38.118557293364354,122.04587436587272
20221116,39.13421780459481,118.44723055234155
20221117,40.00394682762584,116.14622089027274
20221118,40.50775316091132,114.34714559763056
20221121,41.613534102201434,113.86277413848973
20221122,42.52321562490508,113.41659041899139
20221123,26.280057105635983,113.05225006273255
20221124,30.047203156946697,112.85933078616863
20221125,33.09745079669296,112.71758395062461
20221128,18.40292351522885,112.92028984142203
20221129,24.173386663875416,112.73368544885344
20221130,28.874648191035863,112.4644430926264
20221201,31.88306542265563,112.57812844378863
20221202,34.10621086587956,112.53011324227879
20221205,36.27911792244227,111.36694400071283
20221206,37.37738648802324,109.15539116688464
20221207,38.91869601930024,114.18050132423915
20221208,40.104377361368044,117.9878733557806
20221209,40.99413683545121,122.78065372640006
20221212,42.49194295796909,128.93216315776925
20221213,43.93365919361155,134.41664062518237
20221214,45.12794802157559,135.59112626195443
20221215,45.37892224442405,135.05192739059507
20221216,45.45927760868382,134.17490300538586
20221219,45.75057433648277,133.20439589619193
20221220,28.888761414424298,132.42610343421833
20221221,31.646005646708982,130.01574110479328
20221222,33.887435735574854,128.28533512243723
20221223,19.765879930232362,126.03633550029392
20221226,8.175807227249301,124.19444349114684
20221227,-1.277180745520191,122.84846003559626
20221228,-8.960218142853941,121.75377094041185
20221229,-16.09492470645651,120.90914867410392
20221230,-22.26474784741799,120.32838918333323
20230103,-27.296889044974662,121.71079337126625
20230104,-12.400634040612111,125.16488410073941
20230105,-19.03364264741255,127.96607700650027
20230106,-24.48315351450524,128.69751338271402
20230109,-28.89349003717058,127.36613851001779
20230110,-32.410707253773566,126.25652381348765
20230111,-35.11955386951325,125.31932390259554
20230112,-37.546705056926726,78.4065302558064
20230113,-40.037527412268076,90.32934688549452
20230116,-41.84974669605721,100.90402619130896
20230117,-43.316740660712675,109.97619030592502
20230118,-44.517570786888236,117.15658189015522
20230119,-45.67560914188571,125.87952885509529
20230120,-45.725295540196484,130.6077981688185
20230130,-45.63978812467724,137.3174562225825
20230131,-45.52859481054564,139.51597504561892
20230201,-45.54675083379472,140.9093945424683
20230202,-45.316162574096516,140.95035678459882
20230203,-44.92983278562998,93.9894714128297
20230206,-44.13567268095823,57.86450214784681
20230207,-43.54041732498561,28.40779620744628
20230208,-43.078218146844556,4.027121838388543
20230209,-43.08274838990012,-15.918404004144142
20230210,-43.0163440823358,-32.321357486287354
20230213,-43.36347186598692,-46.85801621220232
20230214,-43.725644940977084,-58.74976626776909
20230215,-44.2162435624754,-68.51674923048118
20230216,-44.657976379175395,-76.50824493910073
20230217,-45.02063002478131,-83.01608732402421
20230220,-45.42106246903466,-88.33893002301774
20230221,-45.73833114081563,-93.02461936743526
20230222,-45.93683926356184,-96.65904108870501
20230223,-46.78523131480717,-99.80154150588743
20230224,-49.03836218686346,-103.8128046959385
20230227,-50.79090316155985,-107.08407439512551
20230228,-52.30854901386374,-110.4679025798689
20230301,-53.291702912654905,-113.57396630219239
20230302,-54.810188388643205,-117.93694223368524
20230303,-56.432905402330164,-125.12378582162233
20230306,-60.936934987430746,-137.93252626618852
20230307,-64.5113683308193,-149.36138568459705
20230308,-63.875882265163895,-150.66052336225644
20230309,-41.14784650620017,-151.85204996338086
20230310,-45.18227699300537,-153.19722242102
20230313,-46.756315670938825,-152.89869194267146
20230314,-46.98286731567098,-149.3126821814264
20230315,-47.268298984853544,-146.77713418156137
20230316,-47.483641471922866,-143.60781175716917
20230317,-47.761419740479866,-141.54323997364668
20230320,-30.150711489371723,-131.73285596870457
20230321,-33.57616016313583,-123.05385272478748
20230322,-36.38872155079462,-86.86113654961142
20230323,-20.816569309560244,-84.94147966245264
20230324,-26.014630797166973,-83.34945959527057
20230327,-30.63431660443103,-81.83017428635453
20230328,-34.34954654265649,-80.37639944914768
20230329,-37.49280507739856,-79.1852313696482
20230330,-40.06123258770243,-78.2712976930117
20230331,-42.15409267421064,-77.51646538391414
20230403,-43.68838111538535,-76.12823596229963
20230404,-44.98656867435546,-74.70450313091372
20230406,-46.89886203303409,-73.81689209175676
20230407,-48.556916185000155,-73.10355541050964
20230410,-49.37930472648423,-71.97598424406411
20230411,-50.853395462826214,-71.14358121976788
20230412,-52.930059298151434,-70.6227671113073
20230413,-54.69950877224081,-70.18949847005292
20230414,-33.44346730503187,-69.96318280695256
20230417,-37.653691660005485,-69.28725288386426
20230418,-40.8312458590595,-71.90793429607075
20230419,-43.42805291917901,-43.242391732943545
20230420,-45.51562414726815,-18.257548084757403
20230421,-46.919388602819275,-32.12349225000656
20230424,-47.96844941209358,-43.59475763774724
20230425,-48.84762459450623,-52.76101501495954
20230426,-49.578274212380464,-60.460954193895084
20230427,-50.18252342507364,-66.80561053591587
20230428,-31.26457065145584,-71.44842950944611
20230504,-34.767483837208935,-72.56222003574275
20230505,-37.73378768492912,-74.49106128956282
20230508,-39.851199176266455,-75.54073131506794
20230509,-43.33341089872125,-77.48727562520938
20230510,-24.672667264631304,-79.01803510084883
20230511,-9.78392339780755,-81.09960254981752
20230512,0.2629511158181222,-82.41591706975291
20230515,8.807683041325365,-83.90459569005405
20230516,-1.3262400054663568,-85.06181426172078
20230517,7.86984534458773,-86.02901211623802
20230518,-2.705543985463831,-87.7467627879495
20230519,-11.384059687240772,-89.16104888195407
20230522,-0.15904438047694808,-90.1988224895773
20230523,-9.407621052316914,-90.87312288707295
20230524,1.6489033644435882,-91.45748132131003
20230525,10.593508114734666,-91.84749407768766
20230526,-0.7640300400715504,-92.43660581424014
20230529,8.55209741004429,-93.02662657657024
20230530,16.18132350997738,-93.52396067205751
20230531,4.545691861474514,-92.85500969995084
20230601,13.201851756805535,-97.93644945175431
20230602,20.4584762456403,-102.61443491250036
20230605,26.260383535354656,-106.86956375726714
20230606,30.941585796769882,-109.47725777078105
20230607,34.84462812613821,-111.83544055845486
20230608,38.303580057338635,-113.27020209733837
20230609,42.79580056628117,-113.93673413692491
20230612,46.31143813084798,-114.7720063305767
20230613,49.65952477288144,-115.4586862300995
20230614,29.264471876911937,-115.72772075539018
20230615,34.447056941629505,-114.9820657620486
20230616,38.36778029264801,-113.84590135703576
20230619,41.56364723163385,-113.10108304735681
20230620,44.316643549691996,-112.76868918281251
20230621,45.516686705620835,-112.54208264084272
20230626,46.532081335975576,-112.57867740258457
20230627,47.29059542322532,-113.10222567216917
20230628,48.007322017778904,-113.26486598214595
20230629,48.69722551744237,-113.49016541463173
20230630,49.72519335300622,-117.30054867977464
20230703,50.44765437562636,-120.31966598259899
20230704,51.23816855560775,-122.9974815008735
20230705,31.519470700936505,-128.87617668825837
20230706,35.89488750202106,-135.42899601712938
20230707,19.79000693838937,-140.80600812098237
20230710,25.625184123563756,-146.51158520837296
20230711,31.949808956024672,-155.76327247297655
20230712,15.129466894000435,-163.35294658454552
20230713,21.678902253095295,-164.67899717103086
20230714,8.329841825079601,-166.3794183357072
20230717,16.839225187309914,-172.3929864516105
20230718,3.4438410957511687,-180.8158817536766
20230719,-7.2324532560092765,-178.77749368310822
20230720,-16.000692633977838,-176.8842880034126
20230721,-24.37099077303034,-174.51677070074177
20230724,-31.595665180550768,-172.77154061658808
20230725,-37.42438229343717,-170.00075227575937
20230726,-42.345427212110366,-168.28259909149978
20230727,-46.392183501942334,-166.82251257864954
20230728,-48.05607669631662,-163.0917389067211
20230731,-49.55308559816496,-160.02459675050017
20230801,-50.60111522482243,-157.27090641211063
20230802,-51.37051638851756,-154.9821300915526
20230803,-51.26610511962858,-152.35176128110953
20230804,-51.66922679041083,-150.2505541150357
20230807,-52.182265354703105,-148.5400282860071
20230808,-52.620980836305044,-147.13660745532732
20230809,-52.9556973025036,-94.79946553993321
20230810,-55.45430350967092,-105.3632015469556
20230811,-57.39959833372476,-58.16975800735778
20230814,-34.81475950046103,-19.262207703313234
20230815,-16.371986741081546,13.052076787389442
20230816,-0.41632655369493776,47.916110974462015
20230817,12.688358621608161,76.46791356449778
20230818,23.69713178175605,101.31765123198811
20230821,32.55584801213183,119.69465388272218
20230822,39.19638937249581,136.7466670853919
20230823,43.95173511265698,151.4881920960307
20230824,47.53757467548976,161.92594755153496
20230825,52.51512198058554,175.55861940223437
20230828,56.559320031688266,186.83757834607118
20230829,60.47698393556178,196.19622328616717
20230830,63.42553093382343,203.01762425014047
20230831,70.26462678862167,211.80826879289677
20230901,76.16772492755695,218.8918705693068
20230904,79.80050697222973,223.60201038918441
20230905,82.32757384002419,227.53446489711592
20230906,84.72539290704358,230.17830975007965
20230907,85.72565958365668,235.7607629932625
20230908,86.94640296389849,238.26795258096612
20230911,87.77765107122832,239.91775188779414
20230912,88.31193455561652,241.31508569727734
20230913,88.77093285453117,242.7517049058205
20230914,87.56699076564233,236.83587218564176
20230915,86.84920007569374,230.972422529627
20230918,57.30581774187207,223.73971565576522
20230919,61.01769207311302,217.1158606842441
20230920,64.947285188981,211.61668412688192
20230921,68.64159895277488,207.55240821802178
20230922,70.85468874909456,205.38675863170766
20230925,72.59462223681983,203.6406291510639
20230926,46.17582920875554,201.85988380529565
20230927,51.67288781866933,196.26065471026396
20230928,28.787931676788364,183.90560037285562
20231009,11.20720756425551,128.84355580106126
20231010,-3.305378896380285,84.38073947532828
20231011,-15.300714284742227,47.96696271959036
20231012,-24.758116856575988,19.230753421007478
20231013,-7.723809348355272,-4.096628510001362
20231016,5.373608235737545,-21.30939613102116
20231017,16.20837567704264,0.26754076325390197
20231018,24.81460250562685,17.090871509991945
20231019,31.828269773431273,30.51842291499504
20231020,38.541255064533665,41.18439618381679
20231023,44.02109819890885,50.0935591651955
20231024,49.25033714741501,57.59572793028753
20231025,53.620854041128695,63.812417837453644
20231026,30.469452503165297,68.7513266637089
20231027,11.460529488689271,72.8121114386862
20231030,-4.904091547654433,76.14654847973509
20231031,10.30495968612771,78.88757997116157
20231101,22.7731478472663,81.02225987000594
20231102,32.360019744967616,83.36350997567617
20231103,40.68074784236026,88.39007645019115
20231106,49.70875201509537,50.53173697536092
20231107,56.68741002209741,64.91858573239051
20231108,31.559872611555782,75.86924661544562
20231109,40.974895932228506,84.13822986060583
20231110,48.356425090847594,90.69561325544052
20231113,54.82546658614707,98.97718304390061
20231114,59.71534713996956,105.99928354997981
20231115,61.318747190643506,114.0661248574911
20231116,62.66482870060535,122.17712374154793
20231117,63.75267780252039,135.60975085675074
20231120,64.45468808114101,140.19060135804207
20231121,65.02754697578294,143.89924201532367
20231122,65.54795168201312,147.02209655261422
20231123,66.0631290266511,151.77396606389686
20231124,66.49428113940806,155.70673225428797
20231127,63.65785538776739,154.95888318598796
20231128,61.34686595035276,153.89744732215345
20231129,60.003321677362834,151.109490982749
20231130,58.97812871756897,148.92475353069227
20231201,58.211738562159034,147.15074468989908
20231204,57.662926937613605,142.94090224729425
20231205,55.75133210596047,136.71622383232136
20231206,54.40651538432035,91.85993277559135
20231207,53.301426379344846,95.75392123989012
20231208,52.412257219751396,99.26788998311892
20231211,51.291234204242315,61.03730184948123
20231212,50.41433266095193,29.791830256139267
20231213,50.372532408491615,4.106639021711375
20231214,49.28953382820635,-14.35490875991328
20231215,48.40440007374401,-29.50852670399824
20231218,47.73850707497341,-43.37773071524685
20231219,47.19111050987799,-54.816375969840955
20231220,46.73361107554039,-64.2661482079564
20231221,46.34907716910604,-72.06675748163849
20231222,46.03793376388665,-78.26496988605173
20231225,47.67073264622407,-84.05278501521191
20231226,48.963080204157734,-88.84881794413177
20231227,50.017944181775036,-93.4850867302517
20231228,30.874348564158808,-97.25537463191642
20231229,15.508462504164376,-99.90371480261823
20240102,22.305474391442985,-104.12694525556337
20240103,29.63349323338722,-112.59298659812356
20240104,34.882632542616754,-119.00701494223692
20240105,17.958456089128035,-124.26367293093546
20240108,3.9847642739237026,-128.43441099866706
20240109,-8.839942685481658,-134.1619438433562
20240110,-19.267117651233093,-139.23874026302937
20240111,-3.604544677134794,-143.75381139861284
20240112,14.41266337630176,-166.28995556015605
20240115,27.630030000316218,-180.8500078319753
20240116,38.38166361989473,-193.0931755890684
20240117,46.67204794981193,-195.68540619268612
20240118,53.65698039364644,-197.72543976412803
20240119,59.74214088651541,-198.50007842895008
20240122,61.88068976043016,-200.66165107774953
20240123,63.04410058440625,-203.12860634533473
20240124,64.04514223396909,-205.32917398977506
20240125,64.63655663325959,-206.9756787685191
20240126,65.02454118813924,-207.05023549137044
20240129,65.91018064785882,-207.99089207461716
20240130,66.85845437827071,-130.26166314814506
20240131,67.92452117026683,-66.82015766549304
20240201,70.37407962695062,-13.969719953281007
20240202,72.47059874156614,27.847542444110424
20240205,73.14866416515831,57.98124487619474
20240206,73.62003884388788,82.59976808634936
20240207,73.89160361290232,102.59662416708676
20240208,73.93090929966495,118.4704613412585
20240219,72.37692935118444,129.25838841948416
20240220,71.60245017240926,140.28319589149436
20240221,70.96597930851762,149.2993804290618
20240222,70.74282092151736,161.2343084602863
20240223,70.30658077771938,170.8582497525139
20240226,69.888487867324,177.1732652982886
20240227,72.77071217411161,183.29126883548528
20240228,75.63339729118186,188.28310892096349
20240229,78.12932340517568,192.47603145725094
20240301,80.14335402128552,118.5272063940258
20240304,81.04313074720199,66.68860477812012
20240305,79.81407143761417,29.20382317275231
20240306,78.89120344818195,48.63242453551325
20240307,78.15429854317676,63.02647710014611
20240308,77.67635493068217,28.379930609999125
20240311,77.258637809033,0.02479369586731951
20240312,78.27091394468823,24.512727912822324
20240313,79.3824053990504,-4.311350091157629
20240314,78.92000919944391,20.823294658058042
20240315,78.4835658505207,-7.287841531246937
20240318,79.5853830789111,-29.349450218337804
20240319,80.52026013799616,-47.58798777326605
20240320,81.28251779885977,-62.59864009709765
20240321,79.58046779921827,-70.60826683526797
20240322,75.80386987356334,-76.46668512259167
20240325,72.70537603355172,-81.28834892869507
20240326,70.2886660192162,-85.32936438740185
20240327,68.39262850051166,-88.77344926903336
20240328,66.83632113443191,-91.53762132515253
20240329,65.40395469013347,-91.08391844886098
20240401,64.34646643463982,-91.21599690270409
20240402,64.05677882961437,-91.98951367179767
20240403,62.107748362982626,-58.484049988017574
20240408,58.534514292224856,-62.33131587280169
20240409,55.62126513247609,-36.44212581114302
20240410,53.290461293792966,-15.267568210353856
20240411,51.296730254640615,1.75011466031396
20240412,48.97307927129834,-11.101271997324298
20240415,47.06523880420617,-20.784403641567096
20240416,45.34163014686247,-5.294247171107798
20240417,43.97516815862666,-16.53332555405949
20240418,42.932887096457165,-1.5719452551540833
20240419,42.021631799927235,-13.304160925819215
20240422,40.74191940586155,0.39360653168101434
20240423,39.74601231173834,-9.618903577228773
20240424,38.87709161776552,-17.714124852752267
20240425,38.151494091347864,-24.306945946056974
20240426,37.55981738961673,-29.673802489556042
20240429,36.948818782612925,-33.96201888364344
20240430,36.38013077148552,-38.03228168632273
20240506,35.912724907052635,-41.28281066701344
20240507,35.543889419526714,-43.93851227571162
20240508,35.6679364085054,-46.348810930111846
20240509,37.22475582283744,-49.64920729111003
20240510,23.264962042388163,-51.04911141510384
20240513,26.08010760530689,-52.12944127150665
20240514,28.4084342195335,-53.03417021203402
20240515,31.656918987205906,-55.435915629725436
20240516,33.69539940873391,-57.44582207027716
20240517,35.40758090942898,-59.184580884899255
20240520,34.52586766433508,-59.13486187778551
20240521,33.80278205420289,-58.84889195995617
20240522,33.21408863521662,-58.649310508965165
20240523,32.39878790426825,-58.01635048281578
20240524,21.01717760600147,-58.48854033068282
20240527,11.682171335886391,-59.133298632716475
20240528,4.1053400010716885,-59.6673838222339
20240529,-1.9714900916035356,-60.140229836673726
20240530,-6.668251280038848,-60.36980732092832
20240531,-10.555198180691647,-60.53825140769846
20240603,-13.40723388661202,-60.55092996596532
20240604,-15.724121560992435,-60.43345204938002
20240605,-17.309725615328787,-60.28724178383248
20240606,-18.497875292031186,-59.76295034840771
20240607,-19.55219959069805,-60.56256461619787
20240611,-19.881461167857662,-59.388069234206064
20240612,-20.145646671679525,-58.38784658690267
20240613,-20.36041464851778,-57.68423213188078
20240614,-20.58700090473886,-57.298791686999984
20240617,-20.778934568618176,-56.97445553875905
20240618,-21.632418401975805,-58.16578994207844
20240619,-22.330485422039054,-59.26325487857752
20240620,-22.765624920184205,-59.92843463801728
20240621,-23.48037317035209,-61.97112478129511
20240624,-23.939047888191254,-63.15193410875174
20240625,-24.33837329527987,-64.12646710892722
20240626,-24.74758665861117,-64.81854585190824
20240627,-25.328064167661722,-65.48793456832705
20240628,-25.862464142101576,-65.84943772859181
20240701,-26.300223380322084,-66.22592220452665
20240702,-26.874245598973715,-66.80270924069345
20240703,-27.27885373998005,-67.40124517562182
20240704,-28.01795793056959,-67.90104573186319
20240705,-28.94742728753115,-69.16663445903232
20240708,-29.893397799632023,-70.186521830519
20240709,-34.00699921003516,-79.08115891630982
20240710,-37.376167489092836,-86.56133184664401
20240711,-40.14658236512956,-92.59022392942722
20240712,-42.24380145286939,-97.29419227733896
20240715,-43.912674174945046,-101.08259228990924
20240716,-45.31462391094444,-102.75967498482392
20240717,-46.41777448152885,-103.11603281027506
20240718,-48.44204435334072,-103.83113647906472
20240719,-48.18535078089618,-98.84826751874044
20240722,-48.636327065344545,-96.06279797801146
20240723,-48.94078282519153,-93.58942460333816
20240724,-48.99947045496117,-91.18883206708695
20240725,-46.423964773263194,-86.8227402526955
20240726,-44.49124774746285,-83.58596274796754
20240729,-42.85328898477948,-80.80936256862648
20240730,-41.56724142819356,-78.54039459280575
20240731,-40.51452328406847,-76.61893220745492
20240801,-39.64352424467867,-74.93304515082708
20240802,-39.00475859825192,-73.5004908674305
20240805,-38.18142605615521,-70.80058146411471
20240806,-36.98439261078384,-68.42004581436456
20240807,-35.93949726061221,-66.49132519014974
20240808,-35.14621739789227,-64.94845343555086
20240809,-34.25691307796168,-63.60421368090053
20240812,-33.3930253209288,-62.36643925699639
20240813,-32.72992191933004,-61.508905187645496
20240814,-32.175955198374155,-61.10211307899866
20240815,-31.710827581299256,-60.76915680728893
20240816,-31.583433213165414,-62.27446067710028
20240819,-31.327791994587493,-63.19702322671275
20240820,-31.08202719163716,-64.05824377838643
20240821,-31.023987924521073,-39.634873221504975
20240822,-32.6494675113933,-16.625203428858384
20240823,-33.96867176219115,-29.271673505479026
20240826,-34.77178750967666,-39.667212242356705
20240827,-35.445821406099384,-48.159376253853786
20240828,-36.05807107335672,-55.34940229080678
20240829,-36.589151570373346,-61.62370143826399
20240830,-37.018460909574046,-66.93253188181043
20240902,-37.2049004997589,-30.617666856624016
20240903,-39.15431264380436,2.960211344259991
20240904,-40.219519126184245,28.35622409664819
20240905,-41.09387652115045,48.32046882013882
20240906,-41.87353882359362,65.93335244530047
20240909,-41.65806476927655,79.7777263150031
20240910,-41.40270990820041,91.18948433230862
20240911,-41.00515588492056,100.18870777797521
20240912,-40.68881110748654,107.64152848829634
20240913,-39.7998244498502,109.75473375228711
20240918,-39.29550674661927,113.043262929942
20240919,-38.97590694468163,115.62667277438582
20240920,-38.673446108059096,115.81474034357872
20240923,-38.41025951626422,115.6532052998797
20240924,-38.16586474979027,115.74041428463758
20240925,-37.765859897654465,115.70186404479628
20240926,-37.41570838103917,115.72053090679645
20240927,-37.29874352108843,115.7900408425169
20240930,-37.14149132544121,115.31484973157994
20241008,-36.89333910248748,73.68561844044419
20241009,-37.15132373800764,79.00152328465933
20241010,-37.36229156618638,83.30324325084692
20241011,-37.722349648347986,86.72238903213508
20241014,-37.97711416145854,89.14429779970632
20241015,-38.22895313999424,91.09442852821908
20241016,-39.481117253992345,92.68475549926421
20241017,-40.325809462494384,94.12471346786819
20241018,-41.12147842059694,95.13065115715465
20241021,-40.208864911923406,95.73648628218918
20241022,-39.90507007284195,97.39053717239085
20241023,-25.647535509600534,98.95840734262671
20241024,-27.77473320087641,98.93895155528905
20241025,-29.405291873199715,99.56153530245987
20241028,-17.30411289102128,100.33582694795636
20241029,-7.40229866661186,100.84679266978718
20241030,1.1315889444922727,100.80392666917339
20241031,7.824602526743503,100.19342942254478
20241101,-0.20444582930874666,98.58378563445419
20241104,6.482181498867114,96.979988980999
20241105,12.098964942417338,95.68488278911887
20241106,16.593191357400105,96.52589119859269
20241107,20.202003118805095,93.56458845732095
20241108,23.333928232269944,91.49820515599761
20241111,12.218005913585262,90.23025373003475
20241112,16.52550103354178,87.69164480766653
20241113,20.234503026322958,86.54867017603833
20241114,23.009854470907193,84.27849635472552
20241115,25.267871200045075,82.79502708578099
20241118,29.39608155429315,81.39509545137317
20241119,32.35221979990338,79.19195125500399
20241120,34.78713174933789,77.53110206245806
20241121,36.73241068689342,75.8268911617722
20241122,38.38922555952131,73.93462881530812
20241125,39.63705312962577,49.05598152448813
20241126,40.78354567402771,51.43406151933454
20241127,41.62169743400581,53.470802492858226
20241128,25.741031453268157,55.127408848366734
20241129,12.954940691893706,56.364730411104425
20241202,2.54799119223828,57.311708766261354
20241203,-5.312398240175215,57.83155881401075
20241204,3.5515622066571013,58.25560745908091
20241205,10.899502175395845,59.61222174274991
20241206,16.955066392736,60.79685567359262
20241209,21.91964056146254,61.691725960757736
20241210,26.56059597514543,63.31158266430687
20241211,12.980214716897535,64.48106421834844
20241212,20.30063909588151,67.17444669205182
20241213,25.2754588498957,68.74609664997361
20241216,11.939233284551424,69.95250446645711
20241217,18.8338576931548,71.90081208213435
20241218,24.528020299199177,73.48266111336417
20241219,11.47689497118269,75.1763293483758
20241220,17.9507227805226,77.71346042413867
20241223,23.15283454481278,80.28449802972355
20241224,27.45831384842987,83.8744665101935
20241225,31.07932901507936,87.59472323385009
20241226,16.43006691900958,91.00567576081293
20241227,3.8081417237953525,94.7905613472875
20241230,12.960791563682877,98.85577116658283
20241231,21.77915448787368,103.87505912152868
20250102,28.116192748343067,106.99881084746912
20250103,33.29103266892122,108.60459380445077
20250106,37.516615932568314,109.78972275439146
20250107,40.51130200595432,111.08097676856956
20250108,43.45606638815301,112.01268740740097
20250109,45.84993141887975,113.50666617401818
20250110,48.0548831697243,114.86027989844209
20250113,51.53634761986279,117.75046551989344
20250114,53.19154242267648,120.73213530312185
20250115,32.75522008783502,122.89859908631419
20250116,36.597832579362695,124.69824009087819
20250117,41.02847327963823,128.77991473667822
20250120,44.657448868907885,131.82031300671446
20250121,48.34196956509032,136.67016598492364
20250122,51.34964949066085,140.02023164387992
20250123,53.38254403039789,142.73312117230594
20250124,54.947292174164936,144.82352085651544
20250127,55.87549621165295,145.97283773365294
20250205,53.304304701207066,134.04519775234292
20250206,51.278114114316615,124.09933183832521
20250207,49.81635313770206,116.0246036813481
20250210,48.61747316080541,109.030660039807
20250211,47.51699669585291,103.54727947334693
20250212,46.76859999607415,98.58869133605286
20250213,46.12737207033251,94.5310847198308
20250214,45.121170009531454,91.21478542557875
20250217,43.73746064805514,87.02272194428994
20250218,42.6075667182101,83.50917805681458
20250219,42.053454487974534,81.04504412980683
20250220,41.63267948680872,79.02952666791187
20250221,41.552286543918584,76.92919022323223
20250224,41.50840617008826,75.20941448158887
20250225,41.463868669986645,73.82396722118663
20250226,41.26711383045608,72.28291517329154
20250227,41.1106068864908,71.02252779020823
20250228,41.05191471358526,69.74326497558002
20250303,41.02309516542065,68.70597285414978
20250304,41.09943565090185,67.85055886786813
20250305,44.78862110798159,71.99210871002967
20250306,47.757818832870456,75.438160643014
20250307,50.1905189646954,78.22115243584548
20250310,52.18091582818458,81.92796290071159
20250311,53.95413324324718,85.64788145251975
20250312,55.22345967181811,88.99930664288333
20250313,56.24973975933698,91.40013072502332
20250314,57.11194437330924,91.56178983360941
20250317,60.62030808687754,94.70964813085196
20250318,63.6412708473297,97.55590295471546
20250319,66.24100633951983,99.44623089415965
20250320,68.29807934010786,101.03024105240938
20250321,68.73559976180599,102.97468260933061
20250324,43.423319100472135,104.55262557417525
20250325,48.685574767276144,105.84620053044027
20250326,53.43947712734949,108.6772828019255
20250327,57.35641196325764,111.55558710394062
20250328,60.243820647581174,112.0877359846243
20250331,62.530064152735406,112.15098534260461
20250401,63.90582043723035,111.96140053922478
20250402,64.93676921997138,111.31192202404696
20250403,65.17062253423131,111.0696538538849
20250407,47.35807387398595,104.10151445704801
20250408,44.671689825345254,98.3947147544265
20250409,42.443522354340764,93.69502402872415
20250410,40.383194481496076,88.72717062090375
20250411,27.361268041688895,84.2532614803415
20250414,28.25132760966242,80.85802204027513
20250415,17.278940732387156,78.07427384618859
20250416,19.94263658822645,75.03510474840478
20250417,22.103018721745123,72.54717265787845
20250418,23.871181690039794,70.5180740057764
20250421,25.379982089211584,68.81917042950447
20250422,26.59570402496056,66.28577876648576
20250423,27.58704401532153,60.798026890176715
20250424,28.41848748688512,56.30108474210708
20250425,29.098148137270233,39.565504388732506
20250428,29.708539088243395,38.86072150326837
20250429,30.18959505126711,38.29603429193023
20250430,30.598907693169046,37.80810373459291
20250506,30.9171494588818,37.32978149624622
20250507,31.236055767006178,24.14810848712817
20250508,37.22578393688354,13.057180353240364
20250509,18.806144344681314,4.00708729959572
20250512,27.080178070696697,-3.1564422054053494
20250513,8.19580243074036,-9.171562178985894
20250514,-7.024195155119734,-14.183751716964588
20250515,-18.29209845892592,-17.958400997996304
20250516,-27.289531667898665,-20.92497115611098
20250519,-34.889455632909026,-23.56922311409249
20250520,-41.180034750760505,-25.7937629330773
20250521,-22.68670549678399,-27.15309357015298
20250522,-29.78401159649812,-28.39657624404554
20250523,-35.73513636846244,-29.95555900570044
20250526,-40.614530336427,-33.574869135639844
20250527,-44.81873142405131,-36.636219105574035
20250528,-48.258511249738916,-39.16952956099163
20250529,-51.56930050194923,-41.215281168282935
20250530,-54.3704728449699,-42.814411729479446
20250603,-54.85488418579567,-43.88908362907858
20250604,-55.29751481646807,-45.230183017819705
20250605,-34.826055908944504,-46.42577171958336
20250606,-19.83977169382198,-47.733747325709416
20250609,-7.558448248905723,-48.65410627125648
20250610,2.4603555826345582,-50.06569057633045
20250611,10.680142316150803,-51.28195513511388
20250612,17.325407205880413,-52.28538884302976
20250613,23.575656020023246,-55.280453058178
20250616,28.744386014730942,-58.20064927854341
20250617,32.95359583268012,-60.17420271125366
20250618,36.284541837255695,-61.832508352390725
20250619,38.434230491006545,-68.23692216578259
20250620,39.7680464725133,-73.39315284370782
20250623,24.252523005162537,-77.5043634606654
20250624,28.08938093224976,-79.81647821879541
20250625,31.315319283829506,-82.04759698670962
20250626,17.304737585960066,-83.85846128471863
20250627,22.472931577743587,-52.01790435772135
20250630,10.10014160159336,-25.18865114094635
20250701,-0.749192918134216,-2.3550989905179827
20250702,-9.528783675498378,-20.179704325573404
20250703,-16.268379999251007,-34.310149683436286
20250704,-2.0677372609157123,-45.64122513373534
20250707,-12.953952923925335,-55.48175195863891
20250708,0.5875297868974431,-63.12630573097843
20250709,11.587024038338388,-68.3386321546412
20250710,-1.8265537280108886,-72.81390092158198
20250711,-12.47151006269702,-77.95346970971862
20250714,0.26582111800253105,-81.00064241842378
20250715,10.690029882796878,-84.13656024148077
20250716,19.8086834888597,-86.54231826094164
20250717,29.215829270921287,-88.72399823810176
20250718,38.27341226066834,-90.58507292649222
20250721,46.07000873098886,-91.87345119138669
20250722,52.1512359613025,-94.39008129829273
20250723,57.040261885081456,-95.5286965935613
20250724,60.15124057467688,-93.75590986773396
20250725,35.70533535208009,-93.16861308302127
20250728,17.217144847962697,-92.6088064986823
20250729,26.065984946628532,-92.94068631734095
20250730,9.109486653340644,-93.12556967865343
20250731,19.653068254422248,-93.56610855763562
20250801,28.005781986393583,-94.12481395446646
20250804,34.47173671173611,-93.508413250447
20250805,39.81376061959579,-93.25669453903069
20250806,44.030631133331845,-94.50661296493703
20250807,47.37758713533342,-96.11323145512655
20250808,50.47615278034209,-97.35186385447625
20250811,28.855864215334442,-98.08886001678236
20250812,11.172920630037533,-98.52089184116203
20250813,21.34703507467017,-99.04951764569003
20250814,5.274154306871626,-99.47291448950118
20250815,16.66127982113746,-99.68068471675949
20250818,25.866012740130095,-100.17938272778078
20250819,33.83420363103241,-100.70781014955558
20250820,15.168445120925465,-102.6173531113163
20250821,24.500505189527296,-109.54804545391902
20250822,32.08915256521544,-115.17944286238435
20250825,37.97825397768813,-118.63871216880528
20250826,42.74516531895262,-121.93196440835273
20250827,46.55409229451865,-124.7766034279675
20250828,50.91628690858981,-76.45688567856034
20250829,55.043234370100066,-36.98043235118845
20250901,55.03719447247627,-8.022365380495883
20250902,55.0312188732265,15.426843898412749
20250903,55.110654934977276,32.64401158940487
20250904,55.105684319979076,6.8923017165450515
20250905,55.099168165129,-14.192060402595649
20250908,55.2624141607021,9.849715556111635
20250909,55.45673157433164,-12.358045929408494
20250910,55.64584005983982,-30.2353963769855
20250911,55.823730887800416,-44.24905382961141
20250912,55.496360406384106,-56.35981656712541
20250915,55.180095978664866,-65.71468740025793
20250916,55.124403206906,-73.04622335224872
20250917,54.79122736193711,-77.96079519416298
20250918,54.35696161341338,-79.77096273124059
20250919,53.86036206564382,-81.44973795460241
20250922,52.715799356180504,-81.44553983419543
20250923,51.86618731639529,-81.24774522979878
20250924,51.29529129039495,-81.1895192230685
20250925,50.81603810351765,-80.59671463711997
20250926,50.18428519678799,-51.79096135465289
20250929,31.57414200840452,-57.28588581517028
20250930,16.42264730386258,-61.64635200727299
20251009,4.363370881142537,-60.51097349577691
20251010,-5.421593375178228,-59.08243002487136
20251013,3.4669955806549857,-57.232192151080426
20251014,-5.067146942665585,-55.68880431267688
20251015,-11.477909147263949,-54.20835302641553
20251016,-16.856009300356504,-53.07312889293471
20251017,-6.303859649545057,-35.23978038412088
20251020,1.0786841087259553,-35.967588210655656
20251021,7.154056640180177,-36.48458196159318
20251022,11.529977411505525,-23.881445306366373
20251023,15.33727824217933,-25.480706230504357
20251024,18.428856966428125,-26.87954895294425
20251027,20.972613561920486,-27.98524077132679
20251028,22.92294047192337,-28.45254961812002
20251029,24.372606459922157,-28.83498155237913
20251030,25.51688122086852,-29.148050675226344
20251031,15.340469127838206,-29.41699332555326
20251103,6.936850549145887,-29.6356395553793
20251104,11.352304622118748,-29.801212001448054
20251105,14.968114686268065,-29.937037006800704
20251106,18.025553795379167,-30.695663567517702
20251107,20.552472141373404,-31.4009443196794
20251110,23.03710436764733,-32.21793749817403
20251111,25.008052038036478,-32.869703694836346
20251112,27.097070668544312,-20.140858640604595
20251113,28.127288026926838,-9.835441831739908
20251114,28.93757204219038,-0.7123644938343655
20251117,29.7603064586905,6.907085968875342
20251118,30.30008771751282,-2.3545185171331724
20251119,30.70492822536893,-11.003884768034666
20251120,30.997380343099966,0.1822641856235841
20251121,30.9605335178074,9.260872412864272
20251124,30.910011939194746,16.685288096275425
20251125,31.040593942652002,24.420361994087692
20251126,31.29809317110421,30.89204726036164
20251127,31.42922234653939,36.183510297705624
20251128,31.54065108622711,40.62505214110698
20251201,31.241365659585433,44.12360023062155
20251202,31.203285173600648,47.07887621510888
20251203,31.180472643614074,49.536741991648334
20251204,31.046289231753427,51.51731905025452
20251205,30.90645495217756,53.065029265689844
20251208,30.81796546458858,54.76916553008954
20251209,30.697506658026093,56.439413956103635
20251210,30.06788046101774,57.77719728922822
20251211,29.806236097400735,59.56858236484506
20251212,29.676252322106087,60.73223050375409
20251215,30.084442197182625,63.81625880377094
20251216,30.608506180709227,66.31734168034437
20251217,30.59622617652396,69.8982216269818
20251218,30.668831954291175,73.14644729757147
20251219,31.20737355100106,76.73077523109428
20251222,31.145176565863263,77.52978153305152
20251223,31.13008943863168,78.71446191272928
20251224,30.426404732214724,79.69128169629319
20251225,29.688393106727084,80.06002504744934
20251226,28.873998975067618,80.34670088290694
20251229,28.22427344607136,51.34504176010607
20251230,27.63669825008627,29.681440966277247
20251231,26.533227644136083,12.155300888851286
20260105,25.417508324316678,21.43312307176327
20260106,24.319192602080427,28.955499637919196
20260107,23.390518741838243,34.99700509245008
20260108,22.4317863347092,17.120102911768946
20260109,21.75261762898739,25.446845911651796
20260112,20.68078986089478,31.636811807945282
20260113,19.79671156003044,36.91481194474455
20260114,18.953443583546417,41.23871513693127
20260115,18.27225576674222,45.13584717668409
20260116,17.730748808478644,48.330377525729794
20260119,17.297731479500033,50.58153729598114
20260120,16.95149228497161,52.42323285553708
20260121,16.699945691465448,53.15564914730939
20260122,16.491301695329856,53.795763072626336
20260123,16.32592125883066,53.57736208069111
20260126,16.063802683325342,34.61065850726741
20260127,15.869074162552607,37.54148160326735
20260128,15.73848627951431,21.978026768962707
20260129,15.630339592802647,25.945032580245556
20260130,15.3025899591208,26.48237884797161
20260202,14.706069318104412,24.870346750195154
20260203,13.947667762756625,23.245177703283694
20260204,13.248637964765395,21.866314882229368
20260205,12.507030670735318,15.095265180152852
20260206,11.857067594966544,15.132591332735714
20260209,11.337853192190682,15.143561219940393
20260210,10.906482511527713,9.630511409564889
20260211,10.598055431139006,10.64087594846009
20260212,10.344339967591065,5.943727765650735
20260213,10.125785449229374,2.1113902724717284
20260224,9.838587918501263,-0.994689705172745
20260225,9.598695607038286,-3.5354560998383815
20260226,9.399341573066215,-5.63473681677645
20260227,9.234632725123287,-7.354283992174749
20260302,9.106323862698432,-3.3078857251061646
20260303,8.978851601887596,0.00871687614691296
20260304,8.88732192585276,2.6995490111128064
20260305,8.823868298424705,4.9358559688245265
20260306,8.800640514985533,6.870989683430546
20260309,8.828328992762614,8.648445688191494
20260310,8.906914748023643,11.597260751804246
20260311,9.139688980937684,15.466903708956302
20260312,9.429976728647135,19.370127095571597
20260313,9.913907950351833,23.028079421493185
20260316,10.397161979110239,11.634651938576727
20260317,11.060475037983457,1.5687201025001187
20260318,11.618485454847962,-6.676870079519504
20260319,11.869988917449804,-12.20116131745014
20260320,12.073313934169564,-3.409798227670614
20260323,12.003039082868195,-7.2921578030313015
20260324,12.032886977112758,-10.429819783665655
20260325,12.00183850150523,-12.76736227355068
20260326,7.671814200568611,-14.664537845628407
20260327,8.438137684304056,-7.782864466264789
20260330,9.15095704454635,-10.851433289255231
20260331,5.035754743258718,-13.342176225128075
20260401,1.722825596786259,-15.226691050970897
20260402,3.724329768176909,-16.702241219170837
20260403,5.3582590998274,-17.887051219671914
20260407,6.6938901507080235,-18.854081440682776
20260408,7.775719036594605,-19.54938422225746
20260409,8.644194810690873,-20.095866223675596
20260410,9.340154558075902,-20.52877949051195
20260413,9.950799386681343,-20.89330159198918
20260414,10.42327693002074,-21.184611740324375
20260415,10.802813210673055,-21.416355131800294
20260416,11.112263164494744,-21.60282898815349
20260417,11.594820590266611,-21.999618260136252
20260420,12.006006096323668,-22.39218941753218
20260421,13.018075578850814,-25.422910130034076
20260422,14.529433987883348,-12.88081862162481
20260423,15.938977870580066,-1.7898603986888346
20260424,17.15113103193616,-10.552334910045873
20260427,18.111439083624013,0.42280008138090885
20260428,18.7150799610357,-8.593037208177268
20260429,19.260370128460334,1.820199349434524
20260430,19.922378549932795,-8.962956944645416
20260506,20.935313797548435,4.407359987954235
20260507,12.622909573433652,15.178132378625296
20260508,5.845525273400015,23.969688621128306
20260511,-0.2601603952312347,5.9307768079318635
20260512,-5.385580786484338,20.13032340408555
20260513,-9.537783787865433,32.07690994329655
20260514,-12.989452276869846,10.536659894541065
20260515,-14.396765913241321,22.176617200530693
20260518,-15.491337723961301,31.934046927271837
20260519,-16.419758376992075,12.212249278107139
20260520,-17.191993686114927,-3.3500807182254553
20260521,-17.847358076328373,10.12306181121766
20260522,-18.342218113634896,21.10886589008393
20260525,-18.718522679287453,4.661395048369842
20260526,-19.08798183246299,-8.979828386138191
20260527,-19.41064378044489,-19.953020228230056
20260528,-19.665019187265862,-28.108669973717184
20260529,-19.918472867996496,-12.997197229844108
20260601,-20.112764741210306,-0.5454072295168761
20260602,-20.2386946646694,9.572402522299502
20260603,-20.41659406354003,17.958025997948035
20260604,-20.68430370284397,25.204781461797964
20260605,-20.954621768629014,10.110838714691551
20260608,-20.76654548931398,-0.9967723841251076
20260609,-20.793429113969886,8.411525414327224
20260610,-20.82098130338667,15.45664269216994
20260611,-20.879743534071412,20.855180234155238
20260612,-21.63855706787665,25.048326716814813
20260615,-21.81406495328518,27.65568594468423
20260616,-21.96716637179626,29.771858963665377
20260617,-22.0774749868587,31.59773079753496
20260618,-22.13520081918116,33.16845564454487
20260622,-22.212636853557765,34.23796678583706
20260623,-22.007826612653627,35.02359132122416
20260624,-21.837435996939938,35.6617153999734
20260625,-21.372091196736076,35.95618124539725
20260626,-20.889594898573268,36.19540666721138
20260629,-20.60582525738541,36.99958645361475
20260630,-20.342292163199808,37.65122937663149
20260701,-20.186405257111357,38.26396613796291
