,PnL
20180102,0.0
20180103,0.0
20180104,-0.9906852337716878
20180105,-1.148663659064145
20180108,-2.122207277498196
20180109,-1.6764082093400539
20180110,-2.5438182070375452
20180111,3.2674926860203968
20180112,2.21353729868137
20180115,-3.6417560554227895
20180116,0.6359672158396726
20180117,-1.3236517210307013
20180118,0.29365636613857204
20180119,0.6818762595452136
20180122,0.12672656515077507
20180123,0.36953235077562846
20180124,0.13075272051264086
20180125,0.8226535217712927
20180126,-0.39509272799008005
20180129,1.9737198394687911
20180130,0.26438538364670316
20180131,2.036093118091442
20180201,-0.9421603528166231
20180202,-0.5721022740801153
20180205,-1.0744855702925096
20180206,0.23871806244345223
20180207,2.9503954408756496
20180208,0.8620316918236456
20180209,0.588108870070602
20180212,-0.17125085768079262
20180213,-1.022024713655882
20180214,2.3829514803165535
20180222,2.99785236740544
20180223,-1.7182666226145855
20180226,1.0591300137335014
20180227,0.30483889354346677
20180228,0.788352227548862
20180301,0.8053704078355999
20180302,1.9490932422701581
20180305,-0.48512010112774856
20180306,0.02379128744532997
20180307,-0.9477692351983001
20180308,-0.4011782734522542
20180309,-1.998373642894962
20180312,-2.1318163895510467
20180313,1.0335736312828845
20180314,-0.41968446225318734
20180315,-0.6368667371508252
20180316,1.241274283757198
20180319,0.45321585640037637
20180320,-0.12804721624319848
20180321,-0.29403097739184697
20180322,0.010761397988904315
20180323,-0.502892547637004
20180326,-0.6579104525018019
20180327,0.2495193134565813
20180328,0.020492527403797832
20180329,-0.36950730735724235
20180330,1.024532391170196
20180402,0.9752694583310869
20180403,-0.4239609436571364
20180404,-0.06542922601902651
20180409,-0.3617663047440467
20180410,1.1136834356805074
20180411,-0.370881247214556
20180412,-0.4926136944104275
20180413,-0.005230459817610657
20180416,-0.5404311631980763
20180417,-0.19377058761620614
20180418,-0.1592400401227176
20180419,-0.09947892568367557
20180420,-0.21839496091137928
20180423,-0.9009483174679278
20180424,0.5061906675034618
20180425,0.0993489008081712
20180426,-0.1717713693293024
20180427,0.5631032810334863
20180502,-0.41020495506511484
20180503,-1.0248782885395822
20180504,-0.27269851828372776
20180507,-0.7688205496270532
20180508,-0.4023429681105155
20180509,1.1253727093560137
20180510,0.14366593290133614
20180511,0.11577971100151643
20180514,-2.010165892385224
20180515,-0.7105558585568189
20180516,-1.773828656315828
20180517,0.2024283072394768
20180518,0.040177118809634295
20180521,-0.6984553512212865
20180522,1.134968092741845
20180523,-0.12261053329684767
20180524,-3.9994467188643044
20180525,1.9921526303528732
20180528,-0.044278898392473995
20180529,-0.9630739546215238
20180530,0.3101747932762919
20180531,0.5442524064780206
20180601,0.06328918358797178
20180604,-0.9471536970646722
20180605,1.9599606766611968
20180606,1.4014194777272662
20180607,0.333433525700092
20180608,5.8640618014758985
20180611,-0.526270023958474
20180612,0.34957776171055716
20180613,0.7693462561327136
20180614,-0.0652983920369122
20180615,-0.43211023652764896
20180619,3.8618950703526584
20180620,-0.7378160459429537
20180621,0.32201266853491606
20180622,0.7008199265233415
20180625,-0.650879394264391
20180626,-0.6759110186784223
20180627,-1.481294570598655
20180628,-0.16946440395381718
20180629,-0.004475341658889705
20180702,-0.9644644695340041
20180703,0.5183637792403398
20180704,-0.5294527077587091
20180705,0.03258837614745976
20180706,-0.1802783893712413
20180709,-0.04686483025539012
20180710,-0.6033759997554021
20180711,-1.1815192837788737
20180712,-0.5213951935573014
20180713,-1.1404529459503006
20180716,-0.39483432934864976
20180717,-0.5954400509584268
20180718,0.0699783038908091
20180719,0.38901883372235957
20180720,0.8488505350552513
20180723,0.33437465024834484
20180724,-0.8442225854026403
20180725,-0.4299486003026924
20180726,-0.9008002294240323
20180727,0.04244796798248342
20180730,-1.2546222152112942
20180731,-0.988267463620674
20180801,0.22364534792212276
20180802,-0.04109797599736604
20180803,0.07671936096562688
20180806,-1.6202684141352401
20180807,-0.6548355019001859
20180808,-0.4961207891994972
20180809,-0.6667367784790361
20180810,-0.3069926840246185
20180813,0.08818402941830161
20180814,0.9752183646513377
20180815,-0.056244936684700146
20180816,-0.23264985050009948
20180817,-0.34398430881252184
20180820,-0.9474853692283872
20180821,-0.15798519487498927
20180822,0.566469403985616
20180823,-0.278758944956622
20180824,-0.34561270491207774
20180827,1.3048798075849293
20180828,-0.6462480106075984
20180829,0.7027357305039867
20180830,-1.1729423594460755
20180831,0.3662111100094564
20180903,-1.5382896050780748
20180904,-0.5557388756489277
20180905,0.12513676680636465
20180906,-0.018043582202109314
20180907,-0.20557153646673484
20180910,-0.05061806853622684
20180911,0.5993568902525631
20180912,0.6197865965510779
20180913,-0.22114495584004584
20180914,0.17246722491882435
20180917,0.3637991909171463
20180918,-0.28919899572356
20180919,-0.8945626885386362
20180920,-0.281581287019422
20180921,0.23883923884918803
20180925,1.852174339382929
20180926,0.9829296313791288
20180927,-0.37613197493954553
20180928,0.9506161407291781
20181008,2.0521255236690705
20181009,2.8607421662115513
20181010,1.3087300012409637
20181011,-2.799845075824229
20181012,-0.10716295543196923
20181015,-0.1794012330016348
20181016,-0.24250152330535948
20181017,0.8421369626955658
20181018,-0.22659575928746176
20181019,-0.3177093760453999
20181022,-1.8780400849079215
20181023,0.12504073368190083
20181024,0.8153545592085575
20181025,1.2443621963586045
20181026,1.205499007795564
20181029,1.0823735772318201
20181030,1.7556804025591977
20181031,-1.133029908883643
20181101,1.4070275354489827
20181102,3.7051312100988354
20181105,-2.03416510800942
20181106,0.15915399173426775
20181107,-0.2439838969674058
20181108,1.5712153794805805
20181109,0.48074448043417195
20181112,-0.24447040566932504
20181113,0.61300847131846
20181114,1.8044466755857818
20181115,0.06396559550653505
20181116,-2.4929697279950482
20181119,1.549870678715254
20181120,0.5441475305327772
20181121,-0.8141031182334479
20181122,-0.408045694219864
20181123,0.5815341301213012
20181126,1.047206633905462
20181127,1.6199296269667678
20181128,-0.38380834138050635
20181129,-1.709719673923811
20181130,0.05637948353941665
20181203,-2.473492684636714
20181204,0.4947167142055646
20181205,-0.07825327680929338
20181206,-0.12380989380245735
20181207,-0.47998752791551935
20181210,0.692749024744597
20181211,-0.2727796522335816
20181212,0.41243045142305446
20181213,0.3262641976306065
20181214,0.7918171600228627
20181217,0.3303191816462184
20181218,-0.3577599995255875
20181219,0.1629041222331077
20181220,-0.40584732931074974
20181221,0.07951826550211162
20181224,1.2691007425545433
20181225,-1.0985477766473242
20181226,0.2678321056023794
20181227,-0.39670108461426135
20181228,-0.09323052650865675
20190102,-0.035585347854396855
20190103,0.11047941205230476
20190104,-0.42696128165176034
20190107,-0.8832809435535697
20190108,0.6945989092064992
20190109,0.42061684466506793
20190110,-0.9527351856933766
20190111,-0.5560658647674872
20190114,0.1409639556582474
20190115,0.39101522669921107
20190116,-1.1444090693819806
20190117,0.004446419176031784
20190118,2.0336714349212284
20190121,2.853209541253414
20190122,-1.0811449515435532
20190123,0.36715003966993953
20190124,0.09741364503337016
20190125,0.7787924824364592
20190128,0.02949531470513323
20190129,0.3923522965506835
20190130,0.3812279749561151
20190131,-0.8314852632652276
20190201,0.2694449595259395
20190211,0.7941417091539352
20190212,0.1702847145727355
20190213,-1.1225963447555722
20190214,-1.0632038785968538
20190215,0.01704330677329187
20190218,-0.40754619746915666
20190219,-0.6860430096130566
20190220,1.1547436334353682
20190221,-0.09911238507755807
20190222,-0.8847473777260361
20190225,1.4714294260501646
20190226,1.8202777274684647
20190227,1.8014331655509732
20190228,-2.185797214734264
20190301,-4.089851862564037
20190304,0.21639012294964577
20190305,-0.534056897637947
20190306,-2.839112867199014
20190307,0.00773651114609978
20190308,0.8963387354738757
20190311,-0.2509998851348625
20190312,-0.08321521569614936
20190313,0.02818324745621947
20190314,-0.029410582334693264
20190315,0.04913857789131984
20190318,0.9193544965022772
20190319,0.4354002860011983
20190320,-0.46297892153929826
20190321,0.5529544305149083
20190322,1.0270418596059105
20190325,1.118481138575622
20190326,-0.8825964508499028
20190327,0.7497856014613621
20190328,0.18902032997282658
20190329,0.47980465159502894
20190401,-0.2819969516861125
20190402,-0.9523839589180835
20190403,-0.08393096417402172
20190404,-0.7611658057873397
20190408,0.31271591632693746
20190409,1.046914231455084
20190410,-1.439340005041748
20190411,0.11669587394554715
20190412,-0.15323845390935611
20190415,-3.331174421497298
20190416,0.9836444840741485
20190417,0.9486679492212557
20190418,0.22223535253289148
20190419,0.25038108217316096
20190422,-0.04397882699644095
20190423,0.11785966570583989
20190424,0.23367820629388275
20190425,0.369043997982661
20190426,0.3658033445624996
20190429,1.4750532599376767
20190430,-0.5859557318449479
20190506,1.721922915695929
20190507,-0.543553334655229
20190508,0.32447000483432614
20190509,2.8823117643120533
20190510,-0.2729316820693988
20190513,1.6389489755797007
20190514,-0.39431479723575036
20190515,1.9296202228472636
20190516,1.6710297143588402
20190517,-0.7475043172342872
20190520,1.5352902316239638
20190521,2.312593162389322
20190522,-0.4069230643553304
20190523,-0.20959579054905153
20190524,0.8932024503768375
20190527,0.4590327550854206
20190528,1.534096063243029
20190529,5.264435023515122
20190530,-3.007489284820308
20190531,0.8339744792836598
20190603,0.3318164240128499
20190604,0.8458414843350963
20190605,-0.0035482775739486996
20190606,-0.7697137425115939
20190610,-0.3113521395197863
20190611,-0.20745368175108084
20190612,0.24951370282705734
20190613,-1.0431161389158945
20190614,0.7006185008906178
20190617,-0.6556999439394371
20190618,0.7869707825163141
20190619,1.0933227080123786
20190620,0.30426652288969136
20190621,0.2725893228809972
20190624,-0.29959791380847384
20190625,-0.34621935423138306
20190626,0.7603762606778941
20190627,-0.7442328093852518
20190628,0.5949387312195993
20190701,-0.40917727413726607
20190702,0.6148163155424025
20190703,0.3373068824825742
20190704,-0.5894622473414463
20190705,-0.15986851322600787
20190708,1.2089209572256716
20190709,2.18770468788242
20190710,-0.798405879792127
20190711,0.025822408326465752
20190712,0.09525936961641546
20190715,-2.93305085093689
20190716,2.098053893965404
20190717,-0.36420899783352606
20190718,-0.19767589082628806
20190719,0.870020870724651
20190722,-0.37166556447785726
20190723,-0.709646454893045
20190724,0.19321904277273616
20190725,0.5212068463040778
20190726,0.7837589843489962
20190729,0.7831321552171195
20190730,-0.42766534745930157
20190731,0.29043215684717666
20190801,0.2402844462322908
20190802,-0.5061174977719781
20190805,2.5916036868955774
20190806,-0.5458009107153514
20190807,0.1020135790147278
20190808,1.4678410222388873
20190809,3.1020222940238353
20190812,0.9987487230095964
20190813,1.186560064191289
20190814,-1.0313454283633339
20190815,-0.12040292614982157
20190816,0.6122604634714087
20190819,0.19940246469435405
20190820,-0.2470683302638323
20190821,-0.8727650255361715
20190822,2.2442328368499265
20190823,-0.4425668477356716
20190826,0.6482890993469997
20190827,-2.5781704449871996
20190828,0.9706442840960476
20190829,0.3510555444080348
20190830,-1.3747870296149194
20190902,0.7127435498481952
20190903,0.020953474995556932
20190904,-0.031053495063025488
20190905,-2.1389730237116407
20190906,-1.5044208672991362
20190909,-1.3840584848758686
20190910,0.042849329432337574
20190911,0.44767662028187616
20190912,0.4542434860925199
20190916,0.6650655707893159
20190917,-0.27174514478558504
20190918,-0.22712388696507632
20190919,1.1423220627720885
20190920,1.6160903693040478
20190923,-1.0764754775043857
20190924,1.1209361442396875
20190925,-0.8059217875370183
20190926,1.5742228802971336
20190927,2.977271040757476
20190930,0.016050489564775464
20191008,-2.0905432981539613
20191009,-1.9480125938993602
20191010,0.08282077396720085
20191011,-1.9791519962327955
20191014,1.6543783744206821
20191015,-0.09496135630451025
20191016,-0.9918167756611029
20191017,0.35570878076140355
20191018,-0.7321941769528212
20191021,0.6651276948513924
20191022,0.013820049187800715
20191023,1.2531556759035432
20191024,0.5084395239846842
20191025,1.0073202741964673
20191028,-0.13714223647183849
20191029,-0.4638687275555699
20191030,0.6073746095084102
20191031,0.47364952740703303
20191101,-0.06675455501524163
20191104,1.9631400332473488
20191105,0.5244834953345996
20191106,1.1559919594184949
20191107,-0.0880834171804588
20191108,0.21705924899430487
20191111,4.136294127590289
20191112,0.6172653409030724
20191113,-0.9345811409080803
20191114,0.32686460179663906
20191115,-0.22720775648880595
20191118,-0.0881567714617695
20191119,0.3565341484645665
20191120,1.4016265442125422
20191121,0.37498382889586807
20191122,-0.505533792906498
20191125,-1.8180071957440038
20191126,-0.133096782949786
20191127,0.2014328865756721
20191128,-0.29418296077950534
20191129,0.36632332072367124
20191202,-1.2855584920452972
20191203,0.29385141362281075
20191204,0.2148251094537589
20191205,0.36560589162732454
20191206,1.148539807584241
20191209,0.5982444719294745
20191210,0.6680265632146338
20191211,-0.054975035940074544
20191212,0.25303111116626137
20191213,0.3672846458691643
20191216,-0.25875030489750706
20191217,0.14125810462312782
20191218,-1.5987963196054158
20191219,-0.3771542275515402
20191220,0.7287314976986462
20191223,0.47676786932155435
20191224,-0.342817304665285
20191225,0.534679165236222
20191226,0.8408574663063574
20191227,2.8027397187232275
20191230,0.046641045198445384
20191231,0.039657525099464415
20200102,-0.087422963264871
20200103,0.6902718504546274
20200106,1.047506455018598
20200107,0.4597250320452348
20200108,0.4874880039180534
20200109,2.69389313034485
20200110,3.739490032926396
20200113,0.36282477173561434
20200114,-1.9693932322016856
20200115,-3.281217534153028
20200116,-2.2253346479151572
20200117,-0.23952918948815766
20200120,-0.8899705681717567
20200121,-3.1755849630850688
20200122,2.116255218755823
20200123,-1.1149233445241942
20200203,1.478324177542977
20200204,1.6342592621163943
20200205,-1.5607046942740999
20200206,-0.06430822204211917
20200207,0.09301417291914608
20200210,-0.06021817796477266
20200211,0.3482818944798218
20200212,0.6553216679734918
20200213,0.47269308547399064
20200214,0.6419699117136036
20200217,-1.6067951544631942
20200218,1.1781420978523884
20200219,-0.645618054520502
20200220,-1.298282357098228
20200221,0.23233192865609856
20200224,0.353944704172919
20200225,0.5113947117387116
20200226,0.6400314723429803
20200227,-0.5578187258299986
20200228,2.3700107114052753
20200302,-1.1715651145796584
20200303,0.40228550873384994
20200304,0.47129502563584147
20200305,-0.8075684621238814
20200306,0.6110218074254687
20200309,-0.3185486098152538
20200310,0.29132198720382485
20200311,-0.2435583791193936
20200312,1.0278455886873163
20200313,2.247846578146919
20200316,0.14146975029387165
20200317,0.03309506813677269
20200318,0.9332409933005269
20200319,0.5509423301452466
20200320,1.7087881773209355
20200323,2.0786285429809954
20200324,1.2388987711328514
20200325,1.0030986003414606
20200326,-2.173812652471841
20200327,1.1123262990880984
20200330,2.2125459615222485
20200331,-1.403573288023178
20200401,-1.5741807619474442
20200402,-0.48025533094024764
20200403,-0.15949762805474896
20200407,-0.14079010435108127
20200408,-0.7410778993663548
20200409,-0.10258305764734768
20200410,0.3470845983341609
20200413,0.46990653485924777
20200414,0.4946693437751106
20200415,1.7648756371033159
20200416,0.5531724977066996
20200417,0.09743070343813504
20200420,-0.41799506426224436
20200421,-0.26428954715897757
20200422,0.8593848670934574
20200423,0.7793859454620876
20200424,0.29981557580340396
20200427,0.9122455222250053
20200428,-0.17450717543973734
20200429,0.0756037964453118
20200430,-1.435404224475506
20200506,1.2812866466930266
20200507,0.6822094921521419
20200508,-0.24418539365761932
20200511,0.16338028618220185
20200512,0.021932588966285076
20200513,0.32650068933801496
20200514,1.1507799061215338
20200515,0.17319838143335703
20200518,-1.1519732526381
20200519,0.4503281848276541
20200520,0.27544159043084737
20200521,0.3356754113537936
20200522,-1.5418539815759562
20200525,-0.6818774127497044
20200526,-0.22018923882370878
20200527,-1.563576335108034
20200528,0.3007438748539488
20200529,-0.9472941836362163
20200601,0.41757704824790043
20200602,0.26856556468651593
20200603,0.16843144656006484
20200604,-0.3342783980915099
20200605,-0.7239780317395992
20200608,0.3035409497210455
20200609,0.4353656934310312
20200610,-0.8500103558225801
20200611,1.053989178915687
20200612,-1.5520240930251552
20200615,0.17168291750391587
20200616,-0.15388182812781545
20200617,1.0395070464025955
20200618,0.14730018094111905
20200619,0.41571395688186835
20200622,-1.8454703051970882
20200623,0.16007601601578506
20200624,-0.06279027182262313
20200629,-0.689661609281236
20200630,-0.20822282349422497
20200701,1.0982200583843018
20200702,1.22790623313941
20200703,0.2224738192234346
20200706,0.964581719800743
20200707,-0.7980878758814327
20200708,0.27281797380755
20200709,0.09820906489379697
20200710,-1.0753372837775177
20200713,-0.7852662997108311
20200714,0.2251004620433803
20200715,0.498999140812148
20200716,0.9851786844552595
20200717,1.516040855161266
20200720,4.105319333095384
20200721,-0.5493458475012651
20200722,-0.3326269658469109
20200723,4.633835578153632
20200724,0.9768562869964236
20200727,1.26517810894091
20200728,-5.387438251399271
20200729,2.245453678555218
20200730,0.949538768809636
20200731,0.7620853399978706
20200803,2.1462839363756094
20200804,0.37489218286369663
20200805,-1.205562417945347
20200806,0.07408209376291074
20200807,-0.8734376991075822
20200810,-1.2656462076872534
20200811,0.6636911041540725
20200812,-0.23401976595909074
20200813,-0.10811723150592033
20200814,-1.0184581868716513
20200817,0.2981893545646059
20200818,-0.41155988539580407
20200819,0.042276268727566686
20200820,0.6293726433816041
20200821,0.8993076884924631
20200824,0.533624789207039
20200825,-1.1814211418531246
20200826,-1.005292788671981
20200827,0.9157813047155444
20200828,-0.4705581611066977
20200831,0.2503674484097795
20200901,0.3673818082515851
20200902,0.07658296632280491
20200903,0.23258063832805584
20200904,-2.640946597778602
20200907,-0.3769482023367336
20200908,0.43114476440709926
20200909,-2.52967554520696
20200910,0.2369740326369384
20200911,-0.6469257988356513
20200914,0.8518102235812267
20200915,-0.2230162693232676
20200916,0.9907580445287977
20200917,1.8482341512186815
20200918,2.2886126699235447
20200921,1.4984670722171047
20200922,-3.5840598808930806
20200923,-1.7824165771810425
20200924,-1.0964118461227053
20200925,-0.2190117517905518
20200928,0.05245296121024786
20200929,0.9734760653651888
20200930,-1.3600657428539524
20201009,0.5569724722325217
20201012,1.5305103413660666
20201013,0.03699903269789242
20201014,0.30054489966495473
20201015,-0.37284142903453343
20201016,-0.6450426370872536
20201019,-1.7250225294347696
20201020,0.46639584175806953
20201021,-0.14423020245165408
20201022,0.1644483925059134
20201023,-0.7995967342056512
20201026,0.8484266107437902
20201027,0.5451774168770801
20201028,0.8144495139202682
20201029,0.20773286887635176
20201030,0.5133625348996422
20201102,-1.9312906683845221
20201103,-0.10856187389263137
20201104,1.0998069976493199
20201105,-0.7755186929037597
20201106,-0.04477514556255384
20201109,-0.6019091361967978
20201110,0.1673339934062883
20201111,0.7255743438108393
20201112,0.3321458152120306
20201113,0.4559761420332038
20201116,0.061373751385459724
20201117,-0.08714134456720699
20201118,0.6234679668487616
20201119,-1.5479823232123044
20201120,0.40377540445439003
20201123,-0.6175459831175442
20201124,1.0089752090499318
20201125,0.28702124358963577
20201126,-0.30636604827935865
20201127,1.1262513989039853
20201130,-0.6879744670955
20201201,0.15030675389757073
20201202,1.7646427240691727
20201203,-1.2881519384570022
20201204,-0.5161593127916871
20201207,-0.5304294203361648
20201208,1.011960428303459
20201209,1.047548914307305
20201210,-0.6219336988431928
20201211,-1.0768111381940062
20201214,-2.8795777536545697
20201215,0.028168739415593173
20201216,-0.5440904430854522
20201217,-1.305623349896432
20201218,0.4261470957545391
20201221,-0.3287741054899489
20201222,-0.6800212845005749
20201223,1.5069130151797978
20201224,-0.21770474191365466
20201225,-0.345238110820534
20201228,-0.29711741943642295
20201229,0.2418084026115918
20201230,1.0049573131865663
20201231,-0.25610278584096735
20210104,0.7256227574104193
20210105,0.8351842749853943
20210106,1.259049552581445
20210107,-0.11790279393832886
20210108,0.9166433622635534
20210111,0.8708466587922644
20210112,0.3924938080137592
20210113,1.6184679734203322
20210114,-0.8610984936730236
20210115,-0.006318036438610076
20210118,-1.2499744888533606
20210119,-0.6431159139267789
20210120,-1.8874138337896986
20210121,0.8886505456505587
20210122,-1.7183517712086596
20210125,-2.2444866739350045
20210126,-0.13449851116949227
20210127,0.7992573603915389
20210128,-0.37895960756668706
20210129,-0.15614911281407126
20210201,-1.3607803218397587
20210202,-0.9316534043639054
20210203,-1.1972959998372885
20210204,0.7401384423740236
20210205,0.20968561609106098
20210208,0.4628341503967131
20210209,1.4985678432895035
20210210,-0.02874991880933813
20210218,1.2901308452242308
20210219,-1.1817202417548016
20210222,-0.21870086011324838
20210223,0.8855761276810974
20210224,2.4105655326933006
20210225,1.1558838815260755
20210226,-1.0728606851156286
20210301,2.5918091203376505
20210302,-0.34971389279152254
20210303,-0.7675380254226218
20210304,1.1583481720127666
20210305,1.6850487910716097
20210308,1.252631819665362
20210309,-0.276864020700593
20210310,0.7107294371843828
20210311,0.48961000582460995
20210312,-0.254502384465617
20210315,1.0821738509242105
20210316,-0.1743615670303239
20210317,-0.14037692068915694
20210318,1.2781582405805947
20210319,2.164112365376149
20210322,0.012406770278017936
20210323,-1.2759403396801474
20210324,-0.5822009605626364
20210325,0.43743454614082716
20210326,2.7167439983864163
20210329,1.2212666246747732
20210330,-0.18098555921522844
20210331,0.6073188707891944
20210401,-1.3326649274031477
20210402,-0.12451787258473693
20210406,-0.5096141965252315
20210407,-0.10522183695309129
20210408,-0.011018223669979243
20210409,-0.0730331238075949
20210412,0.6352165625282504
20210413,-0.08564114322976024
20210414,-0.31351658925647624
20210415,0.044101681973843544
20210416,-0.014568167634377583
20210419,0.17675200668026866
20210420,-0.13332732823758348
20210421,0.6666041463719242
20210422,0.5232124576064625
20210423,-0.48869323979499313
20210426,-0.1787568543803704
20210427,-0.49466837807785125
20210428,0.1476845102935572
20210429,-0.04002162025115155
20210430,0.5747006341680313
20210506,-1.738573750937252
20210507,-0.6061170917558204
20210510,-0.6524036217450558
20210511,0.7875198119369131
20210512,-3.0244024366326805
20210513,1.6684746701615358
20210514,2.9217217669995366
20210517,0.33793755038905743
20210518,-1.725672287007194
20210519,1.1746742435428903
20210520,0.3287245581753139
20210521,2.142559283924685
20210524,-0.46847879251509456
20210525,-0.4937029257708794
20210526,-1.806462687385393
20210527,0.47096340331476755
20210528,-0.14176804720360917
20210531,-0.5064973780836928
20210601,-0.4185146378070527
20210602,-0.14746094565811796
20210603,-0.7676198365916806
20210604,0.13536737569977755
20210607,-0.7003695404087672
20210608,0.26649566032374195
20210609,-0.1890435919141569
20210610,0.012660054853380669
20210611,0.26450504805011343
20210615,3.003281373941137
20210616,1.1155077366240869
20210617,0.5102275871075894
20210618,2.308700682613793
20210621,-0.22507232536314725
20210622,-1.0063146472860316
20210623,-1.8696780000383366
20210624,0.3161067921347696
20210625,-1.8303283631790241
20210628,-0.9356572395199876
20210629,0.1584227158939149
20210630,-0.4809495085049711
20210701,-0.6301636545148311
20210702,0.0036692019051618625
20210705,-0.40130679787216506
20210706,0.7966231312095694
20210707,-0.42016142012792884
20210708,-0.34856554911643994
20210709,-0.1478025352685295
20210712,0.06624638123925743
20210713,-1.2210657824735938
20210714,-0.8823473240911055
20210715,0.2501553642669331
20210716,0.9699979744817778
20210719,0.33798866095246205
20210720,-1.0348628476881387
20210721,-0.0031440636022290773
20210722,1.9720972510946093
20210723,0.8156711233538764
20210726,-0.5016459563621594
20210727,-0.0310531991559668
20210728,0.42881455548715647
20210729,-0.7440215764479368
20210730,-0.2053424469413309
20210802,-1.5105408102054252
20210803,-0.6945368002751142
20210804,0.24614988089796577
20210805,0.4761387174859375
20210806,0.06223326808725031
20210809,-0.4703063820920025
20210810,0.10979681902771565
20210811,1.7029732983267194
20210812,0.5628356587403105
20210813,0.5802445611451402
20210816,0.7605396590421314
20210817,0.7355190156478495
20210818,-1.7295350762452035
20210819,-1.1357308421637808
20210820,-0.4206320585066076
20210823,-0.6900919880216834
20210824,0.19930613864785868
20210825,1.6204333194074536
20210826,-0.10009004623490207
20210827,0.13175909722910883
20210830,-1.7143817956871137
20210831,0.16639283583353365
20210901,-0.3319131337565009
20210902,-1.2382986277215184
20210903,2.1182808729316234
20210906,0.21511328276827466
20210907,0.13131342207660437
20210908,0.7882659343997775
20210909,0.04690065636662599
20210910,-2.7963556432384618
20210913,0.15921035526515173
20210914,0.010130324976793887
20210915,1.8232601035645501
20210916,0.06586633115111115
20210917,-1.4208769351004926
20210922,0.9492438067282185
20210923,1.2843030222081169
20210924,-0.029002010358002168
20210927,-2.91605949819244
20210928,-0.534417812274867
20210929,-0.07916910300653356
20210930,0.7239400259831996
20211008,-0.3466901344991631
20211011,-0.6004844477472775
20211012,-0.17146276693837284
20211013,-0.2622283571520813
20211014,-0.3272172223209064
20211015,0.9297014419342603
20211018,-1.9661298279171053
20211019,-0.31920558214060957
20211020,-1.271944992184383
20211021,-0.011612694311213659
20211022,-0.22116698648813846
20211025,-0.2959134747161426
20211026,-0.07625993422456741
20211027,-1.8850186166021545
20211028,0.6195238405381233
20211029,-0.9390413997095051
20211101,0.4256682658515389
20211102,1.0295186044134048
20211103,0.28178598359848206
20211104,-1.2478180215210688
20211105,0.9038793467189797
20211108,-1.6291230041407456
20211109,-0.871284242332771
20211110,0.8817352971735335
20211111,-0.6005705007408054
20211112,-0.17889688724188085
20211115,-0.13038627675125744
20211116,-0.213439911224167
20211117,-0.27819362177675877
20211118,0.7355358418681309
20211119,0.8051377174679261
20211122,-1.8752228724398525
20211123,-0.5694852844244112
20211124,-0.9193964256859881
20211125,0.4213493394598355
20211126,-0.334831190552679
20211129,-0.16683817951864474
20211130,0.3189487011722593
20211201,0.6143596298934086
20211202,0.026829180324532378
20211203,-0.6266174894417774
20211206,0.47452143464376173
20211207,0.33289549222201625
20211208,0.8284857550708032
20211209,0.8706268546084819
20211210,0.2900926395078906
20211213,-0.24126286505800132
20211214,0.14990743338363846
20211215,0.5907068378685744
20211216,-0.00424927783142082
20211217,-0.6393019962485808
20211220,0.10383055747779839
20211221,0.2482835475396662
20211222,-0.14876648169397114
20211223,0.012620530895146097
20211224,-0.6360986862562805
20211227,-0.2528691446058056
20211228,0.5354598077782073
20211229,0.9746335154120742
20211230,-1.303026308331932
20211231,0.8758389836772462
20220104,-1.9131677434273582
20220105,0.2299473486299416
20220106,0.7368985547047587
20220107,-0.3709454605527941
20220110,0.7479344477680906
20220111,-0.6740318125196412
20220112,-0.9819114864141825
20220113,0.3262101355135095
20220114,-0.20835290844140103
20220117,0.12572666186369483
20220118,-0.432418971284152
20220119,-0.08346013970923509
20220120,0.47296605019761123
20220121,-0.20921189063141035
20220124,-0.6675962319734472
20220125,-0.024050458883039076
20220126,0.7882943188639857
20220127,-0.3535285103662176
20220128,0.3558178031506029
20220207,2.4750259777192043
20220208,-0.03651955581370634
20220209,-0.1992420071476353
20220210,0.21911292400387195
20220211,0.12657022854838307
20220214,-1.104933588778477
20220215,0.4313868211385186
20220216,-0.04747085985357692
20220217,0.8862475590831279
20220218,0.1938311269378542
20220221,-0.415280739956321
20220222,0.9075882711262973
20220223,0.419365450672393
20220224,1.2078780053257157
20220225,-0.5690398337816369
20220228,-1.3711240466471222
20220301,3.098572855367337
20220302,-0.02878962622977214
20220303,1.0430845732117928
20220304,-2.3541161771458863
20220307,2.511217668187825
20220308,1.1233214111409537
20220309,1.4071617710478008
20220310,-1.6026587531282952
20220311,0.7302406874618282
20220314,-1.192129738817483
20220315,-2.2987769509338474
20220316,1.199624221935734
20220317,0.08383004209069195
20220318,-0.7453925790490867
20220321,-0.6128125230490901
20220322,-0.3673174128292621
20220323,-0.2599050384037694
20220324,-0.38433888813415507
20220325,0.42412741369332807
20220328,0.5673824774872832
20220329,0.6247085291167
20220330,1.0268846104023552
20220331,0.11767110629072927
20220401,0.31086535355822703
20220406,-2.21635131355436
20220407,0.5991399438026219
20220408,1.0952141401409548
20220411,0.22280282149244726
20220412,-0.7239343594999288
20220413,-0.2737888475469279
20220414,0.18928719282431059
20220415,-0.5937918621976528
20220418,0.2857657426014421
20220419,-0.1465636933106806
20220420,0.3797903061957242
20220421,-0.10525384054131788
20220422,0.20779388290811804
20220425,2.4432533121534044
20220426,-0.047103151543900754
20220427,0.16159995342958772
20220428,-2.7781753876683246
20220429,-0.49368748730166234
20220505,0.4363777874846261
20220506,1.656202175766185
20220509,1.7829080728806648
20220510,-0.9300174117237776
20220511,-0.35429993236066065
20220512,0.19281343330727777
20220513,-1.2850513759688313
20220516,-0.0284851582597432
20220517,-0.014785998949375703
20220518,0.4114684766124675
20220519,-0.542137046157492
20220520,-0.9262977843262412
20220523,0.9629930594552398
20220524,0.6215681477431673
20220525,0.22818458584119541
20220526,0.19857139474015886
20220527,-0.20973205363018357
20220530,0.11003124599874979
20220531,-0.7239441585632191
20220601,0.4719227157068595
20220602,0.11714637947196037
20220606,0.1801106759202289
20220607,1.240719594940821
20220608,0.3268931237060702
20220609,-1.3784099065495459
20220610,1.2083216893553537
20220613,-3.279758905696361
20220614,-0.15319303050508942
20220615,0.630657416909576
20220616,-0.29743496454883434
20220617,0.002447556619672569
20220620,-0.13076889412770304
20220621,1.0359903895437195
20220622,1.2068892558738291
20220623,-0.3583127296017637
20220624,-1.1098606971898948
20220627,0.32392940636560813
20220628,0.39307364347178403
20220629,0.5094757476784846
20220630,-0.4555769631633552
20220701,0.535757809464706
20220704,2.374357536024914
20220705,0.580575482223354
20220706,0.5126685139152745
20220707,-0.11606729023891098
20220708,-0.271352132712087
20220711,-0.10383092199027114
20220712,0.3855364783119163
20220713,-0.3285275476979557
20220714,-0.891690751787639
20220715,-0.3198593794375401
20220718,-1.1552826994706111
20220719,-0.16577633165990355
20220720,-0.22417794179308062
20220721,0.3409478836637255
20220722,0.5752992834690688
20220725,-0.10664096242930407
20220726,1.9865478573131674
20220727,-0.2604171980987809
20220728,1.2543412045226743
20220729,1.0419236831732896
20220801,0.3244583899196907
20220802,-0.4816877137584597
20220803,-0.37749571467409043
20220804,-0.4766017272433805
20220805,0.14564769398492172
20220808,0.9895099591622095
20220809,0.21269248067127017
20220810,-1.1921339022349402
20220811,0.5039820473998082
20220812,-0.9968984878723269
20220815,0.7026775937120169
20220816,-0.005783509926645522
20220817,0.24137598977604457
20220818,0.9361367735401701
20220819,-0.04711210744026717
20220822,-0.028972707664531663
20220823,0.036811541297115995
20220824,-0.5306601631481621
20220825,0.2773281240182348
20220826,-0.25877292858731815
20220829,-0.11197049419783191
20220830,0.17528494059083247
20220831,0.7400863390507211
20220901,0.25436769349178073
20220902,1.54043205502558
20220905,0.043274584119972426
20220906,-0.7247263250013051
20220907,-0.7918452445237935
20220908,0.46482065801173905
20220909,0.8322128426550532
20220913,1.4124868445447951
20220914,0.053165902872908
20220915,-0.4514438183933172
20220916,-0.5153739656679858
20220919,-1.382345514407319
20220920,0.10713328331658697
20220921,1.0357685353881334
20220922,1.120418053951695
20220923,-0.7339920298982349
20220926,-0.679597019335458
20220927,0.38488177878113944
20220928,1.0181047302312023
20220929,1.0701614823673282
20220930,-1.2352898475977785
20221010,-0.2568875631034202
20221011,-0.3408642365732672
20221012,0.9216195399101231
20221013,1.330378631208682
20221014,1.1717460851755608
20221017,-1.225616203730161
20221018,-0.3031783503419975
20221019,0.5988469871882346
20221020,0.6135587268867426
20221021,-0.3451302650661229
20221024,-0.5022481939674162
20221025,-0.045867650619304534
20221026,-0.8783366985660165
20221027,-0.6326383132742667
20221028,0.7057925482207741
20221031,-0.33046211915414847
20221101,-0.7935740539267662
20221102,-0.46316196156096684
20221103,0.31107974723857645
20221104,0.1278191108421759
20221107,0.09549797909435058
20221108,0.2847424779884577
20221109,0.48478509054666596
20221110,0.5840549374910408
20221111,0.23475217585207014
20221114,-0.5195381664770994
20221115,0.5260156464554694
20221116,-0.34132170593305217
20221117,1.009010306019094
20221118,0.8044457543772073
20221121,-2.205360280525474
20221122,-0.0740768225367815
20221123,-0.49560760919754554
20221124,1.2703327688381807
20221125,0.15324626630635788
20221128,0.29293889478562635
20221129,-1.3854645589960732
20221130,-0.8693226884832481
20221201,0.0787815131451237
20221202,0.4899371238964801
20221205,-1.2248671500612116
20221206,0.38409192227529576
20221207,-0.1848373413060755
20221208,-0.2967031604137719
20221209,-1.026392687348894
20221212,0.9780330341246385
20221213,-0.7208878515717206
20221214,0.2988392106813286
20221215,0.26597735228451025
20221216,0.6514062493839881
20221219,2.301004716987306
20221220,0.6237103100022278
20221221,-1.079303575322337
20221222,0.34455908583768136
20221223,0.6298883638008083
20221226,-4.250300898538855
20221227,-2.4031792520556228
20221228,-1.2615389892862858
20221229,0.21162426350812555
20221230,-0.03802469349181759
20230103,-0.5924535123014019
20230104,-0.9240349204621889
20230105,-0.25494013457353176
20230106,-0.15786395281585974
20230109,-0.21853458354675034
20230110,-0.17679714782935016
20230111,0.24583061266131884
20230112,0.014702600526609856
20230113,0.7573001224689122
20230116,-0.26486647299418725
20230117,0.39450950618742586
20230118,-1.295473315246351
20230119,1.2612608827321028
20230120,0.09961362047795147
20230130,0.8972484630607047
20230131,0.36410547037870417
20230201,1.4436751732703397
20230202,0.6064205293815489
20230203,-0.41235482228954684
20230206,-1.388857514712821
20230207,-1.8154498062969275
20230208,-0.7239582950688865
20230209,-0.0847404376195077
20230210,0.024615772788965623
20230213,-2.10100472417785
20230214,0.3004877424590702
20230215,0.8056350686198346
20230216,0.9027283980280219
20230217,0.580212790292973
20230220,-0.21723894415290507
20230221,0.2226263996248137
20230222,0.8818571961272839
20230223,-0.7459218730511941
20230224,0.885127571387063
20230227,-1.0994144270800275
20230228,0.23452005391748787
20230301,0.31639158415320207
20230302,0.5131273097245359
20230303,-0.6664947974411977
20230306,-1.8151612617548853
20230307,-1.6741054247084883
20230308,-0.49851572044208253
20230309,-0.5022192988164567
20230310,0.4090889580789854
20230313,0.16292148508410498
20230314,1.215019789968309
20230315,0.3322102130967059
20230316,1.2904022006704983
20230317,2.898047792321175
20230320,2.0697663663556605
20230321,-3.114601394555812
20230322,0.8739093038064746
20230323,0.9686314595859827
20230324,0.8079670728788869
20230327,0.4102022509387208
20230328,0.21213907087949402
20230329,-0.7297363350410242
20230330,-0.18426534707936798
20230331,0.9821540049795097
20230403,-3.6810732058638758
20230404,-0.29519260886538684
20230406,0.44075448455119
20230407,0.10838319442513554
20230410,-0.8943167708201368
20230411,0.8246574957506673
20230412,-0.38546652913676105
20230413,0.5363825759429841
20230414,0.17159165595052298
20230417,0.6375664773243079
20230418,-1.1622091189899384
20230419,-0.6288720549247528
20230420,0.5695285455531482
20230421,2.4948038266604127
20230424,-0.21819880534283884
20230425,-0.9125152640803958
20230426,0.07400408537983945
20230427,1.2989163236005692
20230428,0.3839778893043061
20230504,-1.9188446645387303
20230505,-0.6347559459532512
20230508,-0.9560807211419964
20230509,0.7303078112634873
20230510,-0.8413397899276897
20230511,0.33895427421508156
20230512,0.9472392235776025
20230515,0.5101814964972818
20230516,0.15050111858249116
20230517,-1.0480726973097474
20230518,0.47239820729108706
20230519,0.4104859877393969
20230522,0.082578706462885
20230523,1.0026950733098627
20230524,-0.4213339034828868
20230525,-0.5299682889550041
20230526,0.04996232825296114
20230529,0.3041900812717941
20230530,-0.07029512410048097
20230531,-1.690997927336255
20230601,1.8452717132717171
20230602,-1.2826619459405397
20230605,0.7518321692131869
20230606,-0.3336715640115315
20230607,-0.061166368254131465
20230608,0.18778595197789918
20230609,1.4195898037063748
20230612,-0.6193158237323
20230613,1.966978883974497
20230614,0.017958163439120173
20230615,2.2865380433862614
20230616,1.7479686394784113
20230619,0.5166800372405439
20230620,0.7280016071407367
20230621,0.504421692408875
20230626,0.7947184072937259
20230627,0.39195074870907765
20230628,-0.13853245415965246
20230629,1.2255881258081853
20230630,0.9231332144568964
20230703,4.080068169522354
20230704,0.8704409387739224
20230705,-0.04299691439280062
20230706,0.6068558580710842
20230707,-0.010907762947637994
20230710,1.3576718720744092
20230711,-1.530387368168963
20230712,1.3237488336796683
20230713,-0.45082915752004454
20230714,0.09915421878505846
20230717,-0.10244627634571517
20230718,-0.2894185671952103
20230719,0.6600077524443978
20230720,0.03722252680662353
20230721,0.6462753227402165
20230724,0.3486870113418501
20230725,0.06183836861105546
20230726,-1.0886858679528961
20230727,1.4416836591082907
20230728,0.23434720860048278
20230731,1.4205883289516668
20230801,0.12127321714479922
20230802,-0.13094988330876758
20230803,-1.7611993799868566
20230804,0.15745190016559776
20230807,-0.8103165233529876
20230808,-1.9911475750006078
20230809,-0.7650431133122462
20230810,-0.386609160693216
20230811,0.7937850077551012
20230814,-0.10155506746547935
20230815,1.2424323785705196
20230816,1.0550242621340231
20230817,0.564201821621357
20230818,1.2876352427931577
20230821,0.5366842264219918
20230822,-0.5823117135290564
20230823,-0.6450830067479838
20230824,1.0899722676031178
20230825,1.4209894125855866
20230828,-0.012744636538604982
20230829,-1.0041169498140168
20230830,0.4804632770386773
20230831,0.6245643991116091
20230901,0.01663377140091611
20230904,-1.5848680753614985
20230905,0.2811881126760805
20230906,-0.12969606845142956
20230907,0.3383247579294761
20230908,0.7700558691098607
20230911,-0.4577692472339992
20230912,-1.2421588241248231
20230913,0.8694775864947412
20230914,-1.153781173737304
20230915,0.1441548297644945
20230918,1.740847572463795
20230919,1.0142141971299983
20230920,-0.717851150516986
20230921,2.07592303036159
20230922,-1.8307620779909126
20230925,-0.03241393517507436
20230926,-0.03931103535279589
20230927,-2.07294229031767
20230928,-1.083181794069814
20231009,3.233124480736169
20231010,1.6031472736732544
20231011,1.3626476221176123
20231012,-0.98173094303849
20231013,-0.3832473414638471
20231016,-0.10760551319254422
20231017,0.31146157668914487
20231018,0.0003758278845201376
20231019,-0.8495732951778312
20231020,-0.3226672351896161
20231023,1.681389929204841
20231024,-0.03435189118340834
20231025,-0.9996341404871909
20231026,1.0455704326359183
20231027,-0.10500765852980533
20231030,-0.6728420145108895
20231031,0.9137663172433245
20231101,0.08723961076770617
20231102,-0.9053309022312537
20231103,-0.22218335129896188
20231106,0.5465354086846724
20231107,0.44371656979224067
20231108,0.014554712104920249
20231109,0.2981580298249401
20231110,-1.1904950555205498
20231113,-0.7669934823274861
20231114,-0.45342543899460613
20231115,-0.466264009361863
20231116,0.9138517472528581
20231117,1.0901036031112632
20231120,0.41735975799542724
20231121,0.13404712389850926
20231122,-1.153350288282935
20231123,0.8686787388261522
20231124,0.9577191819786525
20231127,-1.5169397627906205
20231128,-0.6609031426578308
20231129,0.21731940582776427
20231130,-0.4574577000768754
20231201,1.693173676214011
20231204,0.9846556023845324
20231205,-0.03537565018272281
20231206,0.9405602449586294
20231207,0.4242761773542511
20231208,-3.0950137926700423
20231211,1.038522206943426
20231212,-1.1432293916987848
20231213,0.8757126239946817
20231214,0.6363351513464872
20231215,0.038172335598551786
20231218,1.7707749687303846
20231219,1.0488586798570487
20231220,-0.4915025972972572
20231221,0.2694849176868991
20231222,-1.1888266740329885
20231225,0.2536475341908431
20231226,0.5685474941488189
20231227,1.0317979547352467
20231228,-0.7160527966863005
20231229,-1.324234196032742
20240102,-2.023676383621222
20240103,-1.0917776218664357
20240104,0.5001378456661187
20240105,1.1094393484831937
20240108,1.159490298579676
20240109,0.2326021764881648
20240110,0.10859263128806328
20240111,-2.1866117422244082
20240112,1.0988514157058218
20240115,-0.37346145845613316
20240116,-0.678398802410814
20240117,0.9077250983260664
20240118,0.8507935055751675
20240119,0.9278319957788573
20240122,-0.4245695631738629
20240123,-0.02749567029694912
20240124,0.42770918531602525
20240125,0.07204923635113136
20240126,-0.8004411993625081
20240129,0.21940945614364168
20240130,-2.587229979263333
20240131,-0.8600920389720655
20240201,-0.8812295430215485
20240202,-0.17194011777017157
20240205,0.19170945474833928
20240206,0.1241056204765822
20240207,0.1581212721427284
20240208,-1.0186100968959002
20240219,-0.9880406774863639
20240220,1.0674311486121006
20240221,0.6369265822253395
20240222,1.666739662290799
20240223,0.5438056206556581
20240226,-0.2299762692983345
20240227,-0.04761696610510925
20240228,-0.2665839098342119
20240229,1.3491335076218607
20240301,-0.0649202721100294
20240304,-1.0020531745081598
20240305,-0.0969181282895165
20240306,1.4844788108549454
20240307,0.5612489053844268
20240308,0.12653524326821378
20240311,-1.4346498189501171
20240312,0.5514857977172888
20240313,-0.35422227347237134
20240314,0.0953361044078111
20240315,-0.1970024686942806
20240318,0.3282072821586877
20240319,0.6984178093413336
20240320,0.09042062175302876
20240321,0.15032696154110675
20240322,0.494167177678172
20240325,-0.5548873569004712
20240326,-0.12346562821957682
20240327,1.0448575335123151
20240328,-0.760914362990763
20240329,0.7873578605045771
20240401,0.160955765372036
20240402,0.23137325127816472
20240403,-0.6316802727851055
20240408,-0.269189615025492
20240409,0.3668357219347416
20240410,-0.27967641066260696
20240411,-0.11407880394232389
20240412,-0.3021459296119839
20240415,1.2579070235206689
20240416,-0.41486643437827153
20240417,-0.538982467421538
20240418,-0.836805723868311
20240419,0.40788707295726795
20240422,-0.20061251022284968
20240423,-1.8483283859357489
20240424,-0.6663549662502484
20240425,0.3737484995821023
20240426,-1.1595811591771628
20240429,1.1635633347473668
20240430,-0.5189703818141133
20240506,0.08206017407201664
20240507,0.1428653727449255
20240508,-0.020980334969606596
20240509,-0.49497744532642063
20240510,0.38279690062847754
20240513,-1.635868713030612
20240514,-1.296924511994837
20240515,0.054476973629298674
20240516,-0.5220051504920288
20240517,-1.7950424319925016
20240520,0.6696863021657254
20240521,-0.426542537896689
20240522,-1.3436870412057629
20240523,0.3216158444787
20240524,0.41186202848723646
20240527,0.8369285901769719
20240528,-0.6351504359648659
20240529,0.06835068714476225
20240530,1.3829894066977184
20240531,0.39575160848034946
20240603,1.613721023448507
20240604,0.375539478282712
20240605,-0.7752801092134942
20240606,-0.49952955286960543
20240607,0.7346414101727227
20240611,1.3645447909246382
20240612,-0.1288831109590399
20240613,-0.21527624241539534
20240614,-0.8629182909597689
20240617,-0.07008465546142945
20240618,0.5790429707689079
20240619,0.4161351194561218
20240620,0.4924596286818829
20240621,0.18770647486380893
20240624,1.4815903955609346
20240625,-0.7647398694284582
20240626,-0.8941758474956337
20240627,-0.31670145219090673
20240628,-0.08655990935960689
20240701,-1.6553274662039819
20240702,0.4588222312054424
20240703,-0.24865162746923625
20240704,1.4790395392555042
20240705,-0.03716127764681492
20240708,-0.7114456854697573
20240709,0.210928564560956
20240710,-1.5001566808676121
20240711,0.07140711779598762
20240712,-0.5164107615910516
20240715,0.6349392438084328
20240716,-0.739961251754044
20240717,0.03419165048962462
20240718,-0.34718330804555037
20240719,-0.6115880925521914
20240722,0.10131791887635064
20240723,-0.2919550972163598
20240724,-0.9546538770213746
20240725,0.17560088707850596
20240726,-0.57727133634535
20240729,0.8173881079304945
20240730,0.31517254097050584
20240731,-1.0823314228827494
20240801,-0.12150158918311474
20240802,1.0491060638322127
20240805,1.2215387825906812
20240806,-0.8885346892680505
20240807,-1.699982689542077
20240808,-0.0024240995193164382
20240809,0.3386402605866714
20240812,0.27425875062522986
20240813,-2.4917670864629446
20240814,0.08801668121014178
20240815,1.1584541510225284
20240816,-0.7013019518563688
20240819,-0.46704481025192074
20240820,0.3327469156910875
20240821,-0.002932394417183434
20240822,0.6858962287455115
20240823,-0.6364336555173468
20240826,-0.5743285410784341
20240827,-0.4100086261474622
20240828,-0.03372373930642213
20240829,-0.23703992991573303
20240830,-0.21686265432334778
20240902,-0.11727169224311108
20240903,1.9082315677523778
20240904,1.4043061482683337
20240905,0.8156878430798477
20240906,0.971595329965314
20240909,0.6797825552644461
20240910,-0.38148280499926557
20240911,-0.7108406503635838
20240912,-0.21789690881695853
20240913,0.496948025516724
20240918,0.6927168742885585
20240919,-0.16670594734933955
20240920,0.7105958547953035
20240923,-0.7745721333169712
20240924,-0.0646168753316071
20240925,0.22029434156513025
20240926,0.35805757070330224
20240927,-1.511638851181165
20240930,-1.6593744012876959
20241008,3.0820964589434823
20241009,-0.3148052107989022
20241010,2.312365561169974
20241011,0.6499672215527299
20241014,-0.47621007519702685
20241015,-1.098015507326352
20241016,0.8241243391143919
20241017,0.41344426145199176
20241018,-1.3642296870732489
20241021,0.44488266656606923
20241022,0.42936873856329455
20241023,0.8678028769581088
20241024,-0.3142884681905611
20241025,0.499719838552053
20241028,-0.9115990890973622
20241029,-0.4232280922298813
20241030,-1.3507197851336554
20241031,0.01843381345107
20241101,0.001743759622930831
20241104,-0.14619703537021966
20241105,-0.09639193979557105
20241106,0.7092055428353432
20241107,-1.1092270237143267
20241108,0.9495311942602133
20241111,0.419226276999755
20241112,0.5239162713562763
20241113,-0.6646124223112054
20241114,0.08638594529734461
20241115,2.7686250451948293
20241118,-1.4187166278853256
20241119,-0.519605280756298
20241120,1.8035557959020325
20241121,-0.1801852182324068
20241122,1.8606856049721705
20241125,-0.8329352610609505
20241126,-0.4327481449449945
20241127,0.18804040694336144
20241128,-0.011094086312771308
20241129,0.22408391432837535
20241202,1.5924376038948198
20241203,0.8868057685336922
20241204,0.06164092290098632
20241205,0.0070591596727212205
20241206,0.46706265512281575
20241209,-1.292255116103691
20241210,-0.49781120943092183
20241211,0.4382060893176101
20241212,0.3047656938115829
20241213,-0.16153265531167715
20241216,-1.094674038778488
20241217,-0.006831393446972873
20241218,0.9218404027535677
20241219,2.8214319550245937
20241220,-2.3714889381346844
20241223,-0.7529276792260949
20241224,-0.7381516669075971
20241225,-0.6147372406399325
20241226,-0.2954057532043603
20241227,-1.5376116938998918
20241230,0.40663212150060385
20241231,0.3006538431323248
20250102,-0.3670725523105427
20250103,1.0102675231246527
20250106,-0.36543565712408554
20250107,-1.4573055474777659
20250108,0.5182319937459511
20250109,-0.49177223619778954
20250110,0.7263042504109352
20250113,-0.3299156650828879
20250114,0.25479726731960195
20250115,-0.4462530249058307
20250116,1.2072327055795917
20250117,0.06361492198619528
20250120,-0.6032983450705502
20250121,0.45833892434898765
20250122,-0.6768138232553442
20250123,0.6751676407190287
20250124,-1.403294099907572
20250127,-0.7337562117746042
20250205,2.968600864963828
20250206,-1.366059520281308
20250207,-0.7514215791083018
20250210,0.4089388447634941
20250211,-0.017771219392274443
20250212,-1.361326274395565
20250213,-0.9827343980527923
20250214,0.35736203942788436
20250217,-1.0205224123520618
20250218,0.4436532018198799
20250219,1.198062496151586
20250220,1.0832190651935776
20250221,-0.10529759191626457
20250224,-1.4718137889396037
20250225,0.07002640929528049
20250226,0.39410953857143954
20250227,-1.7538719937780471
20250228,0.2741796378738559
20250303,-0.7500144809555968
20250304,-0.15278307229508473
20250305,0.028402100080773648
20250306,-0.27810961224321734
20250307,-0.2195042022135858
20250310,-1.9106692641072067
20250311,0.006224968971539962
20250312,-0.4111664082339027
20250313,-0.05851456853003529
20250314,1.0469676678071174
20250317,0.4014778267229162
20250318,0.9751513125093766
20250319,0.2798264077632942
20250320,1.130784759550244
20250321,-1.3602566187024687
20250324,1.2262902558145197
20250325,-0.311198514641661
20250326,2.672544910352275
20250327,-1.25575095384788
20250328,0.5802078440062264
20250331,-0.23817048874033112
20250401,1.239850370521794
20250402,-0.5123002905520224
20250403,-0.37924642373414963
20250407,0.8428076752807029
20250408,-0.5783291989178204
20250409,-0.45360940332032135
20250410,0.27526381628889585
20250411,0.8560396486139589
20250414,-0.3823024329533439
20250415,-0.9950640569470839
20250416,-1.349557520501882
20250417,0.41596415570384343
20250418,-1.4981508822036231
20250421,1.9760285375466162
20250422,0.18665064149806404
20250423,-0.9721828638121706
20250424,-0.5641516233900647
20250425,-0.3309320490488496
20250428,0.31249535372993537
20250429,0.24802524373555565
20250430,-0.227047749104818
20250506,-0.04350935862957401
20250507,-0.24765041165602225
20250508,0.1349472560929903
20250509,0.16281934532985207
20250512,-1.0300371988347414
20250513,0.15663657691697808
20250514,-1.2252857671531496
20250515,0.5423633803655075
20250516,0.7016976205074263
20250519,0.0304541037929065
20250520,-1.1863857191828875
20250521,-0.10509617789512593
20250522,0.635452687158646
20250523,-0.3514365285416817
20250526,0.053818609579414305
20250527,-0.5613812000568906
20250528,0.396416304798121
20250529,-0.22450541488281478
20250530,-0.29337430811177584
20250603,1.1964568787346959
20250604,-0.16342793442170553
20250605,0.6349111308135537
20250606,0.1956998363337589
20250609,-1.5499473726140243
20250610,-0.0038729624934088318
20250611,-0.051681379261830855
20250612,0.4783439051696719
20250613,0.8869663294698883
20250616,0.43541960861015044
20250617,-0.6474845481319645
20250618,0.44161283810065455
20250619,0.4513097556185311
20250620,1.1996927448411812
20250623,-1.2997193108674456
20250624,-0.19424822694968907
20250625,-1.6224319113694388
20250626,-0.6797536470524765
20250627,0.12364004562926594
20250630,-0.035273638021960325
20250701,-0.48571466581335293
20250702,0.3099530166001264
20250703,0.13855076560637367
20250704,0.16211097979502945
20250707,0.21804564659855952
20250708,-0.8758201413057227
20250709,0.16161246343966537
20250710,0.3532695349294647
20250711,0.1963630743579169
20250714,-0.08869780611881967
20250715,-0.16492814089390298
20250716,-0.5665625584343411
20250717,2.016173196095066
20250718,0.3238206992949068
20250721,-0.8281850202373964
20250722,0.43671145597460925
20250723,0.7580248819008814
20250724,-1.349743465342961
20250725,-0.6695237674445393
20250728,-0.7905928466098281
20250729,-1.0076579570041448
20250730,0.6823409663179255
20250731,-0.5017605140762397
20250801,0.9664019846141809
20250804,-1.1651832473163126
20250805,-2.659072930459268
20250806,0.5283228598404348
20250807,0.6688775851507963
20250808,-1.1521662746857322
20250811,0.2087685879922441
20250812,-1.176404504492175
20250813,-0.29991853231079746
20250814,1.2176365551722161
20250815,-0.46870988660253193
20250818,0.5317347635482736
20250819,-0.3767577071754811
20250820,-0.6469696097870846
20250821,0.821182184960637
20250822,0.28444588507162455
20250825,0.13479777827449135
20250826,0.7028669905977755
20250827,0.8242791584902295
20250828,-0.5047446797298382
20250829,-0.3362788957790132
20250901,-0.5424730008773899
20250902,0.07502227326469725
20250903,0.873921094271179
20250904,0.7575922930364124
20250905,-1.1084626141415859
20250908,-0.194091627516361
20250909,1.4495116243327588
20250910,0.13149809916766353
20250911,-1.100031893747659
20250912,-0.11683827791656151
20250915,-2.6030618740722904
20250916,1.19942829521693
20250917,0.20684403560183803
20250918,2.2624944177414315
20250919,0.6386163051837878
20250922,-0.09216677241076088
20250923,2.6030935535570676
20250924,-0.9205511098361342
20250925,0.47246454601572974
20250926,1.6064440791800827
20250929,1.2668894509100679
20250930,-0.18167555728377643
20251009,1.0781286727441364
20251010,-0.06509081147807241
20251013,-0.9690486935352549
20251014,-0.3829833349863646
20251015,-0.13681642430604127
20251016,-0.20455997392574965
20251017,0.5421207493975922
20251020,-1.5952774189057592
20251021,-0.041119280973462034
20251022,0.904657928252755
20251023,-2.306950688149021
20251024,-0.09672573223456715
20251027,0.3316887980406981
20251028,-1.504380839399932
20251029,1.20591704036541
20251030,-0.8289395787615081
20251031,0.4472710185805768
20251103,1.012740422586909
20251104,0.11021007501880954
20251105,-0.20781712509344574
20251106,-0.4847141412115493
20251107,-0.3871823099032431
20251110,0.6958849029130366
20251111,0.4532528055578691
20251112,-0.08846852642744205
20251113,1.5976061540515887
20251114,-0.6823540747641293
20251117,-1.380358139638743
20251118,-1.1024224035856665
20251119,-0.27139652660548685
20251120,0.34817153971880876
20251121,1.2801570145480352
20251124,1.152892828956335
20251125,1.2341457276829024
20251126,-0.6382483165016524
20251127,-0.8357324021755917
20251128,0.4041849675194764
20251201,-0.10061473506784341
20251202,0.354240664725856
20251203,0.5197922135726328
20251204,1.4412330590536835
20251205,0.7329557157630338
20251208,-1.1907826814117064
20251209,0.09889765741473003
20251210,0.19898136704838243
20251211,0.010291403994955992
20251212,-0.9433348935515766
20251215,-0.14945974787684346
20251216,0.11786020736930096
20251217,0.7307245832781255
20251218,0.6206923210527955
20251219,0.3425490015751067
20251222,-0.9681634961492642
20251223,0.21850961866953214
20251224,-1.2265027340063686
20251225,-0.21918418724908076
20251226,-1.9114218252851294
20251229,0.0067589517795859045
20251230,0.1368908286560415
20251231,0.4445233893753532
20260105,0.9007468864888329
20260106,0.8794201611717892
20260107,0.7397985507856538
20260108,-0.48519421741341817
20260109,0.6728241579681816
20260112,0.8299925491285545
20260113,-0.397182775143247
20260114,0.5349680474355766
20260115,0.03630106976720441
20260116,-0.8577789272863466
20260119,-0.8007253541522894
20260120,-1.060745438058508
20260121,-0.32864019233568575
20260122,0.22494541082805233
20260123,0.4012218704423775
20260126,-2.5421474103977477
20260127,-1.4119572777810738
20260128,-0.21200253941669112
20260129,-1.644680619476165
20260130,0.8043701833219639
20260202,1.347982691310425
20260203,0.3358747150181902
20260204,-0.5037532899625949
20260205,-0.7780445602362165
20260206,-0.40750990205102167
20260209,0.29875329481182006
20260210,-0.29373552919452117
20260211,-1.5677178230454445
20260212,0.8237626645537715
20260213,-0.009549708655474979
20260224,1.9151610070636007
20260225,-2.1575860436482457
20260226,0.5741687762318843
20260227,0.13301814475846652
20260302,0.08655065719789566
20260303,-2.098322487456115
20260304,0.42905911862812746
20260305,0.18866203154541764
20260306,-2.0255057815273663
20260309,-3.7222963197176617
20260310,2.349273549933732
20260311,-0.8011348697076617
20260312,-0.27115313592744894
20260313,0.18760960842814212
20260316,0.6187512754515749
20260317,0.11342740319381357
20260318,0.3785660845839225
20260319,-0.08095233929390319
20260320,2.017321512376071
20260323,0.89609105691559
20260324,-3.0622682164548825
20260325,-0.7245370947846171
20260326,1.0852949576549122
20260327,-0.640109601158142
20260330,-0.86151377854539
20260331,1.077796731295241
20260401,1.2469105724404037
20260402,-0.22761859156518707
20260403,0.9661853617586014
20260407,0.11148525840882491
20260408,1.3800218551191588
20260409,-1.453298403653589
20260410,-1.8674336401308458
20260413,0.9710744060594674
20260414,-0.024432568638933998
20260415,-1.4072546093533165
20260416,-1.2016876942420796
20260417,-0.40805951727233514
20260420,0.30083661166697184
20260421,0.8077365887406827
20260422,0.7875283379146026
20260423,0.005306273008657783
20260424,0.11720958090548708
20260427,1.0151914372396578
20260428,-0.11675860423009404
20260429,-0.13761400360351062
20260430,0.5259759618208126
20260506,0.727289179607126
20260507,0.7208318400521243
20260508,1.3809012044748898
20260511,0.5786786632539094
20260512,-0.004902338586172531
20260513,-0.38028213850276815
20260514,0.990885028343151
20260515,2.4498068890428
20260518,-0.17005336306527746
20260519,-2.461797694637077
20260520,1.0725217097476984
20260521,1.7954620984626843
20260522,0.13856774237816868
20260525,0.23218505756885516
20260526,-0.17995008034344778
20260527,-0.36291733907154977
20260528,-0.755582337225906
20260529,-0.03502439118924697
20260601,-1.649358000857617
20260602,0.21466935694599848
20260603,-1.2510357882235132
20260604,2.0398202838165433
20260605,1.9933193944169918
20260608,2.1960744125606095
20260609,1.4505197925744997
20260610,-1.0899566613375495
20260611,-1.4298384079094035
20260612,0.5399628821572559
20260615,-0.46210986456798053
20260616,-1.0000169074518626
20260617,1.2454842089852591
20260618,0.614740084600918
20260622,0.2707164733828958
20260623,-0.7869078580892183
20260624,0.1091502361666206
20260625,-1.2909402764056312
20260626,2.869399567654579
20260629,-1.1573265888215094
20260630,-1.4864961657853755
20260701,0.30722700910625395
