trade_date,GMV
20180102,0.0
20180103,115.82119396956463
20180104,131.21718363265708
20180105,126.93020161632604
20180108,122.90373646069565
20180109,119.77267790950705
20180110,118.12674109577156
20180111,118.4093869928182
20180112,117.44517606278416
20180115,117.77726653112771
20180116,113.70527723902447
20180117,111.30654481668799
20180118,109.12711962332651
20180119,107.23248708399356
20180122,105.91965036949694
20180123,105.03919245960412
20180124,104.79704960318466
20180125,104.62644100274117
20180126,104.27444199558812
20180129,104.34950982385948
20180130,105.7113432655511
20180131,108.38970332069658
20180201,111.02226240971602
20180202,112.67119336356966
20180205,113.42870385913025
20180206,113.79125177058656
20180207,114.30884537589938
20180208,114.689827153653
20180209,115.27334921971271
20180212,115.8086229099662
20180213,117.39734866413481
20180214,118.5455455840893
20180222,119.22111742890378
20180223,119.67909305355859
20180226,119.1792198361004
20180227,119.30094783041262
20180228,119.10804032866939
20180301,119.30540533775692
20180302,120.34529512394886
20180305,118.82525198854583
20180306,117.6174674940911
20180307,114.81445115114123
20180308,111.62585003483085
20180309,108.28709069698441
20180312,106.3227442481549
20180313,104.72230213729813
20180314,102.64833403308656
20180315,100.92149538647665
20180316,99.62760593397878
20180319,98.15929174259124
20180320,96.8279518515829
20180321,96.03611634298576
20180322,95.50683069255243
20180323,92.84004992836364
20180326,91.08919817732335
20180327,89.31293246790871
20180328,87.92523104592986
20180329,86.58540575341267
20180330,84.39037523917078
20180402,82.95924367698194
20180403,81.94255843008345
20180404,81.66250120069377
20180409,81.27185798218635
20180410,81.85881893893416
20180411,82.38700543144142
20180412,82.68276564222887
20180413,81.05086775890554
20180416,79.32331732087795
20180417,73.9453049085841
20180418,69.46476540280868
20180419,65.45999352699104
20180420,62.7634991233906
20180423,62.19013261751775
20180424,63.64898122720741
20180425,64.90478580752435
20180426,66.04285762587504
20180427,67.05832120970595
20180502,67.27204457550971
20180503,67.67801235739762
20180504,68.07490176622316
20180507,68.332672543217
20180508,68.6578756003904
20180509,68.93629790842542
20180510,69.14480661399055
20180511,69.46901935831349
20180514,69.70478085964281
20180515,70.89086838839309
20180516,72.24598826974517
20180517,73.60255769351141
20180518,75.05251009650594
20180521,76.69859112943003
20180522,78.7305846125983
20180523,81.04445718207012
20180524,82.75682726217153
20180525,84.23258722003573
20180528,85.43010970810982
20180529,85.91167537452253
20180530,88.20278990627497
20180531,90.01100008257244
20180601,91.395232093886
20180604,92.54740357838762
20180605,93.29330745030154
20180606,94.65437692099636
20180607,95.84489962028196
20180608,97.53662599628366
20180611,99.1709587651546
20180612,99.9744042354258
20180613,101.20002645871148
20180614,102.52010842221586
20180615,104.29490144475824
20180619,102.43815491439165
20180620,100.67467045404655
20180621,100.06524801605697
20180622,100.15588353316303
20180625,100.04919504665301
20180626,99.23329651547212
20180627,99.50000710641214
20180628,99.59027875787693
20180629,99.66787760020944
20180702,98.78073312810274
20180703,97.81060139466024
20180704,97.05094676492544
20180705,96.42893453227543
20180706,96.0674832401794
20180709,95.89970994755981
20180710,95.67102431451656
20180711,95.89393153371168
20180712,94.90304341986116
20180713,94.12759033231505
20180716,93.44959699557836
20180717,96.5496322622059
20180718,99.67470923063084
20180719,102.43690535996063
20180720,104.5158302906068
20180723,106.75478503091003
20180724,109.41962682065966
20180725,111.38673438878786
20180726,113.64152923316139
20180727,113.77875791237403
20180730,116.47846597334023
20180731,118.72465928174798
20180801,119.63128537931863
20180802,120.68627667374476
20180803,120.55913709825008
20180806,119.30844646490469
20180807,117.29569518544164
20180808,115.16150668326718
20180809,114.51058373432565
20180810,113.42634677850461
20180813,111.00934434597448
20180814,108.80324432277546
20180815,106.99517959895486
20180816,105.25974794171735
20180817,102.71571137445873
20180820,99.6047681165618
20180821,95.81824465548354
20180822,92.52560724920761
20180823,89.38799250454636
20180824,87.26898810065624
20180827,84.84802328780532
20180828,82.78999919030468
20180829,81.21183749427416
20180830,79.7389029677206
20180831,78.95312571850143
20180903,78.9611604729572
20180904,79.65363826535625
20180905,80.21835199077428
20180906,80.18386470638781
20180907,80.21103147117948
20180910,80.4146671637134
20180911,79.81950468601109
20180912,79.40157130742764
20180913,78.72553187537896
20180914,78.87370716640335
20180917,79.66348234271388
20180918,81.29319045592479
20180919,83.01211707172008
20180920,84.58211861980269
20180921,85.79058434021005
20180925,87.26168561364443
20180926,88.76261657318521
20180927,90.22307957042932
20180928,91.67632153531892
20181008,92.44762514887533
20181009,92.55098845792293
20181010,92.5939175920343
20181011,92.57958880985211
20181012,92.95317842420492
20181015,93.11548840451216
20181016,93.69057505962867
20181017,96.48600330880575
20181018,97.55443354870974
20181019,98.63272324958312
20181022,99.56556978325249
20181023,100.08190218305269
20181024,100.549805679124
20181025,100.97026445126573
20181026,101.39008396048992
20181029,101.412204190431
20181030,101.69280730903793
20181031,101.78448111335649
20181101,101.14871460036244
20181102,100.64446583746602
20181105,101.03399415013656
20181106,101.78414598922006
20181107,102.64021897058944
20181108,102.95281334404945
20181109,104.68840056420585
20181112,103.27977397118057
20181113,102.18152705877617
20181114,101.35749621319538
20181115,101.23739471678009
20181116,100.58928554636366
20181119,100.36400969690348
20181120,100.00835228851184
20181121,100.23341903587854
20181122,100.43526616393407
20181123,99.63796448849303
20181126,96.80933485330154
20181127,94.47171718719382
20181128,91.94180372913355
20181129,90.12601562096012
20181130,89.00778114238457
20181203,86.81051785469272
20181204,84.83323175706835
20181205,82.65591003946165
20181206,80.73163446443601
20181207,78.90028641001538
20181210,73.8132826356223
20181211,69.7126734870503
20181212,66.40948702823155
20181213,64.37876173049953
20181214,65.5618556781156
20181217,66.47991936214154
20181218,67.28508146776265
20181219,67.96829706691467
20181220,68.49917604539863
20181221,69.78839041417831
20181224,73.87076358414598
20181225,77.26260809501231
20181226,80.18797840692923
20181227,82.86543040333376
20181228,85.17621432642208
20190102,88.46315086253284
20190103,91.26691850635035
20190104,93.462154123694
20190107,95.85348389999217
20190108,98.76056125985417
20190109,101.88271335423443
20190110,104.603549365281
20190111,105.6195297178599
20190114,108.75241746239314
20190115,111.23025104721052
20190116,114.05131481290354
20190117,116.77606704925367
20190118,117.3991874119923
20190121,118.28649119890048
20190122,118.06667720104643
20190123,118.57352001057548
20190124,120.7599803895255
20190125,122.77718962587959
20190128,124.30690193922885
20190129,124.02308281774023
20190130,124.41044991305644
20190131,125.3241023018062
20190201,125.30533584812957
20190211,123.99556764103741
20190212,122.22264082026268
20190213,119.04177917103468
20190214,116.5279772171479
20190215,114.03799127349889
20190218,111.49645201731786
20190219,109.70585970596827
20190220,107.76237698760161
20190221,106.01806138781036
20190222,105.10853224534034
20190225,104.28569956705337
20190226,103.82863679616405
20190227,103.39129705356372
20190228,102.98030871665028
20190301,102.26938332717182
20190304,101.27707160384976
20190305,101.20126498307582
20190306,101.13384522488191
20190307,101.98985444525997
20190308,102.58004771690145
20190311,104.40486691610089
20190312,106.04395990441722
20190313,108.39145598762559
20190314,110.07352438872077
20190315,111.10469064635868
20190318,111.44530680195226
20190319,111.76257605183916
20190320,113.03601910356512
20190321,114.55835961446179
20190322,115.85425892602535
20190325,115.89350083783438
20190326,116.17112434997003
20190327,116.35499476333261
20190328,116.82761688160738
20190329,117.6972928895743
20190401,118.70804320168745
20190402,119.25040875792453
20190403,120.25807104646266
20190404,121.71118989001518
20190408,122.4682766204907
20190409,122.51217702522071
20190410,123.09681415999859
20190411,123.67567934904744
20190412,124.2637297787154
20190415,125.22007287069746
20190416,125.67590432840394
20190417,125.56545389430889
20190418,124.78648239020512
20190419,123.70643829330733
20190422,122.99504305403268
20190423,123.2033753536968
20190424,123.2111231362521
20190425,123.08557413782034
20190426,123.00054665968966
20190429,122.90011979290331
20190430,123.12058762376729
20190506,122.16242932151434
20190507,121.34916801666935
20190508,120.30872224951861
20190509,121.5268595390292
20190510,123.78514410556633
20190513,125.15166809972456
20190514,126.2484457504812
20190515,125.53947872625888
20190516,124.8918041480997
20190517,125.35014591896154
20190520,125.36411093712752
20190521,124.315236078422
20190522,122.88776593065205
20190523,121.80578333247375
20190524,120.86994163790665
20190527,119.12571643343976
20190528,117.5507158856004
20190529,116.24449281158786
20190530,115.23731708654743
20190531,114.60919432043704
20190603,114.05867003930807
20190604,113.33816024944537
20190605,112.96768366362399
20190606,112.78028016779011
20190610,112.38274817315236
20190611,110.67085699256033
20190612,108.90365591009801
20190613,107.54778985559713
20190614,106.31272280922553
20190617,105.28489813242905
20190618,105.02272682598614
20190619,106.4019207020007
20190620,107.77070016411079
20190621,108.47892975991616
20190624,108.70065017291809
20190625,109.30595573957554
20190626,109.60306957499806
20190627,109.75846825558384
20190628,109.8094307957798
20190701,109.86512616746697
20190702,111.16263955097841
20190703,111.79137253756502
20190704,111.96364027851662
20190705,111.81631837700158
20190708,111.41343027270113
20190709,111.52709793438578
20190710,113.05760591671182
20190711,114.27006391035762
20190712,114.08182474294912
20190715,114.20714126307212
20190716,113.936163434838
20190717,113.54200976291432
20190718,112.83750846840076
20190719,112.19429073268071
20190722,110.97028173360846
20190723,110.83443875885408
20190724,110.8343364789716
20190725,110.66076545745833
20190726,110.9590943344702
20190729,111.42585276084628
20190730,112.12685558801687
20190731,113.16435740438659
20190801,114.10285138872904
20190802,114.6213677987146
20190805,115.1350711440148
20190806,116.20094248135683
20190807,116.98247867164083
20190808,117.79111453075507
20190809,118.7706229948721
20190812,119.08157751340407
20190813,120.08575959491488
20190814,120.58256085316137
20190815,120.94174092521193
20190816,121.14750794671387
20190819,122.56821790797035
20190820,123.4507221344883
20190821,124.2354086053823
20190822,125.09244054003025
20190823,126.07896296867582
20190826,124.56251783090218
20190827,122.94300955818073
20190828,121.46460948357083
20190829,119.64847264415513
20190830,116.33523216072373
20190902,113.4097132909674
20190903,111.01957028829601
20190904,109.1215099133335
20190905,107.74318293528343
20190906,107.08962876312695
20190909,105.96944575929791
20190910,105.0669079280744
20190911,104.28415579533966
20190912,103.58046561933337
20190916,103.4953630182451
20190917,103.44763341415695
20190918,103.54027304770909
20190919,103.28187925230924
20190920,102.69934950975765
20190923,101.67690651597822
20190924,100.57694467937203
20190925,100.0076333815841
20190926,99.45101792306009
20190927,135.9119936979763
20190930,137.05930083677165
20191008,139.8675147638521
20191009,143.67418667140703
20191010,146.1607244790202
20191011,148.30713348739093
20191014,150.64841444482332
20191015,137.16747890727189
20191016,137.2247696855874
20191017,128.741078449552
20191018,122.71071500845005
20191021,117.7739131492428
20191022,115.64383543786485
20191023,120.61914472804975
20191024,124.81877156896432
20191025,128.18777802820017
20191028,124.94615313051364
20191029,125.32595862104043
20191030,132.45090451645842
20191031,138.7076132850824
20191101,145.6341556157072
20191104,151.4482183832571
20191105,155.42221849098075
20191106,158.73935326067442
20191107,162.18085567620457
20191108,164.97091310433885
20191111,166.5100731958478
20191112,166.41338055908406
20191113,168.41178065326125
20191114,167.6242902080646
20191115,166.52528429169854
20191118,164.89465466988668
20191119,161.6343676362648
20191120,158.506317536406
20191121,155.54594121890818
20191122,152.997577617825
20191125,150.65600397081764
20191126,147.61657021044962
20191127,138.68851126226969
20191128,131.3834005447252
20191129,125.26954642287313
20191202,123.16127586074218
20191203,125.06813975314469
20191204,126.65287672608567
20191205,128.11540963425156
20191206,123.52203926759434
20191209,121.0647527913282
20191210,126.50348234403687
20191211,129.05830980837078
20191212,130.75198278543434
20191213,132.17498586850604
20191216,133.2272814188605
20191217,135.6630885166822
20191218,137.8188307714592
20191219,139.65231745103915
20191220,141.4149345851796
20191223,143.45855825888165
20191224,147.31595519451326
20191225,150.50922640380426
20191226,153.24826115434703
20191227,155.7867507962979
20191230,158.42456727114885
20191231,160.0197953281346
20200102,159.07163994254495
20200103,158.3053341160379
20200106,157.41353655166594
20200107,159.62655531091139
20200108,160.2875322438432
20200109,160.4391715033826
20200110,165.30057740563367
20200113,168.25779018509957
20200114,170.79298012350236
20200115,172.98806931083533
20200116,176.40388117180942
20200117,179.46845724244216
20200120,181.37297333255677
20200121,183.2437297990268
20200122,186.10009637630924
20200123,187.38693906598976
20200203,176.79071172542731
20200204,164.61029296856964
20200205,153.06276459801552
20200206,143.4581891486655
20200207,136.06520894427152
20200210,130.00452572020023
20200211,124.54817077765334
20200212,119.65158258321712
20200213,115.57137021771706
20200214,112.18156871883635
20200217,109.32391200317157
20200218,106.98903697489536
20200219,105.17966179856262
20200220,103.36293038318486
20200221,101.84250604463902
20200224,100.41198451921468
20200225,99.52309202855974
20200226,98.55614929508462
20200227,97.68503560661696
20200228,96.8604044263164
20200302,100.74050950549469
20200303,106.626089606438
20200304,113.12300928339212
20200305,118.43158228283416
20200306,122.53274372053905
20200309,124.99670474712181
20200310,128.99244386932165
20200311,132.77122838024715
20200312,135.83549722470926
20200313,137.8660517504643
20200316,138.8191327380228
20200317,140.09355464423638
20200318,140.6095857093055
20200319,140.00245541997324
20200320,138.78508905178654
20200323,135.3788062686453
20200324,130.85847555610783
20200325,127.16953126997933
20200326,123.1868324512516
20200327,119.93984135155759
20200330,118.3518184491694
20200331,116.58468388692091
20200401,114.36703122197454
20200402,111.63091038258496
20200403,108.53366955730323
20200407,106.45327987464346
20200408,104.8640483825377
20200409,103.19849460432624
20200410,101.10704953252277
20200413,99.66514057022823
20200414,98.15135959374035
20200415,96.89671125562958
20200416,95.77616796835281
20200417,94.87468866875861
20200420,93.97979078360657
20200421,93.92991641659164
20200422,94.43756027523281
20200423,94.82958535619973
20200424,95.56102463413646
20200427,97.17020201220441
20200428,99.00319498800938
20200429,100.5869465212912
20200430,102.4485883720552
20200506,104.63488035924115
20200507,107.1261167548865
20200508,109.1826312999697
20200511,110.86038410097808
20200512,112.83957467595712
20200513,116.33549712078283
20200514,118.72379769824151
20200515,120.57160858313325
20200518,120.945594622259
20200519,121.24112286733506
20200520,121.35873733539852
20200521,122.3848128870139
20200522,122.88325255805968
20200525,122.91339564256505
20200526,123.66080690641726
20200527,123.65365122370646
20200528,123.79251568384642
20200529,123.92172410327404
20200601,124.00420774659474
20200602,124.60119804356502
20200603,125.08244351795156
20200604,125.16793363524101
20200605,125.11935525876993
20200608,125.50239530934898
20200609,126.5599645472759
20200610,126.66993451295883
20200611,126.7232069489919
20200612,126.79936314202598
20200615,126.4005531966307
20200616,126.44133354033974
20200617,125.96139353136597
20200618,124.70384585834013
20200619,124.62413995652858
20200622,124.73602726520787
20200623,124.72500814121476
20200624,124.93985154432752
20200629,123.22586468096917
20200630,123.08102613104442
20200701,123.07699661519055
20200702,123.51456576971698
20200703,123.61475684969477
20200706,124.3204154380299
20200707,124.85459202084111
20200708,124.57030087514215
20200709,124.3681702894199
20200710,123.97935589189521
20200713,123.0859755252122
20200714,122.3310631944496
20200715,123.40124083090521
20200716,123.88974424886429
20200717,124.47374327524076
20200720,126.39743421505548
20200721,128.483715913212
20200722,131.6908114248284
20200723,133.75232747759554
20200724,133.84943758038634
20200727,135.34575450627605
20200728,136.9727371312384
20200729,138.17208468666843
20200730,139.17094470787185
20200731,140.1310288028712
20200803,140.5848163893319
20200804,139.5398978023358
20200805,139.4879565002065
20200806,139.59773032998547
20200807,140.19863843814397
20200810,141.17314266541462
20200811,141.9615010590544
20200812,142.36480981774167
20200813,143.82124352225688
20200814,144.99545364886853
20200817,145.169955641975
20200818,146.0655710605128
20200819,145.7783799365766
20200820,145.05027787794796
20200821,146.80414780707588
20200824,148.06946077130306
20200825,148.4755233652564
20200826,149.31370235542587
20200827,150.1279423133619
20200828,151.0617209412024
20200831,152.717324653927
20200901,154.6859991949926
20200902,156.57182643259736
20200903,157.69657197956494
20200904,158.037663638152
20200907,158.00105742259672
20200908,158.05479370446935
20200909,155.53863473049444
20200910,153.352250313702
20200911,151.14215058983248
20200914,149.84693639792465
20200915,148.62541184209852
20200916,147.78017868895222
20200917,148.0599460893815
20200918,147.87269068188382
20200921,146.83719283975427
20200922,146.43305644174987
20200923,145.92283325124868
20200924,145.55922193611528
20200925,145.3076937313896
20200928,146.3386576357468
20200929,147.86540517140233
20200930,148.7793754488628
20201009,145.3592656237741
20201012,141.84685068902857
20201013,138.99448210587852
20201014,136.9514876606872
20201015,136.93741301133804
20201016,136.78391785803373
20201019,136.9896893353069
20201020,137.2524831879267
20201021,138.15483374437954
20201022,138.8220278388545
20201023,139.03289691806071
20201026,139.11148074299768
20201027,141.3050497124897
20201028,141.8730396862701
20201029,142.25053972808843
20201030,142.44946209031525
20201102,142.37291353647885
20201103,141.82409948673185
20201104,140.74812843786705
20201105,140.22557420016182
20201106,144.0032125357773
20201109,145.76255599994468
20201110,146.22795670391068
20201111,145.73017336083808
20201112,145.2360795797571
20201113,144.91816427222923
20201116,143.86057213302186
20201117,142.24804434753273
20201118,141.06763568311973
20201119,140.34531573563322
20201120,139.87906384478794
20201123,137.40683104575842
20201124,134.76017614494583
20201125,133.1107696940319
20201126,132.06382419591995
20201127,130.93012216384437
20201130,130.51997966855657
20201201,130.17851258746407
20201202,129.33546220493002
20201203,128.15453986009234
20201204,125.38278209934549
20201207,123.07649812505096
20201208,121.52889939307133
20201209,119.44408600140653
20201210,117.35554952783144
20201211,114.51155420891664
20201214,111.92772808619478
20201215,110.03160509544878
20201216,108.1256405845865
20201217,106.5954230776608
20201218,104.18817967961661
20201221,101.65763276927815
20201222,97.3239492953524
20201223,93.32670327201495
20201224,89.96670932916393
20201225,87.05422282376712
20201228,83.90458944260124
20201229,81.23641981879479
20201230,79.12847335429535
20201231,77.23384226409887
20210104,75.88114200192962
20210105,74.84853739245641
20210106,73.99890665994565
20210107,73.04650259804336
20210108,72.15573380399259
20210111,71.25157348178492
20210112,70.33555563348419
20210113,69.40083968833017
20210114,68.67821721961732
20210115,67.73631412382274
20210118,67.37574937175134
20210119,67.73077430377293
20210120,69.20068330250467
20210121,70.24444567678393
20210122,70.80005065577518
20210125,71.53639852208745
20210126,72.53529656903427
20210127,73.30598643358101
20210128,73.36170064642278
20210129,73.6349603820957
20210201,74.23590066617896
20210202,74.58984772472087
20210203,74.96047471957027
20210204,75.64256592204207
20210205,76.2601015527158
20210208,77.9530682630261
20210209,79.06101303171943
20210210,80.05347516587355
20210218,79.5375434038655
20210219,79.06052212265459
20210222,78.5027326694002
20210223,78.51314492169732
20210224,78.39596041357129
20210225,78.31593853124369
20210226,78.29941693570902
20210301,78.17994256531786
20210302,77.81433140445972
20210303,77.36479505236231
20210304,77.34408243771475
20210305,76.30606369584785
20210308,75.56699874256789
20210309,74.2018732178328
20210310,73.01832042153139
20210311,72.06137143171732
20210312,71.20326025301775
20210315,70.44795572632916
20210316,69.52432432458703
20210317,68.89510727052725
20210318,69.09047301104982
20210319,69.29816226011229
20210322,69.39974991863517
20210323,69.44745706930374
20210324,69.5406756565087
20210325,69.7303017801625
20210326,69.9962753428208
20210329,70.17548216555127
20210330,70.58707958665624
20210331,71.04330305245762
20210401,72.1266407434288
20210402,74.2746245259334
20210406,76.10680839196723
20210407,79.08476733507221
20210408,81.68075642519801
20210409,84.31871013735659
20210412,86.00196476558122
20210413,87.1942374164235
20210414,88.76144461497532
20210415,89.93145478342694
20210416,90.6508253564891
20210419,91.943056965848
20210420,94.30470036689866
20210421,96.77265259638419
20210422,99.07229973035682
20210423,100.08242504177004
20210426,100.40175017838902
20210427,100.92295476361441
20210428,101.40770933493505
20210429,101.89121269047965
20210430,101.42500695022225
20210506,97.7166607168079
20210507,94.66028016583833
20210510,90.70314523394306
20210511,87.19432202115316
20210512,84.12703459870353
20210513,80.19763497379277
20210514,76.41506205026027
20210517,73.31047865112279
20210518,70.6542709511818
20210519,68.1179175498269
20210520,65.56554971911729
20210521,63.3923308936312
20210524,61.44050815372768
20210525,59.77737119853989
20210526,58.35929489308468
20210527,57.14353633174781
20210528,55.90192451713023
20210531,54.71531884570711
20210601,53.61511008536963
20210602,52.84510137720758
20210603,52.86001469163402
20210604,52.547535033553196
20210607,52.86039731336542
20210608,53.17153823380846
20210609,53.60041784064522
20210610,54.70706539213083
20210611,55.29390465348457
20210615,55.62666088630996
20210616,56.034858481023875
20210617,56.6349982778303
20210618,57.45960835376292
20210621,58.12125444668876
20210622,58.758226698350455
20210623,59.3510913485619
20210624,60.25425448571814
20210625,61.18051685422883
20210628,62.477819896545626
20210629,64.41957901070734
20210630,66.40208491119598
20210701,67.04923132691813
20210702,67.82245717920264
20210705,68.83572832904575
20210706,69.90981532980288
20210707,70.73361251104012
20210708,70.9053334058454
20210709,71.13206024442276
20210712,72.52976166636125
20210713,74.0856947593493
20210714,75.16913164769045
20210715,76.08545556171597
20210716,76.87038462336879
20210719,79.19106691513133
20210720,81.16268560599602
20210721,82.43125210967662
20210722,83.4308270075697
20210723,84.47478427569462
20210726,85.54704862229694
20210727,86.09174501301155
20210728,86.52905031907761
20210729,86.81233614295225
20210730,86.93854708214005
20210802,84.63348090111349
20210803,82.23368446891612
20210804,79.88791953471167
20210805,78.90133494585442
20210806,78.09652870308003
20210809,77.1745455472404
20210810,76.51827469000503
20210811,77.02679059854322
20210812,77.35850597700153
20210813,78.0171771666478
20210816,78.40468728292986
20210817,78.438895463376
20210818,78.50446963574704
20210819,78.389829982672
20210820,78.41808289183564
20210823,77.24723878576214
20210824,75.44166745927514
20210825,74.3484827359347
20210826,73.56419907483922
20210827,72.91491539406124
20210830,71.80461499038145
20210831,71.16189242822888
20210901,70.8424447453892
20210902,70.57293279702289
20210903,69.3599393513127
20210906,68.20137983787066
20210907,67.20543324146675
20210908,66.43863483605384
20210909,65.46820330243497
20210910,64.31341831796612
20210913,63.39579442133037
20210914,62.471442090549374
20210915,61.75857114430703
20210916,61.30986676823991
20210917,60.796962558154895
20210922,59.795803955906166
20210923,58.69346254015474
20210924,57.07726122377161
20210927,55.89134577737884
20210928,54.830417824956044
20210929,54.10791329766246
20210930,53.441160483375754
20211008,52.91720765423843
20211011,52.36550280527658
20211012,51.776339541951906
20211013,51.20993976277006
20211014,50.7974841418398
20211015,50.35793680981436
20211018,50.280631954789044
20211019,50.20688545854714
20211020,49.506417795139996
20211021,48.15771083524852
20211022,47.01738720110387
20211025,46.14974590981479
20211026,45.634271882737906
20211027,44.992035652787855
20211028,44.46270809971842
20211029,44.20070802412045
20211101,44.00741211621532
20211102,43.73180098402196
20211103,43.18437800264257
20211104,42.79435561211013
20211105,42.86096720539921
20211108,43.1606818335538
20211109,43.47743745338438
20211110,43.834964632949685
20211111,43.7129893215954
20211112,43.98991771462554
20211115,44.17869730169939
20211116,44.399046018168356
20211117,44.78040705048029
20211118,45.34230445542512
20211119,45.49532607264008
20211122,45.67722414829839
20211123,45.83861065075786
20211124,45.938633724272854
20211125,46.255293406136445
20211126,46.15947205378892
20211129,46.041586943163004
20211130,46.32707823160187
20211201,46.71432332499825
20211202,47.27203913904929
20211203,47.74373270739193
20211206,48.08713051183416
20211207,48.310373784001435
20211208,48.354497110598395
20211209,48.782676289615765
20211210,49.48834899553732
20211213,50.519366242886306
20211214,51.46372819245455
20211215,52.20398167722772
20211216,53.25494277781915
20211217,54.44856654787976
20211220,55.34384202508947
20211221,56.39801616755224
20211222,58.474894863556145
20211223,59.970764458091374
20211224,62.80610000757001
20211227,63.92684156937905
20211228,64.95879694649116
20211229,66.2826658090893
20211230,67.64223497408585
20211231,69.08823685435677
20220104,70.13060156377742
20220105,71.38051919460862
20220106,73.12684669675164
20220107,74.8537645832964
20220110,75.93823896322081
20220111,77.03485529271533
20220112,77.96135202602662
20220113,78.27789715547092
20220114,78.92334528890426
20220117,78.21741122620499
20220118,77.47178613031686
20220119,76.71355696558757
20220120,76.11958761128932
20220121,75.34188627719507
20220124,74.7421316180634
20220125,76.16167950255169
20220126,77.25088514764718
20220127,78.36992341324397
20220128,77.9849978954108
20220207,77.55394530477407
20220208,77.20368230715316
20220209,76.26833090260786
20220210,75.4082842916793
20220211,74.38786753750776
20220214,73.32931836286221
20220215,72.20206274507944
20220216,71.05809742324841
20220217,69.889576775442
20220218,68.54882423947532
20220221,68.38839684588595
20220222,68.10181528908397
20220223,67.95329264174227
20220224,67.8194594166026
20220225,67.22765616770906
20220228,66.47509692522358
20220301,65.85519764730802
20220302,65.37501679045018
20220303,64.5881229175558
20220304,64.5410900024793
20220307,63.256289267301455
20220308,61.89979796298547
20220309,60.98462055305446
20220310,60.19025626679733
20220311,59.85440602294484
20220314,58.92694977684147
20220315,58.136948408401615
20220316,57.212319484113195
20220317,56.60500373321601
20220318,56.2903616674748
20220321,56.05904965584973
20220322,55.95617458891127
20220323,55.88121913635501
20220324,55.99318167344521
20220325,56.54343222361587
20220328,57.53630468366014
20220329,58.62947779178281
20220330,59.392759134517846
20220331,60.17067458451831
20220401,60.70060428965836
20220406,62.330996660550795
20220407,63.951726819913205
20220408,65.29351920681489
20220411,65.55343739750455
20220412,65.2476119594367
20220413,66.17594252288043
20220414,67.12512338455177
20220415,68.61537606994757
20220418,69.88052021962211
20220419,70.68180741087666
20220420,71.35903483855691
20220421,72.05389431004295
20220422,72.41785381663121
20220425,71.03339221987882
20220426,70.34303761518508
20220427,69.79326012393811
20220428,69.47897523639477
20220429,69.25674004306993
20220505,69.08737686018392
20220506,68.49887984452067
20220509,68.09453174513368
20220510,67.75028346757335
20220511,67.39470235213452
20220512,67.48609352684021
20220513,68.28666380372874
20220516,68.6032123003057
20220517,69.10767181243769
20220518,69.4805153651854
20220519,69.73243328045005
20220520,69.893825722261
20220523,69.998144289717
20220524,69.87862020975007
20220525,69.6748184069852
20220526,71.49457372742705
20220527,72.38899132549594
20220530,72.97242337179853
20220531,73.28755422453499
20220601,73.51425715128687
20220602,73.56561467885558
20220606,75.17625305429752
20220607,77.02136235607091
20220608,79.13414287758451
20220609,80.96622664289511
20220610,83.28372152955207
20220613,83.54807157222234
20220614,83.71820918850567
20220615,83.26851553083644
20220616,83.6190689549225
20220617,83.08385438803691
20220620,80.8259857924121
20220621,79.09997427230658
20220622,77.65660687335001
20220623,76.04005180139367
20220624,74.49093419725907
20220627,72.8986519932014
20220628,71.55880964376603
20220629,70.5737313346482
20220630,69.67910341615662
20220701,68.94401823628264
20220704,68.05544946865876
20220705,67.17034110295258
20220706,66.6610833412301
20220707,66.27666073167316
20220708,65.88303191351325
20220711,66.01485342817564
20220712,65.82865619552906
20220713,65.67908092092506
20220714,65.43355701752597
20220715,64.3035138924264
20220718,63.151900098434965
20220719,62.262650064169804
20220720,61.40390460414845
20220721,61.07202567896671
20220722,61.01258068546351
20220725,61.365699536620546
20220726,61.62776427947961
20220727,61.783706574931045
20220728,61.33846458973093
20220729,61.31576848973829
20220801,61.12272384640484
20220802,61.029505753397544
20220803,61.00863755300926
20220804,60.750356313736766
20220805,60.56881182963756
20220808,60.228977507656964
20220809,60.220266750682654
20220810,60.31798967231794
20220811,60.52256580888738
20220812,62.896619303613285
20220815,66.40370645285837
20220816,69.52487287013739
20220817,70.85363690474347
20220818,71.82362520368586
20220819,72.43009994498708
20220822,72.9267745389402
20220823,73.43480005717333
20220824,73.82176452607403
20220825,75.23748870572416
20220826,76.01520355616671
20220829,76.3468947673274
20220830,76.34748008831207
20220831,75.97895065235888
20220901,75.92343099066312
20220902,75.98198449696628
20220905,76.61395353384141
20220906,76.95386306169306
20220907,77.30765794992449
20220908,77.46015157688042
20220909,76.80784463683372
20220913,76.17628606997438
20220914,75.48623287562287
20220915,76.05179550135763
20220916,76.65969221170567
20220919,77.61028542269557
20220920,78.92135733264027
20220921,80.18341389900284
20220922,80.56796644582785
20220923,80.87607649852617
20220926,81.7145820527035
20220927,83.7809701809345
20220928,87.03188126775927
20220929,89.87509390095498
20220930,92.90529220553172
20221010,94.3427870373039
20221011,94.21192984663733
20221012,94.18224503970879
20221013,94.09053571331856
20221014,94.00345845272929
20221017,94.4778434697277
20221018,95.22432272912964
20221019,96.11013867315404
20221020,96.22611746540946
20221021,96.23126326395416
20221024,96.36692584793327
20221025,96.28630192236909
20221026,96.30050531099566
20221027,97.49851383188889
20221028,97.89214546436352
20221031,97.37500315063716
20221101,96.2592055873481
20221102,95.15966135662231
20221103,93.81446260496253
20221104,91.8286631501831
20221107,91.30494741694646
20221108,91.44496655780965
20221109,91.55937404297407
20221110,91.49822239869738
20221111,90.78951732657096
20221114,90.54600097297771
20221115,90.07950351950522
20221116,89.72567210657559
20221117,89.98838786866249
20221118,90.21092062076295
20221121,89.38244034068072
20221122,88.59966282648068
20221123,87.98460931829666
20221124,87.22918340310346
20221125,87.15887411087216
20221128,88.50956756474292
20221129,90.4609462067712
20221130,91.93312820791121
20221201,93.20456320889161
20221202,94.75537627071365
20221205,96.22547966124063
20221206,97.42633332602813
20221207,98.14790287393106
20221208,99.60522347422891
20221209,102.0080705708992
20221212,104.37378905337313
20221213,106.58721333159863
20221214,108.35428051050248
20221215,110.7238980236871
20221216,110.987523665022
20221219,107.88278637996405
20221220,105.73684833800006
20221221,103.50432005621275
20221222,101.5155194784976
20221223,99.98352591531341
20221226,98.512792502889
20221227,97.30539214751445
20221228,96.2595860010912
20221229,95.20346196186425
20221230,94.51793527838696
20230103,93.90104726151645
20230104,93.22376371394847
20230105,92.60191412095804
20230106,92.05320619805138
20230109,91.68334561375464
20230110,91.48222584468095
20230111,91.16744751583008
20230112,91.05717797486675
20230113,91.24746350555742
20230116,91.08026712955129
20230117,94.29388862914654
20230118,97.23736533349654
20230119,100.49336670064017
20230120,104.31189571449303
20230130,107.94223299870161
20230131,110.21439686802984
20230201,111.89597298227024
20230202,111.95781608310315
20230203,112.62928978320573
20230206,113.72158369497643
20230207,115.05854023341732
20230208,116.55890027456604
20230209,117.8858706397617
20230210,119.57664788658771
20230213,121.15725088904111
20230214,121.98188695182897
20230215,123.46526030867892
20230216,123.66952218168808
20230217,123.75107508505567
20230220,124.99071153454297
20230221,125.24951840804336
20230222,125.34997765624746
20230223,125.26491697807968
20230224,125.42355168325957
20230227,125.01361826864486
20230228,125.74527366884925
20230301,126.78137911011297
20230302,130.04876254168224
20230303,132.3930028371415
20230306,133.06470889829748
20230307,133.77528161005864
20230308,134.2066265469658
20230309,134.3663805586897
20230310,135.1353554024085
20230313,137.21252041151183
20230314,138.40283107892955
20230315,138.8457795161326
20230316,137.2631066808662
20230317,135.89112950201374
20230320,134.3771104495598
20230321,134.94811462717607
20230322,135.85884206105294
20230323,136.49993359347968
20230324,135.6712664592583
20230327,135.83691105214547
20230328,135.4822999413626
20230329,134.9081048795792
20230330,134.14534892526328
20230331,133.53542229206363
20230403,132.37493016300144
20230404,131.26163313895123
20230406,130.04906207513392
20230407,128.27726569943775
20230410,126.43315372695112
20230411,124.55943825677724
20230412,123.10181057705094
20230413,121.87509462457629
20230414,121.60813850659045
20230417,121.64173824140246
20230418,120.54398735805532
20230419,119.6379662309921
20230420,118.50875285335528
20230421,116.15921117240553
20230424,114.18553009498793
20230425,112.63152656806753
20230426,111.43757963811592
20230427,110.51441613709686
20230428,110.02581679151197
20230504,109.75941971135384
20230505,110.04759864642133
20230508,108.19592405232285
20230509,106.69655989194113
20230510,105.9719143952495
20230511,104.95125243998578
20230512,104.73305991208255
20230515,103.66480317160043
20230516,102.30537186484234
20230517,100.6917267489347
20230518,99.6929249250733
20230519,99.66007370371182
20230522,98.87164289192599
20230523,98.47885033980269
20230524,98.94552005157472
20230525,99.62110509220658
20230526,99.82352870007891
20230529,99.78445876398911
20230530,101.66625911182597
20230531,103.16193714606815
20230601,103.64254174213403
20230602,103.53436759783376
20230605,104.18574457858658
20230606,104.96046935617375
20230607,105.0872061300548
20230608,105.84336484020952
20230609,105.94980581447514
20230612,106.17176551466284
20230613,106.48027772645158
20230614,107.36049908113067
20230615,108.0061895064679
20230616,108.38084668623117
20230619,109.35378627424981
20230620,109.86550194512658
20230621,110.87830948259135
20230626,110.99918341667295
20230627,110.81511202210343
20230628,110.79392107658985
20230629,111.31123473161476
20230630,111.86516517416008
20230703,113.86192474556567
20230704,115.95373916785624
20230705,117.74076826359831
20230706,119.13983776970358
20230707,119.70221681331508
20230710,120.21034339081284
20230711,120.26327268230752
20230712,121.06763839738096
20230713,122.93751273804024
20230714,124.05713300007913
20230717,122.94899039493777
20230718,121.34405354448758
20230719,120.66092821861845
20230720,119.11034061966855
20230721,118.09969178390705
20230724,118.09608549557248
20230725,118.50161314782528
20230726,118.63452738579525
20230727,118.02510286049197
20230728,117.70775066914226
20230731,117.36572144040971
20230801,116.96963090276033
20230802,116.21133796107827
20230803,114.10205059717359
20230804,113.22379914998265
20230807,112.54819697690978
20230808,112.41204099966222
20230809,112.38911206081687
20230810,112.09040776154991
20230811,111.80516347835257
20230814,112.53971932281418
20230815,113.76886753234032
20230816,114.9715308101705
20230817,116.52358711180389
20230818,117.99247046655628
20230821,119.37004462240243
20230822,120.9983249233701
20230823,122.6125102866574
20230824,124.27222767417781
20230825,125.58411101500143
20230828,126.32521030223076
20230829,126.81015938845069
20230830,127.68795211060132
20230831,129.34062056739893
20230901,130.07900880025954
20230904,130.88539807480467
20230905,131.70313771064787
20230906,132.64497643543433
20230907,133.3936348104171
20230908,132.55735278738058
20230911,133.40934722578206
20230912,133.9396939267127
20230913,133.56320237469868
20230914,133.21612031748558
20230915,132.74900068450168
20230918,132.56276153978885
20230919,133.24164162064804
20230920,133.6090330733504
20230921,131.9382008986229
20230922,130.5657049650138
20230925,129.17553582372705
20230926,127.77449806281197
20230927,126.79499561017232
20230928,126.4373172032966
20231009,125.74646176617685
20231010,124.64662865334145
20231011,123.3863625152795
20231012,122.18015136953679
20231013,121.49703478826588
20231016,121.20619507098439
20231017,122.03366471382297
20231018,123.04843068787784
20231019,124.32523921185958
20231020,125.50283055912172
20231023,127.34193367182809
20231024,127.96596768959793
20231025,127.52939073545616
20231026,127.39045297552373
20231027,128.69979729547737
20231030,129.73281908378678
20231031,131.09067476761845
20231101,132.8049819384447
20231102,134.37454054320307
20231103,134.7642797996419
20231106,137.50206393615278
20231107,139.8099996109525
20231108,141.45580533612477
20231109,142.93559144021972
20231110,144.53782888874326
20231113,146.18025865256686
20231114,147.55595075014844
20231115,149.02061624091237
20231116,149.59281659582956
20231117,149.21536403192633
20231120,148.78464438475706
20231121,148.91598901769956
20231122,149.77711567627264
20231123,148.9493181835779
20231124,148.10539047288472
20231127,147.5310233790823
20231128,146.0106196332741
20231129,145.01533712493006
20231130,144.20994212432802
20231201,144.61647014026022
20231204,143.37122576277608
20231205,142.3188478140278
20231206,141.52061331291566
20231207,139.4959657448855
20231208,135.9704471386016
20231211,133.08491826549306
20231212,130.50778332915752
20231213,127.22450983871006
20231214,124.80873319094879
20231215,123.08327811856614
20231218,122.36766330556026
20231219,121.94479334682353
20231220,121.67728024565396
20231221,121.25878275961233
20231222,121.21981022247618
20231225,121.17680739510925
20231226,121.26015146232207
20231227,121.31753856849754
20231228,120.9681607713671
20231229,120.28867475921716
20240102,120.45351644550041
20240103,121.64531509163584
20240104,122.67730359722418
20240105,123.65903550854873
20240108,125.72156533750315
20240109,127.62051985319096
20240110,129.209237624759
20240111,132.75958436885753
20240112,135.55918979273287
20240115,138.6562095898579
20240116,141.17072818893166
20240117,142.93802275077917
20240118,143.65510620837335
20240119,145.48955886918128
20240122,147.3474600129201
20240123,148.5717878143337
20240124,150.36377020275648
20240125,152.12433658631474
20240126,153.8995539601629
20240129,156.50139889862882
20240130,158.22984908181394
20240131,158.58603178578403
20240201,158.7831477091902
20240202,159.987573250431
20240205,161.74115074955466
20240206,163.1509753899653
20240207,165.3178871366931
20240208,166.9674186946262
20240219,166.6090368740503
20240220,165.05566869997233
20240221,162.45119163418593
20240222,160.5869296708184
20240223,159.83468138266957
20240226,158.72133806561473
20240227,155.9471879985946
20240228,154.55819425060272
20240229,153.97835417337333
20240301,153.36862199764028
20240304,153.2967820214625
20240305,153.3960844270799
20240306,154.2473660549423
20240307,157.2663145891995
20240308,161.74987217563682
20240311,161.81590012160913
20240312,161.41225273971412
20240313,160.8338750540217
20240314,159.43411356371743
20240315,160.36033125092618
20240318,160.0633246512171
20240319,158.76110382600112
20240320,158.86145550125391
20240321,159.40267866585782
20240322,160.03195875721045
20240325,160.71771513852886
20240326,160.27282417951372
20240327,159.6830316452038
20240328,159.12742162966012
20240329,158.0165638330588
20240401,156.58653651573132
20240402,155.20204445583482
20240403,153.85534729565563
20240408,150.50939105615424
20240409,147.26224116101758
20240410,146.35708112870566
20240411,145.1598232212218
20240412,143.74237933841042
20240415,143.4258582372793
20240416,143.70208899934056
20240417,143.3063817900799
20240418,141.72807452683284
20240419,140.56560058722334
20240422,137.99877091300127
20240423,134.66978753985228
20240424,130.25704070548815
20240425,128.1964760562869
20240426,126.71673027076429
20240429,124.98564268638214
20240430,124.79420189618733
20240506,124.22955972067604
20240507,123.42834345881256
20240508,121.73604423095892
20240509,121.69462243693616
20240510,121.66509240664432
20240513,121.73511643204505
20240514,120.39823223221697
20240515,119.61038661029244
20240516,117.70955435386877
20240517,116.02096603639372
20240520,115.64429075764447
20240521,115.60870979069321
20240522,114.25393591255329
20240523,112.44441665937737
20240524,111.23168128568356
20240527,110.77508576927417
20240528,110.15439735359485
20240529,109.59794866782276
20240530,108.18211969979126
20240531,106.70381958729777
20240603,106.07420396486472
20240604,105.6244824795454
20240605,106.17701970591467
20240606,106.03339504614353
20240607,105.99464532669958
20240611,105.20171463909818
20240612,105.52179100116587
20240613,105.54231849747353
20240614,107.4115459101096
20240617,108.93872150862393
20240618,110.42834197403745
20240619,111.74891658213504
20240620,115.680838979883
20240621,119.6438840162845
20240624,123.28485523004426
20240625,126.70667245896567
20240626,128.02149925416347
20240627,129.39560736855302
20240628,130.79550588390032
20240701,131.66422530067533
20240702,135.0335905455849
20240703,136.26443491758715
20240704,138.63603283910382
20240705,139.96240849417677
20240708,140.19343309532454
20240709,140.7928168446416
20240710,140.7902508174726
20240711,141.33134699978146
20240712,142.20127576411758
20240715,143.17762848069253
20240716,144.6392499787131
20240717,144.60038267938867
20240718,144.62034745257148
20240719,145.05168085927323
20240722,145.66465812561933
20240723,144.58782190631243
20240724,144.22701670444826
20240725,142.41908490697742
20240726,140.56265178745434
20240729,139.62939605777606
20240730,137.11783498925547
20240731,135.4146374117759
20240801,133.52017908687648
20240802,132.16437497894395
20240805,131.43069660680615
20240806,130.85595142145402
20240807,130.62317830688664
20240808,129.82218585890254
20240809,128.8352123990507
20240812,128.12248738179912
20240813,127.38831832398378
20240814,126.57480191068004
20240815,125.38453671070752
20240816,124.3231512988597
20240819,122.76860636149911
20240820,121.91204706594053
20240821,119.03708867857694
20240822,117.29135568568948
20240823,116.22189428819962
20240826,113.75466008145355
20240827,112.16785812373111
20240828,111.42664725894707
20240829,110.97826284129464
20240830,111.00304605414192
20240902,109.47226631295563
20240903,108.48263742720835
20240904,107.35155198358112
20240905,108.7506303038898
20240906,110.39192246201743
20240909,111.43499189505698
20240910,112.64652317794597
20240911,113.10692758348276
20240912,113.2760246947717
20240913,113.38296444924791
20240918,113.7262917807755
20240919,112.69167724094673
20240920,112.8818247191981
20240923,112.19615431720702
20240924,109.16396272562288
20240925,107.39573093242628
20240926,105.83031090795927
20240927,103.57963481232892
20240930,97.2837778582185
20241008,91.58748066487044
20241009,87.39835066803896
20241010,84.12114219337984
20241011,81.68878023058886
20241014,79.79954370911268
20241015,78.17939229413577
20241016,76.87869777502951
20241017,74.77025472059125
20241018,73.0806564973993
20241021,71.71743245132443
20241022,70.45084515229576
20241023,69.41814025852528
20241024,68.7138181397537
20241025,67.93076008006832
20241028,67.67305157895763
20241029,67.88235932250065
20241030,68.10353300130778
20241031,68.27438233920512
20241101,68.59817490168636
20241104,73.94890832705858
20241105,79.88433835898994
20241106,84.50039907501926
20241107,87.55704235209681
20241108,89.77847054477033
20241111,91.50137763437009
20241112,92.96861710231485
20241113,94.48841084332463
20241114,99.30887345365618
20241115,103.03969613870427
20241118,105.65078690854352
20241119,108.24779221785994
20241120,110.67478853529369
20241121,113.0322511771292
20241122,116.46588877565036
20241125,120.91889800113827
20241126,124.94600794002962
20241127,128.47493147401454
20241128,131.54940139834233
20241129,134.30692733357745
20241202,136.72250442540607
20241203,137.98611838118427
20241204,139.73218096656413
20241205,142.19286948644606
20241206,145.3091278817225
20241209,148.5721505086151
20241210,149.29910426760105
20241211,149.50513030134212
20241212,150.07866031057807
20241213,150.10811368395082
20241216,150.97842833126703
20241217,152.07706412436943
20241218,151.99501737014373
20241219,152.4919904964275
20241220,153.55260872361814
20241223,154.00770302217776
20241224,154.67187647293335
20241225,155.24150503504563
20241226,155.76614656753628
20241227,156.0251043384414
20241230,156.11473615968086
20241231,156.63727178467613
20250102,156.6600296752846
20250103,157.42193789203245
20250106,158.11353655370888
20250107,158.67465632731398
20250108,161.73232042079053
20250109,164.53236560831877
20250110,163.85573577471934
20250113,163.0148462046305
20250114,161.3261016362348
20250115,159.34141711523932
20250116,157.98796782762483
20250117,156.70734947849837
20250120,153.55994895993672
20250121,150.54851926047297
20250122,147.53754992365967
20250123,145.07450019443408
20250124,142.89711656270575
20250127,141.430307326891
20250205,138.91822794768714
20250206,135.3432191468228
20250207,132.274082380448
20250210,130.55819825326532
20250211,127.90751532285162
20250212,125.69907776279138
20250213,123.510563730619
20250214,121.88289217460985
20250217,120.49779258414918
20250218,120.06739896399333
20250219,120.33028149268952
20250220,119.90671677316735
20250221,120.19734410281099
20250224,120.50818300243986
20250225,120.81410198283493
20250226,120.91418330172121
20250227,121.23874671317257
20250228,121.69525521375473
20250303,121.97303931510496
20250304,124.33420656539394
20250305,127.215998542528
20250306,131.58928784724463
20250307,137.4363726583158
20250310,142.45986839990482
20250311,151.3635652332543
20250312,159.95230024805775
20250313,167.71138692550107
20250314,171.91648680832625
20250317,174.17552645567616
20250318,174.60097623732588
20250319,174.31766618738905
20250320,175.49047088813592
20250321,176.28885910691633
20250324,174.81032176448429
20250325,175.9828749768518
20250326,177.72964174836744
20250327,179.21129840696776
20250328,180.05545426693854
20250331,179.3705762228147
20250401,177.0822006579849
20250402,175.6285906355818
20250403,174.5504799577075
20250407,168.58837183123302
20250408,162.5432462867775
20250409,157.4783716377658
20250410,152.82848118696813
20250411,149.46484560157018
20250414,147.4143605261384
20250415,145.6808317694735
20250416,143.67378972418197
20250417,142.35475880448197
20250418,141.33088320835748
20250421,139.83286116204548
20250422,139.20492123851798
20250423,136.58113615130304
20250424,134.40496766965916
20250425,132.65329823626493
20250428,131.04910786125836
20250429,129.98288486313365
20250430,130.22141645331268
20250506,128.2160440656334
20250507,126.41823428392772
20250508,128.44871189245714
20250509,132.2460605091622
20250512,133.2609874765718
20250513,134.7568661924322
20250514,134.16846864943443
20250515,133.52305051799124
20250516,132.77638728748613
20250519,132.4941041729425
20250520,131.9240029552552
20250521,131.58371189991453
20250522,131.38908402433822
20250523,131.21172315389367
20250526,133.09420478442541
20250527,134.62972820583406
20250528,135.34245638534037
20250529,136.0329696936642
20250530,136.34579716306268
20250603,136.30927292907245
20250604,134.6863137446851
20250605,133.45363505796527
20250606,132.78492522893566
20250609,132.19455752001997
20250610,133.97624346081378
20250611,134.5975488054136
20250612,138.18106771422197
20250613,140.94953108806465
20250616,142.81353871670652
20250617,144.3303719147741
20250618,145.6314919013828
20250619,146.6883931092909
20250620,147.65876980142548
20250623,149.95614147778025
20250624,152.95605741025366
20250625,155.34012806085957
20250626,157.76444507358548
20250627,159.9832840402192
20250630,162.947527403783
20250701,166.79864216493672
20250702,167.8069523269082
20250703,169.06711739313562
20250704,169.956921508926
20250707,170.53864045307088
20250708,172.12951561782316
20250709,174.07929630017375
20250710,171.76632763752468
20250711,168.83742735221188
20250714,167.020872990812
20250715,165.5643789814078
20250716,164.06298921091366
20250717,162.29605267254496
20250718,160.9755752802381
20250721,156.4528140643234
20250722,151.7528132438822
20250723,147.22418646761102
20250724,143.6028105623542
20250725,137.9945318451466
20250728,129.62678046126507
20250729,122.31888881432211
20250730,116.51259064671953
20250731,110.63838420519753
20250801,105.83126201479652
20250804,101.97757938945469
20250805,98.82327800080176
20250806,96.23382320378623
20250807,94.75699414941977
20250808,94.09569358654545
20250811,92.89769274591846
20250812,91.95655704330787
20250813,90.89636564082882
20250814,89.63990437983487
20250815,88.606430843326
20250818,88.9808271995762
20250819,89.62072596851232
20250820,90.2464650699887
20250821,90.82848030626933
20250822,92.63595920350986
20250825,96.45866540374351
20250826,102.12382165141489
20250827,107.03964300041211
20250828,115.59615031435865
20250829,121.98332089518225
20250901,125.95290085736485
20250902,130.2697322941264
20250903,135.1596403172445
20250904,138.93203954610084
20250905,140.19715670863326
20250908,143.54608553950666
20250909,146.68539010552868
20250910,150.05135662022707
20250911,153.61066461163955
20250912,155.29413222264378
20250915,155.68276690603543
20250916,158.22625123732107
20250917,160.82808848423377
20250918,162.50430432594754
20250919,163.6474035134204
20250922,165.19694374402127
20250923,166.50781924249696
20250924,167.54632662784465
20250925,168.8170381186885
20250926,167.81422967162564
20250929,169.04500574691605
20250930,169.02747610710853
20251009,167.46795688671116
20251010,166.53102491392625
20251013,166.520438914067
20251014,165.63528299067946
20251015,164.91838405969364
20251016,163.71289315719753
20251017,162.799707696276
20251020,162.7042868773324
20251021,163.7946869060195
20251022,164.75467249082692
20251023,165.32048193239717
20251024,165.85036533146155
20251027,164.8059378568371
20251028,164.7623249682589
20251029,163.5845793550562
20251030,162.44937188781077
20251031,161.23739322729946
20251103,162.22333621464776
20251104,162.89363764158173
20251105,164.763801328611
20251106,167.504862284319
20251107,169.323560365195
20251110,171.65595915989914
20251111,173.07866787933165
20251112,174.4308278221966
20251113,176.4785699370104
20251114,177.94611109306305
20251117,177.49088853477105
20251118,176.09893328195994
20251119,175.89901129324065
20251120,176.41793230822586
20251121,177.45566592187643
20251124,179.16407868604193
20251125,179.88909861916127
20251126,182.97094575078378
20251127,186.26723428410696
20251128,189.32255280480683
20251201,189.81771378345042
20251202,192.17838040423925
20251203,194.84888670559909
20251204,196.56502576466866
20251205,197.6809134948383
20251208,197.28231086641154
20251209,196.97602164798934
20251210,195.92288129119783
20251211,193.28110611751754
20251212,191.43833248878786
20251215,191.05952023168476
20251216,190.77351193109104
20251217,190.28903509278615
20251218,188.78211205585762
20251219,185.37068353552644
20251222,182.85038422808944
20251223,180.84725197551788
20251224,179.1335994310843
20251225,177.79499542070303
20251226,176.85547071877173
20251229,179.31329783503256
20251230,179.06206358727312
20251231,178.21447923796057
20260105,177.43451506228126
20260106,176.1250529343113
20260107,170.48327258945994
20260108,163.63946056075392
20260109,158.24121056026743
20260112,155.13936665183934
20260113,152.46353945156577
20260114,150.5883695504125
20260115,148.59464261841353
20260116,146.82381835221096
20260119,145.92417405402284
20260120,144.61782727296895
20260121,143.48155777357184
20260122,142.43600632554947
20260123,141.20014461226623
20260126,140.12697419142202
20260127,138.99090767163088
20260128,138.24606379690118
20260129,136.8455392739937
20260130,135.13535856734654
20260202,133.32599238227982
20260203,132.38240064168716
20260204,137.44133338503607
20260205,143.61337051052124
20260206,148.80097530625608
20260209,154.05026108383942
20260210,158.0953315136902
20260211,161.2812283471254
20260212,164.27460498415553
20260213,166.63632139837537
20260224,168.15616578705152
20260225,167.31991727232622
20260226,164.62617131404664
20260227,160.99640710625718
20260302,158.54032681862532
20260303,156.45501641734504
20260304,155.0672432759011
20260305,153.82169142717387
20260306,154.06197422945357
20260309,153.38866604827513
20260310,154.39296635252595
20260311,155.20538570869672
20260312,156.29078645246375
20260313,156.89014999529255
20260316,158.23489643620982
20260317,159.54938566143923
20260318,160.0152604388221
20260319,160.70402371034749
20260320,160.5041237529606
20260323,158.9212560165455
20260324,158.65852140688085
20260325,159.8114169836403
20260326,161.25964207665774
20260327,162.6495577433306
20260330,163.74625954467345
20260331,162.9604650772739
20260401,162.34998373495708
20260402,161.24715139384975
20260403,160.4341734630528
20260407,162.5325777155734
20260408,164.44041010758517
20260409,165.47074507069317
20260410,166.34560526566025
20260413,168.9521855124476
20260414,171.06489262809836
20260415,172.84869576707854
20260416,170.6572116885577
20260417,168.99085851686857
20260420,165.6908964643087
20260421,166.40356975541852
20260422,167.105122900711
20260423,168.39756753869284
20260424,169.54154312061274
20260427,170.93376025502272
20260428,171.74353844295734
20260429,174.0566592348266
20260430,175.80499839785088
20260506,174.83859270127326
20260507,174.2641872167273
20260508,172.43082045593178
20260511,171.79784715943904
20260512,171.4509727923316
20260513,170.68488474005667
20260514,169.90982776775076
20260515,168.12040078991262
20260518,165.76221363786246
20260519,164.74474145311092
20260520,163.9421851342473
20260521,164.0661139096387
20260522,164.05604699794998
20260525,158.5045496511283
20260526,151.45924867688632
20260527,145.8528006685723
20260528,141.33296730548673
20260529,137.70557833851143
20260601,134.7183743115697
20260602,132.29322246222694
20260603,133.09401606120815
20260604,133.25784456272484
20260605,134.23551302408015
20260608,135.87771928065604
20260609,137.51445019110122
20260610,138.22254362321922
20260611,138.91092015706155
20260612,139.10720337307134
20260615,139.03415404335013
20260616,138.39862420252567
20260617,137.620737327363
20260618,137.01265977602446
20260622,136.5649610817661
20260623,139.8863820818423
20260624,149.2276227623493
20260625,157.17469572802108
20260626,163.28837254931028
20260629,168.71353612869908
20260630,175.13140966267295
20260701,179.24852416623918
20260702,182.6037036947734
20260703,185.37742483119996
20260706,188.21361700918706
20260707,190.47947421505043
20260708,190.6746808400701
