strategyFile,sharpeRatio,maxDrawdown,maxDrawdownDays,holdingPeriod,pot
MovingAverageV4_1_fast_slow_gap_over_atr_F_10_S_30_ATR_10_SLP_5_ZO_0.6_ZC_0.2_trend.csv,0.4166354394480854,-41.695519552610605,875,16.83850175463726,13.632898585296752
MovingAverageV4_1_fast_slow_gap_over_atr_F_10_S_30_ATR_10_SLP_5_ZO_0.6_ZC_0.4_trend.csv,0.4051104784646482,-42.30281047031315,875,15.474364377019235,12.692577834104013
MovingAverageV4_1_fast_slow_gap_over_atr_F_10_S_30_ATR_10_SLP_5_ZO_0.8_ZC_0.2_trend.csv,0.41801582340930216,-42.84331696819655,875,17.030041571887995,14.512361685261268
MovingAverageV4_1_fast_slow_gap_over_atr_F_10_S_30_ATR_10_SLP_5_ZO_0.8_ZC_0.4_trend.csv,0.4005637863235427,-42.0691738199687,875,15.730769230769234,13.3607403835014
MovingAverageV4_1_fast_slow_gap_over_atr_F_10_S_30_ATR_10_SLP_5_ZO_1.0_ZC_0.2_trend.csv,0.45029413735326024,-39.080744558824165,875,17.215363273799202,16.606069312516084
MovingAverageV4_1_fast_slow_gap_over_atr_F_10_S_30_ATR_10_SLP_5_ZO_1.0_ZC_0.4_trend.csv,0.4170276726573525,-38.88307526360214,875,15.916616418296151,14.794266241886893
MovingAverageV4_1_fast_slow_gap_over_atr_F_10_S_30_ATR_15_SLP_5_ZO_0.6_ZC_0.2_trend.csv,0.39890868008246005,-41.80915010805053,875,16.893567926160934,12.98516968410962
MovingAverageV4_1_fast_slow_gap_over_atr_F_10_S_30_ATR_15_SLP_5_ZO_0.6_ZC_0.4_trend.csv,0.4165554307649615,-40.63051537217973,875,15.510331163317298,13.193702451586653
MovingAverageV4_1_fast_slow_gap_over_atr_F_10_S_30_ATR_15_SLP_5_ZO_0.8_ZC_0.2_trend.csv,0.4121365458496124,-40.96473768655453,875,17.06190363535999,14.276619689914359
MovingAverageV4_1_fast_slow_gap_over_atr_F_10_S_30_ATR_15_SLP_5_ZO_0.8_ZC_0.4_trend.csv,0.43268448156528283,-40.019434836079455,875,15.756497307422144,14.628170307935559
MovingAverageV4_1_fast_slow_gap_over_atr_F_10_S_30_ATR_15_SLP_5_ZO_1.0_ZC_0.2_trend.csv,0.42755901745148606,-37.51297870575233,875,17.295868347338935,15.7611330060729
MovingAverageV4_1_fast_slow_gap_over_atr_F_10_S_30_ATR_15_SLP_5_ZO_1.0_ZC_0.4_trend.csv,0.4320453962418012,-38.75256876062332,875,16.009927719237133,15.607541882734647
MovingAverageV4_1_fast_slow_gap_over_atr_F_10_S_30_ATR_20_SLP_5_ZO_0.6_ZC_0.2_trend.csv,0.40773647023012854,-40.46658819836375,875,16.916364164367646,13.352365398483808
MovingAverageV4_1_fast_slow_gap_over_atr_F_10_S_30_ATR_20_SLP_5_ZO_0.6_ZC_0.4_trend.csv,0.4118373607670665,-42.4235762989986,875,15.510535307517085,13.156979252450986
MovingAverageV4_1_fast_slow_gap_over_atr_F_10_S_30_ATR_20_SLP_5_ZO_0.8_ZC_0.2_trend.csv,0.41412214840437644,-38.82687524842518,875,17.065756035578154,14.41580894539318
MovingAverageV4_1_fast_slow_gap_over_atr_F_10_S_30_ATR_20_SLP_5_ZO_0.8_ZC_0.4_trend.csv,0.41908768201986324,-40.87936300739375,875,15.71946340315369,14.257091070917996
MovingAverageV4_1_fast_slow_gap_over_atr_F_10_S_30_ATR_20_SLP_5_ZO_1.0_ZC_0.2_trend.csv,0.43777802763065965,-35.21549528827828,875,17.327903682719544,16.33828160852243
MovingAverageV4_1_fast_slow_gap_over_atr_F_10_S_30_ATR_20_SLP_5_ZO_1.0_ZC_0.4_trend.csv,0.43585479658246706,-38.19633673569453,875,16.01230336584937,15.93804622359917
MovingAverageV4_1_fast_slow_gap_over_atr_F_10_S_40_ATR_10_SLP_5_ZO_0.6_ZC_0.2_trend.csv,0.4170009971214699,-39.28140095488797,875,19.705117085862977,15.445605217172318
MovingAverageV4_1_fast_slow_gap_over_atr_F_10_S_40_ATR_10_SLP_5_ZO_0.6_ZC_0.4_trend.csv,0.4580669084091662,-39.90308791518187,875,18.398888116747752,16.680309138436204
MovingAverageV4_1_fast_slow_gap_over_atr_F_10_S_40_ATR_10_SLP_5_ZO_0.8_ZC_0.2_trend.csv,0.44703164690015457,-36.4209932182482,881,20.06362402443162,17.52889982467597
MovingAverageV4_1_fast_slow_gap_over_atr_F_10_S_40_ATR_10_SLP_5_ZO_0.8_ZC_0.4_trend.csv,0.4834412249248807,-37.64916771847119,875,18.828693253072473,18.689332116833363
MovingAverageV4_1_fast_slow_gap_over_atr_F_10_S_40_ATR_10_SLP_5_ZO_1.0_ZC_0.2_trend.csv,0.4538350451443703,-35.48669188987573,881,20.275805570726384,18.70413057122277
MovingAverageV4_1_fast_slow_gap_over_atr_F_10_S_40_ATR_10_SLP_5_ZO_1.0_ZC_0.4_trend.csv,0.49559572926833356,-36.92979849905407,875,19.065513201766237,20.16539534613034
MovingAverageV4_1_fast_slow_gap_over_atr_F_10_S_40_ATR_15_SLP_5_ZO_0.6_ZC_0.2_trend.csv,0.40616195185620035,-39.27818460990534,875,19.78167393891314,15.071224654188262
MovingAverageV4_1_fast_slow_gap_over_atr_F_10_S_40_ATR_15_SLP_5_ZO_0.6_ZC_0.4_trend.csv,0.46120695010668433,-39.80687597197854,875,18.47762820014008,16.928065116459734
MovingAverageV4_1_fast_slow_gap_over_atr_F_10_S_40_ATR_15_SLP_5_ZO_0.8_ZC_0.2_trend.csv,0.44242742179927863,-35.78381774679245,881,20.097648261758682,17.384106411840712
MovingAverageV4_1_fast_slow_gap_over_atr_F_10_S_40_ATR_15_SLP_5_ZO_0.8_ZC_0.4_trend.csv,0.49832988420471946,-36.87325569314892,875,18.861393628645864,19.386434309038098
MovingAverageV4_1_fast_slow_gap_over_atr_F_10_S_40_ATR_15_SLP_5_ZO_1.0_ZC_0.2_trend.csv,0.4115026426955155,-35.88258634991999,884,20.357738477045736,17.069707477765203
MovingAverageV4_1_fast_slow_gap_over_atr_F_10_S_40_ATR_15_SLP_5_ZO_1.0_ZC_0.4_trend.csv,0.47405153680453516,-36.53833926359066,875,19.162609011627914,19.541667176990256
MovingAverageV4_1_fast_slow_gap_over_atr_F_10_S_40_ATR_20_SLP_5_ZO_0.6_ZC_0.2_trend.csv,0.41512658788406936,-38.86328424982618,875,19.81702161601659,15.3013895666371
MovingAverageV4_1_fast_slow_gap_over_atr_F_10_S_40_ATR_20_SLP_5_ZO_0.6_ZC_0.4_trend.csv,0.46615411945870877,-39.838831070675724,875,18.449145265787198,17.145269783927674
MovingAverageV4_1_fast_slow_gap_over_atr_F_10_S_40_ATR_20_SLP_5_ZO_0.8_ZC_0.2_trend.csv,0.44898964670825964,-35.7669881269852,879,20.141779530258884,17.51442221568922
MovingAverageV4_1_fast_slow_gap_over_atr_F_10_S_40_ATR_20_SLP_5_ZO_0.8_ZC_0.4_trend.csv,0.5025449483434055,-36.556926433312384,875,18.848193177980413,19.598520914740817
MovingAverageV4_1_fast_slow_gap_over_atr_F_10_S_40_ATR_20_SLP_5_ZO_1.0_ZC_0.2_trend.csv,0.4475242508829815,-33.44723009085956,875,20.449138410227903,18.56993993308593
MovingAverageV4_1_fast_slow_gap_over_atr_F_10_S_40_ATR_20_SLP_5_ZO_1.0_ZC_0.4_trend.csv,0.5027242763658493,-34.90883955011377,875,19.179900971942057,20.914775139293525
MovingAverageV4_1_fast_slow_gap_over_atr_F_10_S_50_ATR_10_SLP_5_ZO_0.6_ZC_0.2_trend.csv,0.4969141654339136,-35.08643910023859,875,21.706429780033854,19.990029558630596
MovingAverageV4_1_fast_slow_gap_over_atr_F_10_S_50_ATR_10_SLP_5_ZO_0.6_ZC_0.4_trend.csv,0.4955264676581804,-38.674515833232206,881,20.41897822306866,19.941095834429397
MovingAverageV4_1_fast_slow_gap_over_atr_F_10_S_50_ATR_10_SLP_5_ZO_0.8_ZC_0.2_trend.csv,0.47227905760487643,-34.53893725921988,877,22.052309904727682,19.947593338915997
MovingAverageV4_1_fast_slow_gap_over_atr_F_10_S_50_ATR_10_SLP_5_ZO_0.8_ZC_0.4_trend.csv,0.48162198761721436,-38.2504046224816,883,20.885975015504556,20.456439791307144
MovingAverageV4_1_fast_slow_gap_over_atr_F_10_S_50_ATR_10_SLP_5_ZO_1.0_ZC_0.2_trend.csv,0.44636212708983397,-34.855057941084056,883,22.346714980452003,19.71312119372987
MovingAverageV4_1_fast_slow_gap_over_atr_F_10_S_50_ATR_10_SLP_5_ZO_1.0_ZC_0.4_trend.csv,0.4533718870815929,-38.83560181869582,885,21.18484305778113,20.138740819978167
MovingAverageV4_1_fast_slow_gap_over_atr_F_10_S_50_ATR_15_SLP_5_ZO_0.6_ZC_0.2_trend.csv,0.4794556189083125,-35.86282022458373,877,21.781409601634312,19.462085367555922
MovingAverageV4_1_fast_slow_gap_over_atr_F_10_S_50_ATR_15_SLP_5_ZO_0.6_ZC_0.4_trend.csv,0.48157237804729125,-39.04236724234316,876,20.47313619325281,19.492298261626345
MovingAverageV4_1_fast_slow_gap_over_atr_F_10_S_50_ATR_15_SLP_5_ZO_0.8_ZC_0.2_trend.csv,0.4503708526240802,-35.19637812673666,883,22.14257318395375,19.16286334516231
MovingAverageV4_1_fast_slow_gap_over_atr_F_10_S_50_ATR_15_SLP_5_ZO_0.8_ZC_0.4_trend.csv,0.46010010028477405,-38.89441440237536,881,20.909220236507515,19.59949914472784
MovingAverageV4_1_fast_slow_gap_over_atr_F_10_S_50_ATR_15_SLP_5_ZO_1.0_ZC_0.2_trend.csv,0.4414499726703639,-35.622591979205524,962,22.456359102244388,19.687125872040617
MovingAverageV4_1_fast_slow_gap_over_atr_F_10_S_50_ATR_15_SLP_5_ZO_1.0_ZC_0.4_trend.csv,0.4510665573257666,-38.37896908899667,887,21.235984848484836,20.175629848657135
MovingAverageV4_1_fast_slow_gap_over_atr_F_10_S_50_ATR_20_SLP_5_ZO_0.6_ZC_0.2_trend.csv,0.47988564244604753,-35.58900585663727,876,21.8086124401914,19.487225997512667
MovingAverageV4_1_fast_slow_gap_over_atr_F_10_S_50_ATR_20_SLP_5_ZO_0.6_ZC_0.4_trend.csv,0.476067788290048,-38.644948945878525,881,20.507657544564413,19.315224904562115
MovingAverageV4_1_fast_slow_gap_over_atr_F_10_S_50_ATR_20_SLP_5_ZO_0.8_ZC_0.2_trend.csv,0.46553992262900606,-34.561862679783445,881,22.1876816860465,19.895868748370575
MovingAverageV4_1_fast_slow_gap_over_atr_F_10_S_50_ATR_20_SLP_5_ZO_0.8_ZC_0.4_trend.csv,0.468821572204418,-38.13728025638626,883,20.93823187628497,20.07629825172185
MovingAverageV4_1_fast_slow_gap_over_atr_F_10_S_50_ATR_20_SLP_5_ZO_1.0_ZC_0.2_trend.csv,0.4477750443981778,-35.05618803802078,885,22.47996918335902,20.020515993296865
MovingAverageV4_1_fast_slow_gap_over_atr_F_10_S_50_ATR_20_SLP_5_ZO_1.0_ZC_0.4_trend.csv,0.4530453281240873,-38.193997272391414,886,21.25599543205176,20.359016563708934
MovingAverageV4_1_fast_slow_gap_over_atr_F_8_S_30_ATR_10_SLP_5_ZO_0.6_ZC_0.2_trend.csv,0.3756303929349414,-41.778163302645666,1057,16.652653342522388,11.245666700235603
MovingAverageV4_1_fast_slow_gap_over_atr_F_8_S_30_ATR_10_SLP_5_ZO_0.6_ZC_0.4_trend.csv,0.4403544178682069,-41.28141638389684,875,15.131638493278306,13.406469457479634
MovingAverageV4_1_fast_slow_gap_over_atr_F_8_S_30_ATR_10_SLP_5_ZO_0.8_ZC_0.2_trend.csv,0.36614931971708414,-43.90168887713308,1057,16.921706586826357,11.616559654526677
MovingAverageV4_1_fast_slow_gap_over_atr_F_8_S_30_ATR_10_SLP_5_ZO_0.8_ZC_0.4_trend.csv,0.426803681632113,-44.68978149781374,875,15.478952360107979,13.862035962423612
MovingAverageV4_1_fast_slow_gap_over_atr_F_8_S_30_ATR_10_SLP_5_ZO_1.0_ZC_0.2_trend.csv,0.41008281754399495,-40.06768927466666,875,17.1079619921363,13.887024700652644
MovingAverageV4_1_fast_slow_gap_over_atr_F_8_S_30_ATR_10_SLP_5_ZO_1.0_ZC_0.4_trend.csv,0.468756749169769,-41.626142323769955,875,15.689937409725566,16.11631663710053
MovingAverageV4_1_fast_slow_gap_over_atr_F_8_S_30_ATR_15_SLP_5_ZO_0.6_ZC_0.2_trend.csv,0.4001043642021944,-37.76009805653064,875,16.687591139504203,11.989424518396108
MovingAverageV4_1_fast_slow_gap_over_atr_F_8_S_30_ATR_15_SLP_5_ZO_0.6_ZC_0.4_trend.csv,0.4506803139379766,-45.48939714716522,875,15.161853593015453,13.815475594591518
MovingAverageV4_1_fast_slow_gap_over_atr_F_8_S_30_ATR_15_SLP_5_ZO_0.8_ZC_0.2_trend.csv,0.3923347250539667,-36.36801462284859,875,16.9443022730694,12.489276577777376
MovingAverageV4_1_fast_slow_gap_over_atr_F_8_S_30_ATR_15_SLP_5_ZO_0.8_ZC_0.4_trend.csv,0.4236325321237027,-45.23074512589551,875,15.472224260658974,13.860038899687263
MovingAverageV4_1_fast_slow_gap_over_atr_F_8_S_30_ATR_15_SLP_5_ZO_1.0_ZC_0.2_trend.csv,0.43067841937505985,-38.23617395244972,875,17.144933520521924,14.743445080768913
MovingAverageV4_1_fast_slow_gap_over_atr_F_8_S_30_ATR_15_SLP_5_ZO_1.0_ZC_0.4_trend.csv,0.46177440755204946,-44.32630209320706,875,15.701862348178143,16.13920080367999
MovingAverageV4_1_fast_slow_gap_over_atr_F_8_S_30_ATR_20_SLP_5_ZO_0.6_ZC_0.2_trend.csv,0.3980334945143124,-36.15181832590876,926,16.740211529032702,11.968761922171945
MovingAverageV4_1_fast_slow_gap_over_atr_F_8_S_30_ATR_20_SLP_5_ZO_0.6_ZC_0.4_trend.csv,0.4208304620091388,-45.892367047732975,875,15.18251928020566,12.988207535474842
MovingAverageV4_1_fast_slow_gap_over_atr_F_8_S_30_ATR_20_SLP_5_ZO_0.8_ZC_0.2_trend.csv,0.39170977761210074,-35.78719546080701,929,16.951160321553164,12.487056750398162
MovingAverageV4_1_fast_slow_gap_over_atr_F_8_S_30_ATR_20_SLP_5_ZO_0.8_ZC_0.4_trend.csv,0.39682783893624146,-46.70437703690081,875,15.46905272498706,13.078494713077962
MovingAverageV4_1_fast_slow_gap_over_atr_F_8_S_30_ATR_20_SLP_5_ZO_1.0_ZC_0.2_trend.csv,0.39769706191929943,-36.41755841484773,875,17.147132169576057,13.636615595720885
MovingAverageV4_1_fast_slow_gap_over_atr_F_8_S_30_ATR_20_SLP_5_ZO_1.0_ZC_0.4_trend.csv,0.40987930007552364,-44.8260014737172,875,15.701606982625012,14.42907209776432
MovingAverageV4_1_fast_slow_gap_over_atr_F_8_S_40_ATR_10_SLP_5_ZO_0.6_ZC_0.2_trend.csv,0.3933284831189357,-40.76968992509896,931,19.36732665698342,13.243271194169271
MovingAverageV4_1_fast_slow_gap_over_atr_F_8_S_40_ATR_10_SLP_5_ZO_0.6_ZC_0.4_trend.csv,0.4661779745487152,-41.37579459471401,875,17.756935270805815,16.24687314691423
MovingAverageV4_1_fast_slow_gap_over_atr_F_8_S_40_ATR_10_SLP_5_ZO_0.8_ZC_0.2_trend.csv,0.40386690342066117,-38.70618066538326,931,19.663137318781555,14.207562098192776
MovingAverageV4_1_fast_slow_gap_over_atr_F_8_S_40_ATR_10_SLP_5_ZO_0.8_ZC_0.4_trend.csv,0.4752258047011549,-39.554037127150394,875,18.142665720816574,17.44161931779795
MovingAverageV4_1_fast_slow_gap_over_atr_F_8_S_40_ATR_10_SLP_5_ZO_1.0_ZC_0.2_trend.csv,0.4489276623151401,-36.79527007008453,940,20.08680341579364,16.844901653112284
MovingAverageV4_1_fast_slow_gap_over_atr_F_8_S_40_ATR_10_SLP_5_ZO_1.0_ZC_0.4_trend.csv,0.5022478721709773,-38.489175191528034,875,18.633899468176345,19.70069358021759
MovingAverageV4_1_fast_slow_gap_over_atr_F_8_S_40_ATR_15_SLP_5_ZO_0.6_ZC_0.2_trend.csv,0.4014513182159694,-39.57962372129302,930,19.456156572661413,13.53962285689958
MovingAverageV4_1_fast_slow_gap_over_atr_F_8_S_40_ATR_15_SLP_5_ZO_0.6_ZC_0.4_trend.csv,0.44701174176218084,-40.38144420513967,875,17.762936753648827,15.635603155751559
MovingAverageV4_1_fast_slow_gap_over_atr_F_8_S_40_ATR_15_SLP_5_ZO_0.8_ZC_0.2_trend.csv,0.4213941476010856,-37.67103716841311,928,19.773426573426576,14.918232417848905
MovingAverageV4_1_fast_slow_gap_over_atr_F_8_S_40_ATR_15_SLP_5_ZO_0.8_ZC_0.4_trend.csv,0.47326582525987243,-39.0493937778394,875,18.20297462817148,17.54606174178301
MovingAverageV4_1_fast_slow_gap_over_atr_F_8_S_40_ATR_15_SLP_5_ZO_1.0_ZC_0.2_trend.csv,0.45533707695473374,-37.67922264776169,933,20.1494996014525,17.124461901459632
MovingAverageV4_1_fast_slow_gap_over_atr_F_8_S_40_ATR_15_SLP_5_ZO_1.0_ZC_0.4_trend.csv,0.49076462491905637,-37.95840128858086,875,18.65051306372337,19.37887069425633
MovingAverageV4_1_fast_slow_gap_over_atr_F_8_S_40_ATR_20_SLP_5_ZO_0.6_ZC_0.2_trend.csv,0.3671057891083353,-41.89194295109709,931,19.45642928941468,12.511855472597473
MovingAverageV4_1_fast_slow_gap_over_atr_F_8_S_40_ATR_20_SLP_5_ZO_0.6_ZC_0.4_trend.csv,0.44688757644926025,-40.4852195970995,875,17.750739644970427,15.689113048687169
MovingAverageV4_1_fast_slow_gap_over_atr_F_8_S_40_ATR_20_SLP_5_ZO_0.8_ZC_0.2_trend.csv,0.4058750161139167,-39.394666803739,929,19.83744821872411,14.569108678051865
MovingAverageV4_1_fast_slow_gap_over_atr_F_8_S_40_ATR_20_SLP_5_ZO_0.8_ZC_0.4_trend.csv,0.4871298531835515,-38.21797443424833,875,18.243254063575936,18.179876379054704
MovingAverageV4_1_fast_slow_gap_over_atr_F_8_S_40_ATR_20_SLP_5_ZO_1.0_ZC_0.2_trend.csv,0.4482266718898323,-35.75754860790771,931,20.1834731393896,17.10061281961562
MovingAverageV4_1_fast_slow_gap_over_atr_F_8_S_40_ATR_20_SLP_5_ZO_1.0_ZC_0.4_trend.csv,0.5097014697115017,-36.2555834588844,875,18.6509769865393,20.26601692803011
MovingAverageV4_1_fast_slow_gap_over_atr_F_8_S_50_ATR_10_SLP_5_ZO_0.6_ZC_0.2_trend.csv,0.45141226342034674,-38.93207662576437,875,21.157576747224027,17.043813246289208
MovingAverageV4_1_fast_slow_gap_over_atr_F_8_S_50_ATR_10_SLP_5_ZO_0.6_ZC_0.4_trend.csv,0.48810399500314794,-40.315389237193756,875,19.654410604386932,18.70780661058962
MovingAverageV4_1_fast_slow_gap_over_atr_F_8_S_50_ATR_10_SLP_5_ZO_0.8_ZC_0.2_trend.csv,0.47769911960906913,-36.07950270507668,877,21.613666000173883,19.0820681099995
MovingAverageV4_1_fast_slow_gap_over_atr_F_8_S_50_ATR_10_SLP_5_ZO_0.8_ZC_0.4_trend.csv,0.5055706863534921,-38.30991516569341,875,20.188456012845435,20.572998305977272
MovingAverageV4_1_fast_slow_gap_over_atr_F_8_S_50_ATR_10_SLP_5_ZO_1.0_ZC_0.2_trend.csv,0.4848135719824528,-36.027267417223754,881,21.98726232231864,20.32072975840164
MovingAverageV4_1_fast_slow_gap_over_atr_F_8_S_50_ATR_10_SLP_5_ZO_1.0_ZC_0.4_trend.csv,0.5136313179186284,-37.966129392911355,875,20.598503290956632,22.045051125020304
MovingAverageV4_1_fast_slow_gap_over_atr_F_8_S_50_ATR_15_SLP_5_ZO_0.6_ZC_0.2_trend.csv,0.4949873496339267,-38.28405224471473,875,21.263590755818743,18.778376354717352
MovingAverageV4_1_fast_slow_gap_over_atr_F_8_S_50_ATR_15_SLP_5_ZO_0.6_ZC_0.4_trend.csv,0.48970283357419814,-40.18087507768455,875,19.723929791120653,18.867970987546826
MovingAverageV4_1_fast_slow_gap_over_atr_F_8_S_50_ATR_15_SLP_5_ZO_0.8_ZC_0.2_trend.csv,0.5046458131112689,-37.52632419631196,869,21.71773981603153,20.286603905014395
MovingAverageV4_1_fast_slow_gap_over_atr_F_8_S_50_ATR_15_SLP_5_ZO_0.8_ZC_0.4_trend.csv,0.4929672456924569,-39.58508808486987,875,20.25080823549431,20.199897434157666
MovingAverageV4_1_fast_slow_gap_over_atr_F_8_S_50_ATR_15_SLP_5_ZO_1.0_ZC_0.2_trend.csv,0.5082111709849796,-37.36720881360989,881,22.133383010432194,21.489417454243195
MovingAverageV4_1_fast_slow_gap_over_atr_F_8_S_50_ATR_15_SLP_5_ZO_1.0_ZC_0.4_trend.csv,0.5002117913270249,-39.00058115983518,876,20.713051386994085,21.667782600547444
MovingAverageV4_1_fast_slow_gap_over_atr_F_8_S_50_ATR_20_SLP_5_ZO_0.6_ZC_0.2_trend.csv,0.48100005846357924,-38.44080556422861,876,21.28276317963973,18.258958665907077
MovingAverageV4_1_fast_slow_gap_over_atr_F_8_S_50_ATR_20_SLP_5_ZO_0.6_ZC_0.4_trend.csv,0.4814129488651815,-39.450996642104386,875,19.697515132207716,18.569008478185673
MovingAverageV4_1_fast_slow_gap_over_atr_F_8_S_50_ATR_20_SLP_5_ZO_0.8_ZC_0.2_trend.csv,0.4875541730781693,-37.606933524977606,876,21.73726352837659,19.59399764588698
MovingAverageV4_1_fast_slow_gap_over_atr_F_8_S_50_ATR_20_SLP_5_ZO_0.8_ZC_0.4_trend.csv,0.4882980082162928,-38.90336308039005,875,20.22231701074902,20.015749806227763
MovingAverageV4_1_fast_slow_gap_over_atr_F_8_S_50_ATR_20_SLP_5_ZO_1.0_ZC_0.2_trend.csv,0.4913550143424929,-37.25548702763676,884,22.15828416221785,20.80030542338313
MovingAverageV4_1_fast_slow_gap_over_atr_F_8_S_50_ATR_20_SLP_5_ZO_1.0_ZC_0.4_trend.csv,0.4995518458544237,-37.80582507776057,876,20.708462803874973,21.716601066422374
MovingAverageV4_1_fast_slow_gap_over_vol_F_10_S_30_ATR_15_SLP_5_ZO_0.6_ZC_0.2_trend.csv,0.42019519993098453,-49.33813016529979,875,16.395840506852142,13.324740837046889
MovingAverageV4_1_fast_slow_gap_over_vol_F_10_S_30_ATR_15_SLP_5_ZO_0.6_ZC_0.4_trend.csv,0.4446658327813852,-47.779192522761875,875,14.850822001217772,13.46643434806393
MovingAverageV4_1_fast_slow_gap_over_vol_F_10_S_30_ATR_15_SLP_5_ZO_0.8_ZC_0.2_trend.csv,0.45401350218368364,-43.476195549937216,875,16.46570092741627,15.437192382370137
MovingAverageV4_1_fast_slow_gap_over_vol_F_10_S_30_ATR_15_SLP_5_ZO_0.8_ZC_0.4_trend.csv,0.47831335217710325,-42.7260696374361,875,15.010444461385982,15.624872104962845
MovingAverageV4_1_fast_slow_gap_over_vol_F_10_S_30_ATR_15_SLP_5_ZO_1.0_ZC_0.2_trend.csv,0.4452714806720792,-40.6531512105213,875,16.602825745682892,16.957406198779523
MovingAverageV4_1_fast_slow_gap_over_vol_F_10_S_30_ATR_15_SLP_5_ZO_1.0_ZC_0.4_trend.csv,0.46676794384835557,-41.04931346932392,875,15.119274544276855,17.030044606411042
MovingAverageV4_1_fast_slow_gap_over_vol_F_10_S_40_ATR_15_SLP_5_ZO_0.6_ZC_0.2_trend.csv,0.4781729113424191,-39.263481909042426,875,19.167018366549435,17.81273549445046
MovingAverageV4_1_fast_slow_gap_over_vol_F_10_S_40_ATR_15_SLP_5_ZO_0.6_ZC_0.4_trend.csv,0.48787467479267704,-40.129989087084894,875,17.504605465151982,17.403075903061435
MovingAverageV4_1_fast_slow_gap_over_vol_F_10_S_40_ATR_15_SLP_5_ZO_0.8_ZC_0.2_trend.csv,0.5015376422527545,-38.29097065669019,875,19.449880260006843,20.038445021173988
MovingAverageV4_1_fast_slow_gap_over_vol_F_10_S_40_ATR_15_SLP_5_ZO_0.8_ZC_0.4_trend.csv,0.5083289401826703,-39.709327143062865,875,17.838988802171716,19.53047598243707
MovingAverageV4_1_fast_slow_gap_over_vol_F_10_S_40_ATR_15_SLP_5_ZO_1.0_ZC_0.2_trend.csv,0.4801557666254,-37.37374371886196,875,19.68745203376823,20.875620589661885
MovingAverageV4_1_fast_slow_gap_over_vol_F_10_S_40_ATR_15_SLP_5_ZO_1.0_ZC_0.4_trend.csv,0.5004288684045104,-38.75156277756582,875,18.07452821151451,20.918238156616642
MovingAverageV4_1_fast_slow_gap_over_vol_F_10_S_50_ATR_15_SLP_5_ZO_0.6_ZC_0.2_trend.csv,0.4907646034786536,-35.80996109076594,875,21.10878696956707,20.44285631159477
MovingAverageV4_1_fast_slow_gap_over_vol_F_10_S_50_ATR_15_SLP_5_ZO_0.6_ZC_0.4_trend.csv,0.5232518809117171,-35.46941304223371,875,19.44539234732664,21.068972527981295
MovingAverageV4_1_fast_slow_gap_over_vol_F_10_S_50_ATR_15_SLP_5_ZO_0.8_ZC_0.2_trend.csv,0.49834318413147255,-36.086125906216395,875,21.416241299303937,22.08051890348548
MovingAverageV4_1_fast_slow_gap_over_vol_F_10_S_50_ATR_15_SLP_5_ZO_0.8_ZC_0.4_trend.csv,0.5290598825806921,-35.401623605609245,875,19.86993524514338,22.853548682347522
MovingAverageV4_1_fast_slow_gap_over_vol_F_10_S_50_ATR_15_SLP_5_ZO_1.0_ZC_0.2_trend.csv,0.46260563630944707,-38.936590993410135,875,21.62193509003968,21.778636378827525
MovingAverageV4_1_fast_slow_gap_over_vol_F_10_S_50_ATR_15_SLP_5_ZO_1.0_ZC_0.4_trend.csv,0.5014278693940615,-37.26333666990104,875,20.11160987553561,23.063836760782216
MovingAverageV4_1_fast_slow_gap_over_vol_F_8_S_30_ATR_15_SLP_5_ZO_0.6_ZC_0.2_trend.csv,0.4480644486808377,-41.30335283061629,875,16.14335641279262,13.515273771372513
MovingAverageV4_1_fast_slow_gap_over_vol_F_8_S_30_ATR_15_SLP_5_ZO_0.6_ZC_0.4_trend.csv,0.5090574587709168,-40.84074773411787,875,14.528787103377688,14.905538145937223
MovingAverageV4_1_fast_slow_gap_over_vol_F_8_S_30_ATR_15_SLP_5_ZO_0.8_ZC_0.2_trend.csv,0.4447304763117714,-40.37768041103588,875,16.325692041522494,14.33161646900073
MovingAverageV4_1_fast_slow_gap_over_vol_F_8_S_30_ATR_15_SLP_5_ZO_0.8_ZC_0.4_trend.csv,0.49012112370931415,-41.03860634449934,875,14.781057549373546,15.37782155553401
MovingAverageV4_1_fast_slow_gap_over_vol_F_8_S_30_ATR_15_SLP_5_ZO_1.0_ZC_0.2_trend.csv,0.48591312955215404,-40.76143157737725,875,16.48104980030972,17.095718480564898
MovingAverageV4_1_fast_slow_gap_over_vol_F_8_S_30_ATR_15_SLP_5_ZO_1.0_ZC_0.4_trend.csv,0.5061275427520101,-42.993535752815234,875,14.96768460171272,17.263604845692964
MovingAverageV4_1_fast_slow_gap_over_vol_F_8_S_40_ATR_15_SLP_5_ZO_0.6_ZC_0.2_trend.csv,0.48523100305601974,-38.76648813763782,875,18.69256884194644,16.98663106215437
MovingAverageV4_1_fast_slow_gap_over_vol_F_8_S_40_ATR_15_SLP_5_ZO_0.6_ZC_0.4_trend.csv,0.5154195329535441,-40.9311292197237,875,16.914198161389173,17.607368156728064
MovingAverageV4_1_fast_slow_gap_over_vol_F_8_S_40_ATR_15_SLP_5_ZO_0.8_ZC_0.2_trend.csv,0.5092479346251798,-36.05893546546247,875,18.95089722675368,18.973136746508914
MovingAverageV4_1_fast_slow_gap_over_vol_F_8_S_40_ATR_15_SLP_5_ZO_0.8_ZC_0.4_trend.csv,0.5386367904459426,-38.906553787224865,875,17.30767384172201,19.744968862163187
MovingAverageV4_1_fast_slow_gap_over_vol_F_8_S_40_ATR_15_SLP_5_ZO_1.0_ZC_0.2_trend.csv,0.4889163068389352,-36.35114109556345,875,19.193603449824828,19.73896701182799
MovingAverageV4_1_fast_slow_gap_over_vol_F_8_S_40_ATR_15_SLP_5_ZO_1.0_ZC_0.4_trend.csv,0.5359722094786927,-38.59631372567773,875,17.54822109839411,21.241441211333353
MovingAverageV4_1_fast_slow_gap_over_vol_F_8_S_50_ATR_15_SLP_5_ZO_0.6_ZC_0.2_trend.csv,0.5161254422482819,-38.07561109238833,875,20.596284624315818,20.77392493564703
MovingAverageV4_1_fast_slow_gap_over_vol_F_8_S_50_ATR_15_SLP_5_ZO_0.6_ZC_0.4_trend.csv,0.5448819986212358,-39.25184977461991,875,18.700490471978764,20.94627361979092
MovingAverageV4_1_fast_slow_gap_over_vol_F_8_S_50_ATR_15_SLP_5_ZO_0.8_ZC_0.2_trend.csv,0.5326881933281623,-36.22667612207151,875,20.888571173264225,22.75755151521374
MovingAverageV4_1_fast_slow_gap_over_vol_F_8_S_50_ATR_15_SLP_5_ZO_0.8_ZC_0.4_trend.csv,0.5608289418827906,-35.77675538708286,875,19.140548137737174,23.093394421828524
MovingAverageV4_1_fast_slow_gap_over_vol_F_8_S_50_ATR_15_SLP_5_ZO_1.0_ZC_0.2_trend.csv,0.5108899456828245,-36.944549086952506,875,21.26095870350484,23.261582838497596
MovingAverageV4_1_fast_slow_gap_over_vol_F_8_S_50_ATR_15_SLP_5_ZO_1.0_ZC_0.4_trend.csv,0.5655706558455152,-36.55339324948889,875,19.608763086467626,25.03892121011893
MovingAverageV4_1_price_minus_slow_ma_over_atr_F_10_S_30_ATR_10_SLP_5_ZO_0.6_ZC_0.2_trend.csv,0.17455362379601644,-60.99001348634932,1212,14.152934898612594,2.7394117705957957
MovingAverageV4_1_price_minus_slow_ma_over_atr_F_10_S_30_ATR_10_SLP_5_ZO_0.6_ZC_0.4_trend.csv,0.32711733146043087,-36.69266853246542,1212,9.84380724810833,5.048783132845145
MovingAverageV4_1_price_minus_slow_ma_over_atr_F_10_S_30_ATR_10_SLP_5_ZO_0.8_ZC_0.2_trend.csv,0.18462718132692305,-62.49542475086779,1212,14.867759944173061,3.2533033419280004
MovingAverageV4_1_price_minus_slow_ma_over_atr_F_10_S_30_ATR_10_SLP_5_ZO_0.8_ZC_0.4_trend.csv,0.3702070601480012,-35.056850715389885,875,10.768015343867015,6.635420488038937
MovingAverageV4_1_price_minus_slow_ma_over_atr_F_10_S_30_ATR_10_SLP_5_ZO_1.0_ZC_0.2_trend.csv,0.18797625760938977,-58.68438176837718,1212,15.523151960473813,3.7308515990089886
MovingAverageV4_1_price_minus_slow_ma_over_atr_F_10_S_30_ATR_10_SLP_5_ZO_1.0_ZC_0.4_trend.csv,0.3600319304382851,-34.97520786124613,875,11.5789038690015,7.339857584881973
MovingAverageV4_1_price_minus_slow_ma_over_atr_F_10_S_30_ATR_15_SLP_5_ZO_0.6_ZC_0.2_trend.csv,0.216330856922291,-48.958905999074126,1313,14.173847722272903,3.4121930430739376
MovingAverageV4_1_price_minus_slow_ma_over_atr_F_10_S_30_ATR_15_SLP_5_ZO_0.6_ZC_0.4_trend.csv,0.3370388036642742,-42.650654753203604,1212,9.810752516376422,5.215515783823919
MovingAverageV4_1_price_minus_slow_ma_over_atr_F_10_S_30_ATR_15_SLP_5_ZO_0.8_ZC_0.2_trend.csv,0.21251354574589365,-50.338523019837965,1212,14.919809937232369,3.8164436784298017
MovingAverageV4_1_price_minus_slow_ma_over_atr_F_10_S_30_ATR_15_SLP_5_ZO_0.8_ZC_0.4_trend.csv,0.39017496662289075,-36.670385505880475,859,10.76747713379602,7.046887911204822
MovingAverageV4_1_price_minus_slow_ma_over_atr_F_10_S_30_ATR_15_SLP_5_ZO_1.0_ZC_0.2_trend.csv,0.31405988730177026,-40.242533066946685,875,15.619835771105985,6.518852144806769
MovingAverageV4_1_price_minus_slow_ma_over_atr_F_10_S_30_ATR_15_SLP_5_ZO_1.0_ZC_0.4_trend.csv,0.40349167860942986,-33.92409608354602,859,11.604008978441303,8.399161355657531
MovingAverageV4_1_price_minus_slow_ma_over_atr_F_10_S_30_ATR_20_SLP_5_ZO_0.6_ZC_0.2_trend.csv,0.11645749394269914,-68.93927803616502,1212,14.093157725666547,1.8085523170701152
MovingAverageV4_1_price_minus_slow_ma_over_atr_F_10_S_30_ATR_20_SLP_5_ZO_0.6_ZC_0.4_trend.csv,0.37572947648617055,-47.544559683295304,1212,9.79961556943777,5.7517851662831685
MovingAverageV4_1_price_minus_slow_ma_over_atr_F_10_S_30_ATR_20_SLP_5_ZO_0.8_ZC_0.2_trend.csv,0.10895891142142106,-67.67757507752019,1212,14.873178185237418,1.9426322132837421
MovingAverageV4_1_price_minus_slow_ma_over_atr_F_10_S_30_ATR_20_SLP_5_ZO_0.8_ZC_0.4_trend.csv,0.4145091837244332,-37.48855052245703,944,10.786014891550668,7.5194183232453815
MovingAverageV4_1_price_minus_slow_ma_over_atr_F_10_S_30_ATR_20_SLP_5_ZO_1.0_ZC_0.2_trend.csv,0.2637308833080009,-51.33942272041754,962,15.618900277186869,5.430397003775218
MovingAverageV4_1_price_minus_slow_ma_over_atr_F_10_S_30_ATR_20_SLP_5_ZO_1.0_ZC_0.4_trend.csv,0.46205065491099007,-39.7782661808872,961,11.646705956640705,9.615021991496652
MovingAverageV4_1_price_minus_slow_ma_over_atr_F_10_S_40_ATR_10_SLP_5_ZO_0.6_ZC_0.2_trend.csv,0.4682919098779512,-42.02074438563423,505,15.901992078973809,8.665115668044406
MovingAverageV4_1_price_minus_slow_ma_over_atr_F_10_S_40_ATR_10_SLP_5_ZO_0.6_ZC_0.4_trend.csv,0.38625562900285293,-42.14657703290105,875,11.30178993884748,6.850703570008405
MovingAverageV4_1_price_minus_slow_ma_over_atr_F_10_S_40_ATR_10_SLP_5_ZO_0.8_ZC_0.2_trend.csv,0.42502579967953363,-37.693200399907795,505,16.680293835835194,8.795147556386802
MovingAverageV4_1_price_minus_slow_ma_over_atr_F_10_S_40_ATR_10_SLP_5_ZO_0.8_ZC_0.4_trend.csv,0.4341480046008747,-38.323991021416845,875,12.334344660194175,8.90389323887133
MovingAverageV4_1_price_minus_slow_ma_over_atr_F_10_S_40_ATR_10_SLP_5_ZO_1.0_ZC_0.2_trend.csv,0.3987165536426994,-38.5024826383564,875,17.429420710631824,8.830963578673286
MovingAverageV4_1_price_minus_slow_ma_over_atr_F_10_S_40_ATR_10_SLP_5_ZO_1.0_ZC_0.4_trend.csv,0.45016398188876716,-38.582921686545546,875,13.326467910787427,10.370953711349324
MovingAverageV4_1_price_minus_slow_ma_over_atr_F_10_S_40_ATR_15_SLP_5_ZO_0.6_ZC_0.2_trend.csv,0.44262262989315115,-41.87587475256092,523,15.84093193779197,8.246673832311165
MovingAverageV4_1_price_minus_slow_ma_over_atr_F_10_S_40_ATR_15_SLP_5_ZO_0.6_ZC_0.4_trend.csv,0.38501487683813174,-43.81070439442202,1212,11.305412313349187,6.886434135466695
MovingAverageV4_1_price_minus_slow_ma_over_atr_F_10_S_40_ATR_15_SLP_5_ZO_0.8_ZC_0.2_trend.csv,0.37812956223015637,-38.11663880646418,627,16.658508457201453,7.796105232478578
MovingAverageV4_1_price_minus_slow_ma_over_atr_F_10_S_40_ATR_15_SLP_5_ZO_0.8_ZC_0.4_trend.csv,0.4131241996730898,-38.356358363884,875,12.379850099423864,8.503237007477127
MovingAverageV4_1_price_minus_slow_ma_over_atr_F_10_S_40_ATR_15_SLP_5_ZO_1.0_ZC_0.2_trend.csv,0.40358984703905937,-38.03169100677198,880,17.450382741823226,9.332361768386297
MovingAverageV4_1_price_minus_slow_ma_over_atr_F_10_S_40_ATR_15_SLP_5_ZO_1.0_ZC_0.4_trend.csv,0.46036838675450065,-37.438021977689544,875,13.406136664555863,10.727875895480572
MovingAverageV4_1_price_minus_slow_ma_over_atr_F_10_S_40_ATR_20_SLP_5_ZO_0.6_ZC_0.2_trend.csv,0.35357898755015843,-48.221212858688446,875,15.797657082002136,6.61369674435855
MovingAverageV4_1_price_minus_slow_ma_over_atr_F_10_S_40_ATR_20_SLP_5_ZO_0.6_ZC_0.4_trend.csv,0.3623396224827605,-48.61097005480967,875,11.310099509207973,6.566560334985936
MovingAverageV4_1_price_minus_slow_ma_over_atr_F_10_S_40_ATR_20_SLP_5_ZO_0.8_ZC_0.2_trend.csv,0.4395396355440679,-40.80371693018921,875,16.65920205920206,9.326143513215229
MovingAverageV4_1_price_minus_slow_ma_over_atr_F_10_S_40_ATR_20_SLP_5_ZO_0.8_ZC_0.4_trend.csv,0.43967069456268215,-42.30962727101135,875,12.434067064390034,9.239712110749831
MovingAverageV4_1_price_minus_slow_ma_over_atr_F_10_S_40_ATR_20_SLP_5_ZO_1.0_ZC_0.2_trend.csv,0.42303774723775445,-40.49150576644733,888,17.44111274201441,9.996953183417924
MovingAverageV4_1_price_minus_slow_ma_over_atr_F_10_S_40_ATR_20_SLP_5_ZO_1.0_ZC_0.4_trend.csv,0.4530631399607595,-39.87332715787292,875,13.446036072609171,10.757849541035128
MovingAverageV4_1_price_minus_slow_ma_over_atr_F_10_S_50_ATR_10_SLP_5_ZO_0.6_ZC_0.2_trend.csv,0.5168396600843279,-39.09855546272313,875,17.065061152439792,10.318327726332955
MovingAverageV4_1_price_minus_slow_ma_over_atr_F_10_S_50_ATR_10_SLP_5_ZO_0.6_ZC_0.4_trend.csv,0.4494061026612672,-39.80736937636338,879,12.47947661739763,8.827288239227801
MovingAverageV4_1_price_minus_slow_ma_over_atr_F_10_S_50_ATR_10_SLP_5_ZO_0.8_ZC_0.2_trend.csv,0.5429425349470536,-35.27176142338175,875,17.95832765899497,12.26363849927363
MovingAverageV4_1_price_minus_slow_ma_over_atr_F_10_S_50_ATR_10_SLP_5_ZO_0.8_ZC_0.4_trend.csv,0.43209911628865405,-38.80389818897078,879,13.627945115617992,9.722398825429304
MovingAverageV4_1_price_minus_slow_ma_over_atr_F_10_S_50_ATR_10_SLP_5_ZO_1.0_ZC_0.2_trend.csv,0.5409771451775225,-34.786957390818074,875,18.792751815714194,13.439912324127702
MovingAverageV4_1_price_minus_slow_ma_over_atr_F_10_S_50_ATR_10_SLP_5_ZO_1.0_ZC_0.4_trend.csv,0.41004115271798647,-39.129739844340904,880,14.6570001218472,10.354423945460063
MovingAverageV4_1_price_minus_slow_ma_over_atr_F_10_S_50_ATR_15_SLP_5_ZO_0.6_ZC_0.2_trend.csv,0.5866421228281898,-30.33483626165652,796,17.028138801261832,11.894827011450058
MovingAverageV4_1_price_minus_slow_ma_over_atr_F_10_S_50_ATR_15_SLP_5_ZO_0.6_ZC_0.4_trend.csv,0.45621493535740915,-40.68510457056226,875,12.483547507788156,9.0203511090251
MovingAverageV4_1_price_minus_slow_ma_over_atr_F_10_S_50_ATR_15_SLP_5_ZO_0.8_ZC_0.2_trend.csv,0.5969281624411343,-32.619638062518064,875,18.011102734562396,13.864058639763623
MovingAverageV4_1_price_minus_slow_ma_over_atr_F_10_S_50_ATR_15_SLP_5_ZO_0.8_ZC_0.4_trend.csv,0.43857808752277794,-38.55417393335149,879,13.688575209528006,9.974772449506569
MovingAverageV4_1_price_minus_slow_ma_over_atr_F_10_S_50_ATR_15_SLP_5_ZO_1.0_ZC_0.2_trend.csv,0.5347121449506917,-39.102297015205906,875,18.889152341434485,13.65755610810101
MovingAverageV4_1_price_minus_slow_ma_over_atr_F_10_S_50_ATR_15_SLP_5_ZO_1.0_ZC_0.4_trend.csv,0.3938018221208692,-38.46519250093053,891,14.758433549182866,10.05220812225916
MovingAverageV4_1_price_minus_slow_ma_over_atr_F_10_S_50_ATR_20_SLP_5_ZO_0.6_ZC_0.2_trend.csv,0.5170398859061506,-41.82951540150232,875,16.995706528602096,10.57089990769298
MovingAverageV4_1_price_minus_slow_ma_over_atr_F_10_S_50_ATR_20_SLP_5_ZO_0.6_ZC_0.4_trend.csv,0.46568395780769156,-41.354728991810674,875,12.45549279314374,9.19058584358851
MovingAverageV4_1_price_minus_slow_ma_over_atr_F_10_S_50_ATR_20_SLP_5_ZO_0.8_ZC_0.2_trend.csv,0.5204795108030607,-42.58925321908751,875,17.97173629690609,12.001738467194206
MovingAverageV4_1_price_minus_slow_ma_over_atr_F_10_S_50_ATR_20_SLP_5_ZO_0.8_ZC_0.4_trend.csv,0.4525755797944238,-37.997272370760896,875,13.654319624620475,10.297004122018151
MovingAverageV4_1_price_minus_slow_ma_over_atr_F_10_S_50_ATR_20_SLP_5_ZO_1.0_ZC_0.2_trend.csv,0.5827102097915009,-37.50641726306557,875,18.88333333333333,15.131043928384592
MovingAverageV4_1_price_minus_slow_ma_over_atr_F_10_S_50_ATR_20_SLP_5_ZO_1.0_ZC_0.4_trend.csv,0.45576629140162844,-38.359796676962645,879,14.799229717977386,11.718192106574683
MovingAverageV4_1_price_minus_slow_ma_over_atr_F_8_S_30_ATR_10_SLP_5_ZO_0.6_ZC_0.2_trend.csv,0.17455362379601644,-60.99001348634932,1212,14.152934898612594,2.7394117705957957
MovingAverageV4_1_price_minus_slow_ma_over_atr_F_8_S_30_ATR_10_SLP_5_ZO_0.6_ZC_0.4_trend.csv,0.32711733146043087,-36.69266853246542,1212,9.84380724810833,5.048783132845145
MovingAverageV4_1_price_minus_slow_ma_over_atr_F_8_S_30_ATR_10_SLP_5_ZO_0.8_ZC_0.2_trend.csv,0.18462718132692305,-62.49542475086779,1212,14.867759944173061,3.2533033419280004
MovingAverageV4_1_price_minus_slow_ma_over_atr_F_8_S_30_ATR_10_SLP_5_ZO_0.8_ZC_0.4_trend.csv,0.3702070601480012,-35.056850715389885,875,10.768015343867015,6.635420488038937
MovingAverageV4_1_price_minus_slow_ma_over_atr_F_8_S_30_ATR_10_SLP_5_ZO_1.0_ZC_0.2_trend.csv,0.18797625760938977,-58.68438176837718,1212,15.523151960473813,3.7308515990089886
MovingAverageV4_1_price_minus_slow_ma_over_atr_F_8_S_30_ATR_10_SLP_5_ZO_1.0_ZC_0.4_trend.csv,0.3600319304382851,-34.97520786124613,875,11.5789038690015,7.339857584881973
MovingAverageV4_1_price_minus_slow_ma_over_atr_F_8_S_30_ATR_15_SLP_5_ZO_0.6_ZC_0.2_trend.csv,0.216330856922291,-48.958905999074126,1313,14.173847722272903,3.4121930430739376
MovingAverageV4_1_price_minus_slow_ma_over_atr_F_8_S_30_ATR_15_SLP_5_ZO_0.6_ZC_0.4_trend.csv,0.3370388036642742,-42.650654753203604,1212,9.810752516376422,5.215515783823919
MovingAverageV4_1_price_minus_slow_ma_over_atr_F_8_S_30_ATR_15_SLP_5_ZO_0.8_ZC_0.2_trend.csv,0.21251354574589365,-50.338523019837965,1212,14.919809937232369,3.8164436784298017
MovingAverageV4_1_price_minus_slow_ma_over_atr_F_8_S_30_ATR_15_SLP_5_ZO_0.8_ZC_0.4_trend.csv,0.39017496662289075,-36.670385505880475,859,10.76747713379602,7.046887911204822
MovingAverageV4_1_price_minus_slow_ma_over_atr_F_8_S_30_ATR_15_SLP_5_ZO_1.0_ZC_0.2_trend.csv,0.31405988730177026,-40.242533066946685,875,15.619835771105985,6.518852144806769
MovingAverageV4_1_price_minus_slow_ma_over_atr_F_8_S_30_ATR_15_SLP_5_ZO_1.0_ZC_0.4_trend.csv,0.40349167860942986,-33.92409608354602,859,11.604008978441303,8.399161355657531
MovingAverageV4_1_price_minus_slow_ma_over_atr_F_8_S_30_ATR_20_SLP_5_ZO_0.6_ZC_0.2_trend.csv,0.11645749394269914,-68.93927803616502,1212,14.093157725666547,1.8085523170701152
MovingAverageV4_1_price_minus_slow_ma_over_atr_F_8_S_30_ATR_20_SLP_5_ZO_0.6_ZC_0.4_trend.csv,0.37572947648617055,-47.544559683295304,1212,9.79961556943777,5.7517851662831685
MovingAverageV4_1_price_minus_slow_ma_over_atr_F_8_S_30_ATR_20_SLP_5_ZO_0.8_ZC_0.2_trend.csv,0.10895891142142106,-67.67757507752019,1212,14.873178185237418,1.9426322132837421
MovingAverageV4_1_price_minus_slow_ma_over_atr_F_8_S_30_ATR_20_SLP_5_ZO_0.8_ZC_0.4_trend.csv,0.4145091837244332,-37.48855052245703,944,10.786014891550668,7.5194183232453815
MovingAverageV4_1_price_minus_slow_ma_over_atr_F_8_S_30_ATR_20_SLP_5_ZO_1.0_ZC_0.2_trend.csv,0.2637308833080009,-51.33942272041754,962,15.618900277186869,5.430397003775218
MovingAverageV4_1_price_minus_slow_ma_over_atr_F_8_S_30_ATR_20_SLP_5_ZO_1.0_ZC_0.4_trend.csv,0.46205065491099007,-39.7782661808872,961,11.646705956640705,9.615021991496652
MovingAverageV4_1_price_minus_slow_ma_over_atr_F_8_S_40_ATR_10_SLP_5_ZO_0.6_ZC_0.2_trend.csv,0.4682919098779512,-42.02074438563423,505,15.901992078973809,8.665115668044406
MovingAverageV4_1_price_minus_slow_ma_over_atr_F_8_S_40_ATR_10_SLP_5_ZO_0.6_ZC_0.4_trend.csv,0.38625562900285293,-42.14657703290105,875,11.30178993884748,6.850703570008405
MovingAverageV4_1_price_minus_slow_ma_over_atr_F_8_S_40_ATR_10_SLP_5_ZO_0.8_ZC_0.2_trend.csv,0.42502579967953363,-37.693200399907795,505,16.680293835835194,8.795147556386802
MovingAverageV4_1_price_minus_slow_ma_over_atr_F_8_S_40_ATR_10_SLP_5_ZO_0.8_ZC_0.4_trend.csv,0.4341480046008747,-38.323991021416845,875,12.334344660194175,8.90389323887133
MovingAverageV4_1_price_minus_slow_ma_over_atr_F_8_S_40_ATR_10_SLP_5_ZO_1.0_ZC_0.2_trend.csv,0.3987165536426994,-38.5024826383564,875,17.429420710631824,8.830963578673286
MovingAverageV4_1_price_minus_slow_ma_over_atr_F_8_S_40_ATR_10_SLP_5_ZO_1.0_ZC_0.4_trend.csv,0.45016398188876716,-38.582921686545546,875,13.326467910787427,10.370953711349324
MovingAverageV4_1_price_minus_slow_ma_over_atr_F_8_S_40_ATR_15_SLP_5_ZO_0.6_ZC_0.2_trend.csv,0.44262262989315115,-41.87587475256092,523,15.84093193779197,8.246673832311165
MovingAverageV4_1_price_minus_slow_ma_over_atr_F_8_S_40_ATR_15_SLP_5_ZO_0.6_ZC_0.4_trend.csv,0.38501487683813174,-43.81070439442202,1212,11.305412313349187,6.886434135466695
MovingAverageV4_1_price_minus_slow_ma_over_atr_F_8_S_40_ATR_15_SLP_5_ZO_0.8_ZC_0.2_trend.csv,0.37812956223015637,-38.11663880646418,627,16.658508457201453,7.796105232478578
MovingAverageV4_1_price_minus_slow_ma_over_atr_F_8_S_40_ATR_15_SLP_5_ZO_0.8_ZC_0.4_trend.csv,0.4131241996730898,-38.356358363884,875,12.379850099423864,8.503237007477127
MovingAverageV4_1_price_minus_slow_ma_over_atr_F_8_S_40_ATR_15_SLP_5_ZO_1.0_ZC_0.2_trend.csv,0.40358984703905937,-38.03169100677198,880,17.450382741823226,9.332361768386297
MovingAverageV4_1_price_minus_slow_ma_over_atr_F_8_S_40_ATR_15_SLP_5_ZO_1.0_ZC_0.4_trend.csv,0.46036838675450065,-37.438021977689544,875,13.406136664555863,10.727875895480572
MovingAverageV4_1_price_minus_slow_ma_over_atr_F_8_S_40_ATR_20_SLP_5_ZO_0.6_ZC_0.2_trend.csv,0.35357898755015843,-48.221212858688446,875,15.797657082002136,6.61369674435855
MovingAverageV4_1_price_minus_slow_ma_over_atr_F_8_S_40_ATR_20_SLP_5_ZO_0.6_ZC_0.4_trend.csv,0.3623396224827605,-48.61097005480967,875,11.310099509207973,6.566560334985936
MovingAverageV4_1_price_minus_slow_ma_over_atr_F_8_S_40_ATR_20_SLP_5_ZO_0.8_ZC_0.2_trend.csv,0.4395396355440679,-40.80371693018921,875,16.65920205920206,9.326143513215229
MovingAverageV4_1_price_minus_slow_ma_over_atr_F_8_S_40_ATR_20_SLP_5_ZO_0.8_ZC_0.4_trend.csv,0.43967069456268215,-42.30962727101135,875,12.434067064390034,9.239712110749831
MovingAverageV4_1_price_minus_slow_ma_over_atr_F_8_S_40_ATR_20_SLP_5_ZO_1.0_ZC_0.2_trend.csv,0.42303774723775445,-40.49150576644733,888,17.44111274201441,9.996953183417924
MovingAverageV4_1_price_minus_slow_ma_over_atr_F_8_S_40_ATR_20_SLP_5_ZO_1.0_ZC_0.4_trend.csv,0.4530631399607595,-39.87332715787292,875,13.446036072609171,10.757849541035128
MovingAverageV4_1_price_minus_slow_ma_over_atr_F_8_S_50_ATR_10_SLP_5_ZO_0.6_ZC_0.2_trend.csv,0.5168396600843279,-39.09855546272313,875,17.065061152439792,10.318327726332955
MovingAverageV4_1_price_minus_slow_ma_over_atr_F_8_S_50_ATR_10_SLP_5_ZO_0.6_ZC_0.4_trend.csv,0.4494061026612672,-39.80736937636338,879,12.47947661739763,8.827288239227801
MovingAverageV4_1_price_minus_slow_ma_over_atr_F_8_S_50_ATR_10_SLP_5_ZO_0.8_ZC_0.2_trend.csv,0.5429425349470536,-35.27176142338175,875,17.95832765899497,12.26363849927363
MovingAverageV4_1_price_minus_slow_ma_over_atr_F_8_S_50_ATR_10_SLP_5_ZO_0.8_ZC_0.4_trend.csv,0.43209911628865405,-38.80389818897078,879,13.627945115617992,9.722398825429304
MovingAverageV4_1_price_minus_slow_ma_over_atr_F_8_S_50_ATR_10_SLP_5_ZO_1.0_ZC_0.2_trend.csv,0.5409771451775225,-34.786957390818074,875,18.792751815714194,13.439912324127702
MovingAverageV4_1_price_minus_slow_ma_over_atr_F_8_S_50_ATR_10_SLP_5_ZO_1.0_ZC_0.4_trend.csv,0.41004115271798647,-39.129739844340904,880,14.6570001218472,10.354423945460063
MovingAverageV4_1_price_minus_slow_ma_over_atr_F_8_S_50_ATR_15_SLP_5_ZO_0.6_ZC_0.2_trend.csv,0.5866421228281898,-30.33483626165652,796,17.028138801261832,11.894827011450058
MovingAverageV4_1_price_minus_slow_ma_over_atr_F_8_S_50_ATR_15_SLP_5_ZO_0.6_ZC_0.4_trend.csv,0.45621493535740915,-40.68510457056226,875,12.483547507788156,9.0203511090251
MovingAverageV4_1_price_minus_slow_ma_over_atr_F_8_S_50_ATR_15_SLP_5_ZO_0.8_ZC_0.2_trend.csv,0.5969281624411343,-32.619638062518064,875,18.011102734562396,13.864058639763623
MovingAverageV4_1_price_minus_slow_ma_over_atr_F_8_S_50_ATR_15_SLP_5_ZO_0.8_ZC_0.4_trend.csv,0.43857808752277794,-38.55417393335149,879,13.688575209528006,9.974772449506569
MovingAverageV4_1_price_minus_slow_ma_over_atr_F_8_S_50_ATR_15_SLP_5_ZO_1.0_ZC_0.2_trend.csv,0.5347121449506917,-39.102297015205906,875,18.889152341434485,13.65755610810101
MovingAverageV4_1_price_minus_slow_ma_over_atr_F_8_S_50_ATR_15_SLP_5_ZO_1.0_ZC_0.4_trend.csv,0.3938018221208692,-38.46519250093053,891,14.758433549182866,10.05220812225916
MovingAverageV4_1_price_minus_slow_ma_over_atr_F_8_S_50_ATR_20_SLP_5_ZO_0.6_ZC_0.2_trend.csv,0.5170398859061506,-41.82951540150232,875,16.995706528602096,10.57089990769298
MovingAverageV4_1_price_minus_slow_ma_over_atr_F_8_S_50_ATR_20_SLP_5_ZO_0.6_ZC_0.4_trend.csv,0.46568395780769156,-41.354728991810674,875,12.45549279314374,9.19058584358851
MovingAverageV4_1_price_minus_slow_ma_over_atr_F_8_S_50_ATR_20_SLP_5_ZO_0.8_ZC_0.2_trend.csv,0.5204795108030607,-42.58925321908751,875,17.97173629690609,12.001738467194206
MovingAverageV4_1_price_minus_slow_ma_over_atr_F_8_S_50_ATR_20_SLP_5_ZO_0.8_ZC_0.4_trend.csv,0.4525755797944238,-37.997272370760896,875,13.654319624620475,10.297004122018151
MovingAverageV4_1_price_minus_slow_ma_over_atr_F_8_S_50_ATR_20_SLP_5_ZO_1.0_ZC_0.2_trend.csv,0.5827102097915009,-37.50641726306557,875,18.88333333333333,15.131043928384592
MovingAverageV4_1_price_minus_slow_ma_over_atr_F_8_S_50_ATR_20_SLP_5_ZO_1.0_ZC_0.4_trend.csv,0.45576629140162844,-38.359796676962645,879,14.799229717977386,11.718192106574683
MovingAverageV4_1_slow_ma_slope_over_atr_F_10_S_30_ATR_10_SLP_10_ZO_0.6_ZC_0.2_trend.csv,0.48058651044740097,-36.62240897005356,956,20.941489867757586,20.990676968977592
MovingAverageV4_1_slow_ma_slope_over_atr_F_10_S_30_ATR_10_SLP_10_ZO_0.6_ZC_0.4_trend.csv,0.45967455025433246,-35.321972798968915,886,19.048842223680516,19.203490236009486
MovingAverageV4_1_slow_ma_slope_over_atr_F_10_S_30_ATR_10_SLP_10_ZO_0.8_ZC_0.2_trend.csv,0.45494239418934895,-43.80662424376207,977,21.206224022167742,21.135758610285308
MovingAverageV4_1_slow_ma_slope_over_atr_F_10_S_30_ATR_10_SLP_10_ZO_0.8_ZC_0.4_trend.csv,0.43345210204913065,-39.37141012932648,962,19.44366347177849,19.349844548090935
MovingAverageV4_1_slow_ma_slope_over_atr_F_10_S_30_ATR_10_SLP_10_ZO_1.0_ZC_0.2_trend.csv,0.4459830367720576,-37.95864186355104,956,21.511248454882566,22.207082484472796
MovingAverageV4_1_slow_ma_slope_over_atr_F_10_S_30_ATR_10_SLP_10_ZO_1.0_ZC_0.4_trend.csv,0.44775981574181534,-38.0867750385141,881,19.850790883048955,21.529041345628663
MovingAverageV4_1_slow_ma_slope_over_atr_F_10_S_30_ATR_10_SLP_3_ZO_0.6_ZC_0.2_trend.csv,0.3907927680508667,-39.273606779320524,1237,16.55264623955432,22.768041796557632
MovingAverageV4_1_slow_ma_slope_over_atr_F_10_S_30_ATR_10_SLP_3_ZO_0.6_ZC_0.4_trend.csv,0.41035498912537177,-41.68764356060687,848,11.007215007215006,19.119847860538787
MovingAverageV4_1_slow_ma_slope_over_atr_F_10_S_30_ATR_10_SLP_3_ZO_0.8_ZC_0.2_trend.csv,0.18743615963253854,-43.38460399850493,2061,17.011197243755387,15.936772778206677
MovingAverageV4_1_slow_ma_slope_over_atr_F_10_S_30_ATR_10_SLP_3_ZO_0.8_ZC_0.4_trend.csv,0.30420171215403186,-31.760553273542293,716,12.958174904942966,24.02657361195737
MovingAverageV4_1_slow_ma_slope_over_atr_F_10_S_30_ATR_10_SLP_3_ZO_1.0_ZC_0.2_trend.csv,0.22577149676730648,-29.473123269002222,1090,17.873493975903617,32.65412066745788
MovingAverageV4_1_slow_ma_slope_over_atr_F_10_S_30_ATR_10_SLP_3_ZO_1.0_ZC_0.4_trend.csv,0.318925153709357,-24.55471168603401,617,13.838709677419356,42.219446760880956
MovingAverageV4_1_slow_ma_slope_over_atr_F_10_S_30_ATR_10_SLP_5_ZO_0.6_ZC_0.2_trend.csv,0.36963370576408894,-36.727747373456445,874,18.14625594790884,17.283930315771084
MovingAverageV4_1_slow_ma_slope_over_atr_F_10_S_30_ATR_10_SLP_5_ZO_0.6_ZC_0.4_trend.csv,0.4423453848832323,-36.0229705540272,827,14.271496523966338,17.93007192437619
MovingAverageV4_1_slow_ma_slope_over_atr_F_10_S_30_ATR_10_SLP_5_ZO_0.8_ZC_0.2_trend.csv,0.37754760216643374,-33.47700605489213,824,18.839364844903994,20.611476462966536
MovingAverageV4_1_slow_ma_slope_over_atr_F_10_S_30_ATR_10_SLP_5_ZO_0.8_ZC_0.4_trend.csv,0.44786423067288994,-34.71456354191943,812,15.505686125852916,22.149791180118417
MovingAverageV4_1_slow_ma_slope_over_atr_F_10_S_30_ATR_10_SLP_5_ZO_1.0_ZC_0.2_trend.csv,0.40600472172544355,-31.47702008778292,1010,19.69125,27.04263075762424
MovingAverageV4_1_slow_ma_slope_over_atr_F_10_S_30_ATR_10_SLP_5_ZO_1.0_ZC_0.4_trend.csv,0.4735987204743076,-36.12765977946901,1018,16.52101952995697,29.06173052699451
MovingAverageV4_1_slow_ma_slope_over_atr_F_10_S_30_ATR_15_SLP_10_ZO_0.6_ZC_0.2_trend.csv,0.4662019080510806,-35.9845087702286,953,21.07740946541482,20.61066110003695
MovingAverageV4_1_slow_ma_slope_over_atr_F_10_S_30_ATR_15_SLP_10_ZO_0.6_ZC_0.4_trend.csv,0.4289094348602421,-35.03343518402157,883,19.11567445365486,18.096843335986286
MovingAverageV4_1_slow_ma_slope_over_atr_F_10_S_30_ATR_15_SLP_10_ZO_0.8_ZC_0.2_trend.csv,0.4265291518742945,-45.038611185597226,990,21.346600688468158,20.174825889952043
MovingAverageV4_1_slow_ma_slope_over_atr_F_10_S_30_ATR_15_SLP_10_ZO_0.8_ZC_0.4_trend.csv,0.4122745687134492,-39.66350682624535,963,19.60735404795182,18.777572346763286
MovingAverageV4_1_slow_ma_slope_over_atr_F_10_S_30_ATR_15_SLP_10_ZO_1.0_ZC_0.2_trend.csv,0.4117793906817727,-38.24027861878072,963,21.633595407462863,21.00925911649958
MovingAverageV4_1_slow_ma_slope_over_atr_F_10_S_30_ATR_15_SLP_10_ZO_1.0_ZC_0.4_trend.csv,0.41674776907402683,-38.78631722730603,881,20.023656725808475,20.574495395295095
MovingAverageV4_1_slow_ma_slope_over_atr_F_10_S_30_ATR_15_SLP_3_ZO_0.6_ZC_0.2_trend.csv,0.2790029327968931,-54.71832215571297,1242,16.623484013230428,17.299382469731682
MovingAverageV4_1_slow_ma_slope_over_atr_F_10_S_30_ATR_15_SLP_3_ZO_0.6_ZC_0.4_trend.csv,0.2837416332830378,-51.66950643621504,1062,11.216666666666669,14.57092779001698
MovingAverageV4_1_slow_ma_slope_over_atr_F_10_S_30_ATR_15_SLP_3_ZO_0.8_ZC_0.2_trend.csv,0.30401913919049445,-45.8764326961071,1242,18.25090909090909,29.503686586266955
MovingAverageV4_1_slow_ma_slope_over_atr_F_10_S_30_ATR_15_SLP_3_ZO_0.8_ZC_0.4_trend.csv,0.4053689738954911,-35.35134213503994,1064,13.790650406504069,36.90186524571906
MovingAverageV4_1_slow_ma_slope_over_atr_F_10_S_30_ATR_15_SLP_3_ZO_1.0_ZC_0.2_trend.csv,0.1370686616955059,-52.04861611491739,2061,18.32624113475177,19.738590791076106
MovingAverageV4_1_slow_ma_slope_over_atr_F_10_S_30_ATR_15_SLP_3_ZO_1.0_ZC_0.4_trend.csv,0.23139250474381087,-40.06746906318128,2061,13.92248062015504,31.419471812186078
MovingAverageV4_1_slow_ma_slope_over_atr_F_10_S_30_ATR_15_SLP_5_ZO_0.6_ZC_0.2_trend.csv,0.38468211426110965,-38.48267040910515,869,18.3488962192337,18.493167286308175
MovingAverageV4_1_slow_ma_slope_over_atr_F_10_S_30_ATR_15_SLP_5_ZO_0.6_ZC_0.4_trend.csv,0.4445976615163985,-37.97208381407886,855,14.567486950037287,18.76587361389245
MovingAverageV4_1_slow_ma_slope_over_atr_F_10_S_30_ATR_15_SLP_5_ZO_0.8_ZC_0.2_trend.csv,0.33444162817263023,-32.86840974272024,1007,19.09782608695652,19.162988942224857
MovingAverageV4_1_slow_ma_slope_over_atr_F_10_S_30_ATR_15_SLP_5_ZO_0.8_ZC_0.4_trend.csv,0.46091963035563466,-32.76290516900268,981,15.939840869396464,24.22032776016894
MovingAverageV4_1_slow_ma_slope_over_atr_F_10_S_30_ATR_15_SLP_5_ZO_1.0_ZC_0.2_trend.csv,0.38070437024055215,-40.92633042438642,1064,19.95521433141395,26.823235432295373
MovingAverageV4_1_slow_ma_slope_over_atr_F_10_S_30_ATR_15_SLP_5_ZO_1.0_ZC_0.4_trend.csv,0.49030255316385657,-43.69783576799165,1236,16.962812711291413,32.48732518632236
MovingAverageV4_1_slow_ma_slope_over_atr_F_10_S_30_ATR_20_SLP_10_ZO_0.6_ZC_0.2_trend.csv,0.4627182396921603,-36.55065511054228,956,21.092815235164,20.517926885505968
MovingAverageV4_1_slow_ma_slope_over_atr_F_10_S_30_ATR_20_SLP_10_ZO_0.6_ZC_0.4_trend.csv,0.433979270087413,-33.71744104224284,883,19.144860255802936,18.417752746819307
MovingAverageV4_1_slow_ma_slope_over_atr_F_10_S_30_ATR_20_SLP_10_ZO_0.8_ZC_0.2_trend.csv,0.4128460375889086,-46.36034098525984,1017,21.406236466002596,19.6996844200635
MovingAverageV4_1_slow_ma_slope_over_atr_F_10_S_30_ATR_20_SLP_10_ZO_0.8_ZC_0.4_trend.csv,0.3998742755956309,-40.02328448663479,964,19.654732287723093,18.367354240534542
MovingAverageV4_1_slow_ma_slope_over_atr_F_10_S_30_ATR_20_SLP_10_ZO_1.0_ZC_0.2_trend.csv,0.4166343651962017,-38.058494832998974,887,21.649456182022753,21.430402503801904
MovingAverageV4_1_slow_ma_slope_over_atr_F_10_S_30_ATR_20_SLP_10_ZO_1.0_ZC_0.4_trend.csv,0.4098254583043315,-39.42235198909285,822,20.037359586015402,20.415912772712982
MovingAverageV4_1_slow_ma_slope_over_atr_F_10_S_30_ATR_20_SLP_3_ZO_0.6_ZC_0.2_trend.csv,0.27018953306760124,-44.05327364438551,1254,16.683898761443192,17.16875861423254
MovingAverageV4_1_slow_ma_slope_over_atr_F_10_S_30_ATR_20_SLP_3_ZO_0.6_ZC_0.4_trend.csv,0.3089855694245846,-43.938895573380826,1062,11.491775382870108,16.423539208363998
MovingAverageV4_1_slow_ma_slope_over_atr_F_10_S_30_ATR_20_SLP_3_ZO_0.8_ZC_0.2_trend.csv,0.2052078412839847,-36.19468228159702,1211,18.08361774744027,19.819370885111166
MovingAverageV4_1_slow_ma_slope_over_atr_F_10_S_30_ATR_20_SLP_3_ZO_0.8_ZC_0.4_trend.csv,0.3478622835702138,-29.730618560466368,976,13.967863894139887,31.607414617526477
MovingAverageV4_1_slow_ma_slope_over_atr_F_10_S_30_ATR_20_SLP_3_ZO_1.0_ZC_0.2_trend.csv,0.08478567564128406,-48.36375191136023,2061,19.7109375,13.809308231597317
MovingAverageV4_1_slow_ma_slope_over_atr_F_10_S_30_ATR_20_SLP_3_ZO_1.0_ZC_0.4_trend.csv,0.21314581929231785,-34.86342730361096,1705,14.948717948717949,33.201167504266564
MovingAverageV4_1_slow_ma_slope_over_atr_F_10_S_30_ATR_20_SLP_5_ZO_0.6_ZC_0.2_trend.csv,0.374390479447037,-34.94488838892897,881,18.423262916772714,18.262732235567565
MovingAverageV4_1_slow_ma_slope_over_atr_F_10_S_30_ATR_20_SLP_5_ZO_0.6_ZC_0.4_trend.csv,0.4546616706323862,-33.65069036105825,826,14.670434564179857,19.560946733122538
MovingAverageV4_1_slow_ma_slope_over_atr_F_10_S_30_ATR_20_SLP_5_ZO_0.8_ZC_0.2_trend.csv,0.28986815930060095,-40.247078856237,1057,19.05145829463125,16.92179582011745
MovingAverageV4_1_slow_ma_slope_over_atr_F_10_S_30_ATR_20_SLP_5_ZO_0.8_ZC_0.4_trend.csv,0.4121343466373288,-37.18364165596016,1012,15.88359992291385,22.16862442441756
MovingAverageV4_1_slow_ma_slope_over_atr_F_10_S_30_ATR_20_SLP_5_ZO_1.0_ZC_0.2_trend.csv,0.30383079581251804,-49.728752306462475,1056,19.765069551777437,21.873932923915184
MovingAverageV4_1_slow_ma_slope_over_atr_F_10_S_30_ATR_20_SLP_5_ZO_1.0_ZC_0.4_trend.csv,0.4100516586178521,-46.30575399000994,1046,16.75254015077024,27.789003156270912
MovingAverageV4_1_slow_ma_slope_over_atr_F_10_S_40_ATR_10_SLP_10_ZO_0.6_ZC_0.2_trend.csv,0.43269141712210885,-40.77608903349933,875,23.308567603748337,21.6329219920594
MovingAverageV4_1_slow_ma_slope_over_atr_F_10_S_40_ATR_10_SLP_10_ZO_0.6_ZC_0.4_trend.csv,0.4453946663871286,-38.9842725524818,875,20.77702926559912,20.923559102554155
MovingAverageV4_1_slow_ma_slope_over_atr_F_10_S_40_ATR_10_SLP_10_ZO_0.8_ZC_0.2_trend.csv,0.41670812276258484,-41.263884024571766,1057,23.49225451286647,21.99911603152002
MovingAverageV4_1_slow_ma_slope_over_atr_F_10_S_40_ATR_10_SLP_10_ZO_0.8_ZC_0.4_trend.csv,0.4120664985203495,-39.92912154424755,1057,21.395071335927362,20.954330785829423
MovingAverageV4_1_slow_ma_slope_over_atr_F_10_S_40_ATR_10_SLP_10_ZO_1.0_ZC_0.2_trend.csv,0.39979354807672257,-40.60587546413835,976,23.632059925093625,22.23580281020155
MovingAverageV4_1_slow_ma_slope_over_atr_F_10_S_40_ATR_10_SLP_10_ZO_1.0_ZC_0.4_trend.csv,0.4051102383887553,-39.64670786950771,967,21.639816232771818,21.818636005920578
MovingAverageV4_1_slow_ma_slope_over_atr_F_10_S_40_ATR_10_SLP_3_ZO_0.6_ZC_0.2_trend.csv,0.42126530704052617,-46.282897408154724,1056,18.661918328584996,30.19441378589613
MovingAverageV4_1_slow_ma_slope_over_atr_F_10_S_40_ATR_10_SLP_3_ZO_0.6_ZC_0.4_trend.csv,0.4777610750529561,-44.29416765483147,1064,11.863636363636363,27.305610520456657
MovingAverageV4_1_slow_ma_slope_over_atr_F_10_S_40_ATR_10_SLP_3_ZO_0.8_ZC_0.2_trend.csv,0.16075541402066412,-35.05119445504914,1069,19.933579335793358,17.076549986095202
MovingAverageV4_1_slow_ma_slope_over_atr_F_10_S_40_ATR_10_SLP_3_ZO_0.8_ZC_0.4_trend.csv,0.2467588397506132,-36.91519357796143,718,14.2468085106383,23.278616310822798
MovingAverageV4_1_slow_ma_slope_over_atr_F_10_S_40_ATR_10_SLP_3_ZO_1.0_ZC_0.2_trend.csv,-0.14052958608020677,-79.5928192021442,3050,18.041095890410958,-24.188200581142635
MovingAverageV4_1_slow_ma_slope_over_atr_F_10_S_40_ATR_10_SLP_3_ZO_1.0_ZC_0.4_trend.csv,-0.09479380537332563,-94.57135953090513,3050,13.202898550724639,-14.028145505066512
MovingAverageV4_1_slow_ma_slope_over_atr_F_10_S_40_ATR_10_SLP_5_ZO_0.6_ZC_0.2_trend.csv,0.4538930388559708,-38.099938927430294,801,20.702170283806346,24.84932048048994
MovingAverageV4_1_slow_ma_slope_over_atr_F_10_S_40_ATR_10_SLP_5_ZO_0.6_ZC_0.4_trend.csv,0.4931115871699598,-32.28388924741678,700,15.926626826029215,22.99359135409142
MovingAverageV4_1_slow_ma_slope_over_atr_F_10_S_40_ATR_10_SLP_5_ZO_0.8_ZC_0.2_trend.csv,0.4387811801508087,-34.56296087712277,908,21.62238522140722,28.725432902606787
MovingAverageV4_1_slow_ma_slope_over_atr_F_10_S_40_ATR_10_SLP_5_ZO_0.8_ZC_0.4_trend.csv,0.4982215495984495,-27.24459617441474,705,17.688386909933396,29.836162201884807
MovingAverageV4_1_slow_ma_slope_over_atr_F_10_S_40_ATR_10_SLP_5_ZO_1.0_ZC_0.2_trend.csv,0.09982516211456118,-48.13844405707557,1421,21.53038105046344,7.650937129391402
MovingAverageV4_1_slow_ma_slope_over_atr_F_10_S_40_ATR_10_SLP_5_ZO_1.0_ZC_0.4_trend.csv,0.2323892122251415,-46.45345361783495,1069,18.08861469433539,17.076088296389464
MovingAverageV4_1_slow_ma_slope_over_atr_F_10_S_40_ATR_15_SLP_10_ZO_0.6_ZC_0.2_trend.csv,0.42188678160402693,-39.71363619590447,963,23.400000000000016,21.25907858018457
MovingAverageV4_1_slow_ma_slope_over_atr_F_10_S_40_ATR_15_SLP_10_ZO_0.6_ZC_0.4_trend.csv,0.44582106985070175,-37.91723554427159,875,20.994530639580308,21.310825471551734
MovingAverageV4_1_slow_ma_slope_over_atr_F_10_S_40_ATR_15_SLP_10_ZO_0.8_ZC_0.2_trend.csv,0.4137521016328079,-41.026887589077305,1057,23.74575828765336,22.29134711930401
MovingAverageV4_1_slow_ma_slope_over_atr_F_10_S_40_ATR_15_SLP_10_ZO_0.8_ZC_0.4_trend.csv,0.42849201275709203,-39.600324170453604,1040,21.715497812541425,22.388441403475287
MovingAverageV4_1_slow_ma_slope_over_atr_F_10_S_40_ATR_15_SLP_10_ZO_1.0_ZC_0.2_trend.csv,0.44234639750631266,-39.63246128004114,971,24.109947643979073,25.687405757237315
MovingAverageV4_1_slow_ma_slope_over_atr_F_10_S_40_ATR_15_SLP_10_ZO_1.0_ZC_0.4_trend.csv,0.43358915342948096,-38.82672777625953,813,22.138648180242637,24.389010221640465
MovingAverageV4_1_slow_ma_slope_over_atr_F_10_S_40_ATR_15_SLP_3_ZO_0.6_ZC_0.2_trend.csv,0.44986203723708423,-29.46659385830023,1036,19.197969543147206,34.659280356636025
MovingAverageV4_1_slow_ma_slope_over_atr_F_10_S_40_ATR_15_SLP_3_ZO_0.6_ZC_0.4_trend.csv,0.543384092769596,-39.299928755113456,1043,12.43690939410784,33.97354699153412
MovingAverageV4_1_slow_ma_slope_over_atr_F_10_S_40_ATR_15_SLP_3_ZO_0.8_ZC_0.2_trend.csv,0.19920293082122387,-57.122227701246665,2061,21.024291497975707,25.383374895945735
MovingAverageV4_1_slow_ma_slope_over_atr_F_10_S_40_ATR_15_SLP_3_ZO_0.8_ZC_0.4_trend.csv,0.1687808050034705,-57.7585643627696,2061,14.552511415525116,18.425913198462837
MovingAverageV4_1_slow_ma_slope_over_atr_F_10_S_40_ATR_15_SLP_3_ZO_1.0_ZC_0.2_trend.csv,-0.12521661783631255,-73.54166292917438,3050,19.1875,-27.44241547801028
MovingAverageV4_1_slow_ma_slope_over_atr_F_10_S_40_ATR_15_SLP_3_ZO_1.0_ZC_0.4_trend.csv,-0.09444362596618158,-59.62279643073854,2834,13.936170212765955,-17.665838823104387
MovingAverageV4_1_slow_ma_slope_over_atr_F_10_S_40_ATR_15_SLP_5_ZO_0.6_ZC_0.2_trend.csv,0.4093365358712986,-39.93286831040409,978,20.90404973953957,23.244542259703774
MovingAverageV4_1_slow_ma_slope_over_atr_F_10_S_40_ATR_15_SLP_5_ZO_0.6_ZC_0.4_trend.csv,0.47297112190458274,-35.95538980531312,710,16.261682242990656,22.93258579138725
MovingAverageV4_1_slow_ma_slope_over_atr_F_10_S_40_ATR_15_SLP_5_ZO_0.8_ZC_0.2_trend.csv,0.41985716223150416,-34.181539138691946,1056,22.171116853287398,28.990550884378585
MovingAverageV4_1_slow_ma_slope_over_atr_F_10_S_40_ATR_15_SLP_5_ZO_0.8_ZC_0.4_trend.csv,0.5160826749352142,-29.1440909108198,825,18.433652953912773,33.03297740343579
MovingAverageV4_1_slow_ma_slope_over_atr_F_10_S_40_ATR_15_SLP_5_ZO_1.0_ZC_0.2_trend.csv,0.19765597371669608,-33.1330886830012,1064,22.11193603655054,16.801999434537112
MovingAverageV4_1_slow_ma_slope_over_atr_F_10_S_40_ATR_15_SLP_5_ZO_1.0_ZC_0.4_trend.csv,0.2701203389447644,-32.781258939085454,1064,18.61937075879087,21.953385020379596
MovingAverageV4_1_slow_ma_slope_over_atr_F_10_S_40_ATR_20_SLP_10_ZO_0.6_ZC_0.2_trend.csv,0.40645443692830324,-39.66956417844037,971,23.465585220232057,20.68108257858967
MovingAverageV4_1_slow_ma_slope_over_atr_F_10_S_40_ATR_20_SLP_10_ZO_0.6_ZC_0.4_trend.csv,0.4472080705011077,-37.82197869264505,875,21.046934650797212,21.538924746244103
MovingAverageV4_1_slow_ma_slope_over_atr_F_10_S_40_ATR_20_SLP_10_ZO_0.8_ZC_0.2_trend.csv,0.40322783794625505,-40.741806518698596,795,23.801303780964794,21.94866737565015
MovingAverageV4_1_slow_ma_slope_over_atr_F_10_S_40_ATR_20_SLP_10_ZO_0.8_ZC_0.4_trend.csv,0.4466963598657319,-39.203539236813754,801,21.718638230229175,23.529632584493804
MovingAverageV4_1_slow_ma_slope_over_atr_F_10_S_40_ATR_20_SLP_10_ZO_1.0_ZC_0.2_trend.csv,0.4339640755872188,-41.81624442781131,795,24.1743700726542,25.570149234481246
MovingAverageV4_1_slow_ma_slope_over_atr_F_10_S_40_ATR_20_SLP_10_ZO_1.0_ZC_0.4_trend.csv,0.4522513477370485,-40.740935917188494,813,22.17693522906793,25.85323147664402
MovingAverageV4_1_slow_ma_slope_over_atr_F_10_S_40_ATR_20_SLP_3_ZO_0.6_ZC_0.2_trend.csv,0.3748678861603922,-32.164638394375245,1064,19.375375375375377,30.66256079228824
MovingAverageV4_1_slow_ma_slope_over_atr_F_10_S_40_ATR_20_SLP_3_ZO_0.6_ZC_0.4_trend.csv,0.42732653373088053,-44.21800461948314,1064,12.775287042099508,28.848163274374084
MovingAverageV4_1_slow_ma_slope_over_atr_F_10_S_40_ATR_20_SLP_3_ZO_0.8_ZC_0.2_trend.csv,0.1876805489625159,-46.21763852771815,1195,21.37984496124031,25.092923628083874
MovingAverageV4_1_slow_ma_slope_over_atr_F_10_S_40_ATR_20_SLP_3_ZO_0.8_ZC_0.4_trend.csv,0.2147132315668946,-54.62965448545476,2061,14.874439461883409,24.455951123024654
MovingAverageV4_1_slow_ma_slope_over_atr_F_10_S_40_ATR_20_SLP_3_ZO_1.0_ZC_0.2_trend.csv,-0.3510007956322575,-104.52875193915418,3716,20.933333333333334,-88.71314583941516
MovingAverageV4_1_slow_ma_slope_over_atr_F_10_S_40_ATR_20_SLP_3_ZO_1.0_ZC_0.4_trend.csv,-0.30466535904241515,-101.71039779955072,3716,15.325581395348834,-66.6892989346916
MovingAverageV4_1_slow_ma_slope_over_atr_F_10_S_40_ATR_20_SLP_5_ZO_0.6_ZC_0.2_trend.csv,0.4028607283868797,-43.225916302030186,1155,21.056244689889557,23.621844527428696
MovingAverageV4_1_slow_ma_slope_over_atr_F_10_S_40_ATR_20_SLP_5_ZO_0.6_ZC_0.4_trend.csv,0.514953616866654,-37.23740870230246,1007,16.551175656984782,26.089690585491027
MovingAverageV4_1_slow_ma_slope_over_atr_F_10_S_40_ATR_20_SLP_5_ZO_0.8_ZC_0.2_trend.csv,0.4476613321018012,-33.53811457349323,889,22.234557358383142,31.85017171670923
MovingAverageV4_1_slow_ma_slope_over_atr_F_10_S_40_ATR_20_SLP_5_ZO_0.8_ZC_0.4_trend.csv,0.6195302143636991,-27.51300298450151,621,18.682251614887726,41.49453719926463
MovingAverageV4_1_slow_ma_slope_over_atr_F_10_S_40_ATR_20_SLP_5_ZO_1.0_ZC_0.2_trend.csv,0.24409453509592438,-33.40056746689393,1056,22.466208476517753,21.740998376243606
MovingAverageV4_1_slow_ma_slope_over_atr_F_10_S_40_ATR_20_SLP_5_ZO_1.0_ZC_0.4_trend.csv,0.3929869622923816,-26.931012794923433,1037,19.02857142857143,34.07298808767089
MovingAverageV4_1_slow_ma_slope_over_atr_F_10_S_50_ATR_10_SLP_10_ZO_0.6_ZC_0.2_trend.csv,0.3843982741755039,-49.597601684679205,1057,24.633909690259994,20.493096339928606
MovingAverageV4_1_slow_ma_slope_over_atr_F_10_S_50_ATR_10_SLP_10_ZO_0.6_ZC_0.4_trend.csv,0.3807456685050913,-43.00763464496653,1057,21.703308960218106,19.042450220776015
MovingAverageV4_1_slow_ma_slope_over_atr_F_10_S_50_ATR_10_SLP_10_ZO_0.8_ZC_0.2_trend.csv,0.3677726811126763,-49.55399804946943,1057,25.238742064077964,21.115749084181022
MovingAverageV4_1_slow_ma_slope_over_atr_F_10_S_50_ATR_10_SLP_10_ZO_0.8_ZC_0.4_trend.csv,0.32379698611804786,-46.05785462174761,1057,22.625150784077206,17.758144749981877
MovingAverageV4_1_slow_ma_slope_over_atr_F_10_S_50_ATR_10_SLP_10_ZO_1.0_ZC_0.2_trend.csv,0.3763488993360913,-44.8079836426229,1057,25.790176959191058,23.403388212652718
MovingAverageV4_1_slow_ma_slope_over_atr_F_10_S_50_ATR_10_SLP_10_ZO_1.0_ZC_0.4_trend.csv,0.35733246958646014,-42.23034557920569,1057,23.337706146926546,21.286808678439282
MovingAverageV4_1_slow_ma_slope_over_atr_F_10_S_50_ATR_10_SLP_3_ZO_0.6_ZC_0.2_trend.csv,-0.06678413890262795,-77.92550106322368,2237,20.86006289308176,-5.689734049792876
MovingAverageV4_1_slow_ma_slope_over_atr_F_10_S_50_ATR_10_SLP_3_ZO_0.6_ZC_0.4_trend.csv,0.039773226036130725,-69.80895811656154,2123,13.064798598949212,2.683898785201515
MovingAverageV4_1_slow_ma_slope_over_atr_F_10_S_50_ATR_10_SLP_3_ZO_0.8_ZC_0.2_trend.csv,-0.1406976755868943,-85.84830852482736,1144,21.510204081632654,-19.515615735951286
MovingAverageV4_1_slow_ma_slope_over_atr_F_10_S_50_ATR_10_SLP_3_ZO_0.8_ZC_0.4_trend.csv,-0.10430218030831549,-95.08606601762088,1184,15.2755905511811,-12.790507469417603
MovingAverageV4_1_slow_ma_slope_over_atr_F_10_S_50_ATR_10_SLP_3_ZO_1.0_ZC_0.2_trend.csv,-0.21500320682396135,-73.0220315617549,3078,21.435897435897434,-56.05885431295986
MovingAverageV4_1_slow_ma_slope_over_atr_F_10_S_50_ATR_10_SLP_3_ZO_1.0_ZC_0.4_trend.csv,-0.2729720431912408,-104.20589077410126,3078,14.111111111111112,-57.74897967960849
MovingAverageV4_1_slow_ma_slope_over_atr_F_10_S_50_ATR_10_SLP_5_ZO_0.6_ZC_0.2_trend.csv,0.35162745341564045,-39.80680971971424,1071,22.503666457154832,21.186841108373564
MovingAverageV4_1_slow_ma_slope_over_atr_F_10_S_50_ATR_10_SLP_5_ZO_0.6_ZC_0.4_trend.csv,0.3754204966122689,-43.9087183644606,1157,16.85515789473684,19.047759097273296
MovingAverageV4_1_slow_ma_slope_over_atr_F_10_S_50_ATR_10_SLP_5_ZO_0.8_ZC_0.2_trend.csv,0.07631307055866833,-69.08174055424409,1319,23.38935779816514,5.368632596996189
MovingAverageV4_1_slow_ma_slope_over_atr_F_10_S_50_ATR_10_SLP_5_ZO_0.8_ZC_0.4_trend.csv,0.0825294158130817,-72.38316816380791,2233,18.790380761523046,5.3360476357264774
MovingAverageV4_1_slow_ma_slope_over_atr_F_10_S_50_ATR_10_SLP_5_ZO_1.0_ZC_0.2_trend.csv,-0.07580365428151717,-71.98360824354472,2244,24.335279399499584,-6.810895759983175
MovingAverageV4_1_slow_ma_slope_over_atr_F_10_S_50_ATR_10_SLP_5_ZO_1.0_ZC_0.4_trend.csv,-0.024679596789285493,-74.1686673643374,2237,20.40221402214022,-2.127376096870629
MovingAverageV4_1_slow_ma_slope_over_atr_F_10_S_50_ATR_15_SLP_10_ZO_0.6_ZC_0.2_trend.csv,0.3511568354723024,-51.676796005267406,1057,24.84459544482196,19.04190832245181
MovingAverageV4_1_slow_ma_slope_over_atr_F_10_S_50_ATR_15_SLP_10_ZO_0.6_ZC_0.4_trend.csv,0.363254016756525,-43.81608566982068,1057,21.925693485628216,18.52296930458423
MovingAverageV4_1_slow_ma_slope_over_atr_F_10_S_50_ATR_15_SLP_10_ZO_0.8_ZC_0.2_trend.csv,0.35497322390459024,-49.52461240788534,1057,25.443678849610556,20.78566128259719
MovingAverageV4_1_slow_ma_slope_over_atr_F_10_S_50_ATR_15_SLP_10_ZO_0.8_ZC_0.4_trend.csv,0.33829518575519274,-44.801763579839516,1057,22.90973288302118,19.014014077668786
MovingAverageV4_1_slow_ma_slope_over_atr_F_10_S_50_ATR_15_SLP_10_ZO_1.0_ZC_0.2_trend.csv,0.37717759463777906,-45.183422561221164,1057,26.09627846695057,24.119385723786515
MovingAverageV4_1_slow_ma_slope_over_atr_F_10_S_50_ATR_15_SLP_10_ZO_1.0_ZC_0.4_trend.csv,0.37007193233330393,-41.809959084352855,1057,23.64618035611717,22.692970088205648
MovingAverageV4_1_slow_ma_slope_over_atr_F_10_S_50_ATR_15_SLP_3_ZO_0.6_ZC_0.2_trend.csv,-0.2653766552323859,-106.2689353470846,2492,21.254237288135595,-24.39269879846109
MovingAverageV4_1_slow_ma_slope_over_atr_F_10_S_50_ATR_15_SLP_3_ZO_0.6_ZC_0.4_trend.csv,0.036058324122360916,-71.07317246189194,2061,13.703065134099615,2.6877626208260756
MovingAverageV4_1_slow_ma_slope_over_atr_F_10_S_50_ATR_15_SLP_3_ZO_0.8_ZC_0.2_trend.csv,-0.09873972714802524,-68.84553765677526,1994,25.00900900900901,-17.288874879094937
MovingAverageV4_1_slow_ma_slope_over_atr_F_10_S_50_ATR_15_SLP_3_ZO_0.8_ZC_0.4_trend.csv,-0.13374368372891654,-82.55247720667111,1565,16.000000000000004,-19.247199659249674
MovingAverageV4_1_slow_ma_slope_over_atr_F_10_S_50_ATR_15_SLP_3_ZO_1.0_ZC_0.2_trend.csv,-0.0758870286359384,-72.2407916936624,1995,21.839999999999996,-26.666199180740897
MovingAverageV4_1_slow_ma_slope_over_atr_F_10_S_50_ATR_15_SLP_3_ZO_1.0_ZC_0.4_trend.csv,-0.018299016490513163,-65.41991731027902,3078,13.708333333333334,-5.022179947504875
MovingAverageV4_1_slow_ma_slope_over_atr_F_10_S_50_ATR_15_SLP_5_ZO_0.6_ZC_0.2_trend.csv,0.339171953581615,-43.964617806531784,1071,22.67037195382642,20.991300287052855
MovingAverageV4_1_slow_ma_slope_over_atr_F_10_S_50_ATR_15_SLP_5_ZO_0.6_ZC_0.4_trend.csv,0.4128652648300026,-35.4526858946803,890,17.4904825143869,22.414675287169867
MovingAverageV4_1_slow_ma_slope_over_atr_F_10_S_50_ATR_15_SLP_5_ZO_0.8_ZC_0.2_trend.csv,0.11566579427353617,-72.50227760301591,1166,23.780211184982406,8.612665620411745
MovingAverageV4_1_slow_ma_slope_over_atr_F_10_S_50_ATR_15_SLP_5_ZO_0.8_ZC_0.4_trend.csv,0.11252891788770958,-63.60689985364131,1168,19.615518744551,8.033958672061932
MovingAverageV4_1_slow_ma_slope_over_atr_F_10_S_50_ATR_15_SLP_5_ZO_1.0_ZC_0.2_trend.csv,-0.15466026145424333,-95.67946831090063,2244,24.495013599274706,-14.635061572361533
MovingAverageV4_1_slow_ma_slope_over_atr_F_10_S_50_ATR_15_SLP_5_ZO_1.0_ZC_0.4_trend.csv,-0.116079158327718,-92.51080840196414,2232,20.855421686746986,-10.891310382233812
MovingAverageV4_1_slow_ma_slope_over_atr_F_10_S_50_ATR_20_SLP_10_ZO_0.6_ZC_0.2_trend.csv,0.3449669061014269,-54.8346134382995,1057,24.748369292523837,18.65976106978492
MovingAverageV4_1_slow_ma_slope_over_atr_F_10_S_50_ATR_20_SLP_10_ZO_0.6_ZC_0.4_trend.csv,0.356559771587194,-48.35525851419514,1057,21.89504080351538,18.262429134488855
MovingAverageV4_1_slow_ma_slope_over_atr_F_10_S_50_ATR_20_SLP_10_ZO_0.8_ZC_0.2_trend.csv,0.36316575117895644,-46.30369867396821,1057,25.657203261854423,21.722821095224035
MovingAverageV4_1_slow_ma_slope_over_atr_F_10_S_50_ATR_20_SLP_10_ZO_0.8_ZC_0.4_trend.csv,0.3563758410778544,-41.7440062465007,1057,23.179248213730975,20.615603519774442
MovingAverageV4_1_slow_ma_slope_over_atr_F_10_S_50_ATR_20_SLP_10_ZO_1.0_ZC_0.2_trend.csv,0.38899082748113567,-40.90479695612807,1057,26.170799925414887,25.155817694461426
MovingAverageV4_1_slow_ma_slope_over_atr_F_10_S_50_ATR_20_SLP_10_ZO_1.0_ZC_0.4_trend.csv,0.37364598944109817,-42.80967457093453,1057,23.7296775439274,23.321833316971873
MovingAverageV4_1_slow_ma_slope_over_atr_F_10_S_50_ATR_20_SLP_3_ZO_0.6_ZC_0.2_trend.csv,-0.10276140009611827,-74.09957986862413,2770,21.719298245614034,-10.032710153415529
MovingAverageV4_1_slow_ma_slope_over_atr_F_10_S_50_ATR_20_SLP_3_ZO_0.6_ZC_0.4_trend.csv,0.11443636414789862,-75.12337840633184,2233,14.087044534412955,9.247974620507147
MovingAverageV4_1_slow_ma_slope_over_atr_F_10_S_50_ATR_20_SLP_3_ZO_0.8_ZC_0.2_trend.csv,-0.023662868290902982,-61.84171920762783,1996,25.343434343434343,-4.6355250046298915
MovingAverageV4_1_slow_ma_slope_over_atr_F_10_S_50_ATR_20_SLP_3_ZO_0.8_ZC_0.4_trend.csv,-0.03462364666965797,-77.28226454022087,2176,16.586956521739133,-5.647134201925923
MovingAverageV4_1_slow_ma_slope_over_atr_F_10_S_50_ATR_20_SLP_3_ZO_1.0_ZC_0.2_trend.csv,-0.23157066916184474,-72.31640970972599,3792,22.066666666666666,-101.91352507945982
MovingAverageV4_1_slow_ma_slope_over_atr_F_10_S_50_ATR_20_SLP_3_ZO_1.0_ZC_0.4_trend.csv,-0.24488894880468,-106.72819753876574,3078,14.857142857142858,-85.52266866055346
MovingAverageV4_1_slow_ma_slope_over_atr_F_10_S_50_ATR_20_SLP_5_ZO_0.6_ZC_0.2_trend.csv,0.35364194601242777,-46.52308611967321,1057,22.92158552348126,22.59539671849423
MovingAverageV4_1_slow_ma_slope_over_atr_F_10_S_50_ATR_20_SLP_5_ZO_0.6_ZC_0.4_trend.csv,0.4018853527907576,-36.52244943432258,1081,17.597240765465063,22.4712955491006
MovingAverageV4_1_slow_ma_slope_over_atr_F_10_S_50_ATR_20_SLP_5_ZO_0.8_ZC_0.2_trend.csv,0.1875897965671134,-53.03820464343745,1166,23.97323888232979,14.776193134200536
MovingAverageV4_1_slow_ma_slope_over_atr_F_10_S_50_ATR_20_SLP_5_ZO_0.8_ZC_0.4_trend.csv,0.17209903000850085,-55.919823408699365,1177,19.763628434365458,12.86702560652171
MovingAverageV4_1_slow_ma_slope_over_atr_F_10_S_50_ATR_20_SLP_5_ZO_1.0_ZC_0.2_trend.csv,-0.04305918576558707,-66.22043834236042,2254,25.195837275307472,-4.445990121561589
MovingAverageV4_1_slow_ma_slope_over_atr_F_10_S_50_ATR_20_SLP_5_ZO_1.0_ZC_0.4_trend.csv,-0.10259977510051646,-75.63305398522898,2254,20.88541666666666,-10.22220038908082
MovingAverageV4_1_slow_ma_slope_over_atr_F_8_S_30_ATR_10_SLP_10_ZO_0.6_ZC_0.2_trend.csv,0.48058651044740097,-36.62240897005356,956,20.941489867757586,20.990676968977592
MovingAverageV4_1_slow_ma_slope_over_atr_F_8_S_30_ATR_10_SLP_10_ZO_0.6_ZC_0.4_trend.csv,0.45967455025433246,-35.321972798968915,886,19.048842223680516,19.203490236009486
MovingAverageV4_1_slow_ma_slope_over_atr_F_8_S_30_ATR_10_SLP_10_ZO_0.8_ZC_0.2_trend.csv,0.45494239418934895,-43.80662424376207,977,21.206224022167742,21.135758610285308
MovingAverageV4_1_slow_ma_slope_over_atr_F_8_S_30_ATR_10_SLP_10_ZO_0.8_ZC_0.4_trend.csv,0.43345210204913065,-39.37141012932648,962,19.44366347177849,19.349844548090935
MovingAverageV4_1_slow_ma_slope_over_atr_F_8_S_30_ATR_10_SLP_10_ZO_1.0_ZC_0.2_trend.csv,0.4459830367720576,-37.95864186355104,956,21.511248454882566,22.207082484472796
MovingAverageV4_1_slow_ma_slope_over_atr_F_8_S_30_ATR_10_SLP_10_ZO_1.0_ZC_0.4_trend.csv,0.44775981574181534,-38.0867750385141,881,19.850790883048955,21.529041345628663
MovingAverageV4_1_slow_ma_slope_over_atr_F_8_S_30_ATR_10_SLP_3_ZO_0.6_ZC_0.2_trend.csv,0.3907927680508667,-39.273606779320524,1237,16.55264623955432,22.768041796557632
MovingAverageV4_1_slow_ma_slope_over_atr_F_8_S_30_ATR_10_SLP_3_ZO_0.6_ZC_0.4_trend.csv,0.41035498912537177,-41.68764356060687,848,11.007215007215006,19.119847860538787
MovingAverageV4_1_slow_ma_slope_over_atr_F_8_S_30_ATR_10_SLP_3_ZO_0.8_ZC_0.2_trend.csv,0.18743615963253854,-43.38460399850493,2061,17.011197243755387,15.936772778206677
MovingAverageV4_1_slow_ma_slope_over_atr_F_8_S_30_ATR_10_SLP_3_ZO_0.8_ZC_0.4_trend.csv,0.30420171215403186,-31.760553273542293,716,12.958174904942966,24.02657361195737
MovingAverageV4_1_slow_ma_slope_over_atr_F_8_S_30_ATR_10_SLP_3_ZO_1.0_ZC_0.2_trend.csv,0.22577149676730648,-29.473123269002222,1090,17.873493975903617,32.65412066745788
MovingAverageV4_1_slow_ma_slope_over_atr_F_8_S_30_ATR_10_SLP_3_ZO_1.0_ZC_0.4_trend.csv,0.318925153709357,-24.55471168603401,617,13.838709677419356,42.219446760880956
MovingAverageV4_1_slow_ma_slope_over_atr_F_8_S_30_ATR_10_SLP_5_ZO_0.6_ZC_0.2_trend.csv,0.36963370576408894,-36.727747373456445,874,18.14625594790884,17.283930315771084
MovingAverageV4_1_slow_ma_slope_over_atr_F_8_S_30_ATR_10_SLP_5_ZO_0.6_ZC_0.4_trend.csv,0.4423453848832323,-36.0229705540272,827,14.271496523966338,17.93007192437619
MovingAverageV4_1_slow_ma_slope_over_atr_F_8_S_30_ATR_10_SLP_5_ZO_0.8_ZC_0.2_trend.csv,0.37754760216643374,-33.47700605489213,824,18.839364844903994,20.611476462966536
MovingAverageV4_1_slow_ma_slope_over_atr_F_8_S_30_ATR_10_SLP_5_ZO_0.8_ZC_0.4_trend.csv,0.44786423067288994,-34.71456354191943,812,15.505686125852916,22.149791180118417
MovingAverageV4_1_slow_ma_slope_over_atr_F_8_S_30_ATR_10_SLP_5_ZO_1.0_ZC_0.2_trend.csv,0.40600472172544355,-31.47702008778292,1010,19.69125,27.04263075762424
MovingAverageV4_1_slow_ma_slope_over_atr_F_8_S_30_ATR_10_SLP_5_ZO_1.0_ZC_0.4_trend.csv,0.4735987204743076,-36.12765977946901,1018,16.52101952995697,29.06173052699451
MovingAverageV4_1_slow_ma_slope_over_atr_F_8_S_30_ATR_15_SLP_10_ZO_0.6_ZC_0.2_trend.csv,0.4662019080510806,-35.9845087702286,953,21.07740946541482,20.61066110003695
MovingAverageV4_1_slow_ma_slope_over_atr_F_8_S_30_ATR_15_SLP_10_ZO_0.6_ZC_0.4_trend.csv,0.4289094348602421,-35.03343518402157,883,19.11567445365486,18.096843335986286
MovingAverageV4_1_slow_ma_slope_over_atr_F_8_S_30_ATR_15_SLP_10_ZO_0.8_ZC_0.2_trend.csv,0.4265291518742945,-45.038611185597226,990,21.346600688468158,20.174825889952043
MovingAverageV4_1_slow_ma_slope_over_atr_F_8_S_30_ATR_15_SLP_10_ZO_0.8_ZC_0.4_trend.csv,0.4122745687134492,-39.66350682624535,963,19.60735404795182,18.777572346763286
MovingAverageV4_1_slow_ma_slope_over_atr_F_8_S_30_ATR_15_SLP_10_ZO_1.0_ZC_0.2_trend.csv,0.4117793906817727,-38.24027861878072,963,21.633595407462863,21.00925911649958
MovingAverageV4_1_slow_ma_slope_over_atr_F_8_S_30_ATR_15_SLP_10_ZO_1.0_ZC_0.4_trend.csv,0.41674776907402683,-38.78631722730603,881,20.023656725808475,20.574495395295095
MovingAverageV4_1_slow_ma_slope_over_atr_F_8_S_30_ATR_15_SLP_3_ZO_0.6_ZC_0.2_trend.csv,0.2790029327968931,-54.71832215571297,1242,16.623484013230428,17.299382469731682
MovingAverageV4_1_slow_ma_slope_over_atr_F_8_S_30_ATR_15_SLP_3_ZO_0.6_ZC_0.4_trend.csv,0.2837416332830378,-51.66950643621504,1062,11.216666666666669,14.57092779001698
MovingAverageV4_1_slow_ma_slope_over_atr_F_8_S_30_ATR_15_SLP_3_ZO_0.8_ZC_0.2_trend.csv,0.30401913919049445,-45.8764326961071,1242,18.25090909090909,29.503686586266955
MovingAverageV4_1_slow_ma_slope_over_atr_F_8_S_30_ATR_15_SLP_3_ZO_0.8_ZC_0.4_trend.csv,0.4053689738954911,-35.35134213503994,1064,13.790650406504069,36.90186524571906
MovingAverageV4_1_slow_ma_slope_over_atr_F_8_S_30_ATR_15_SLP_3_ZO_1.0_ZC_0.2_trend.csv,0.1370686616955059,-52.04861611491739,2061,18.32624113475177,19.738590791076106
MovingAverageV4_1_slow_ma_slope_over_atr_F_8_S_30_ATR_15_SLP_3_ZO_1.0_ZC_0.4_trend.csv,0.23139250474381087,-40.06746906318128,2061,13.92248062015504,31.419471812186078
MovingAverageV4_1_slow_ma_slope_over_atr_F_8_S_30_ATR_15_SLP_5_ZO_0.6_ZC_0.2_trend.csv,0.38468211426110965,-38.48267040910515,869,18.3488962192337,18.493167286308175
MovingAverageV4_1_slow_ma_slope_over_atr_F_8_S_30_ATR_15_SLP_5_ZO_0.6_ZC_0.4_trend.csv,0.4445976615163985,-37.97208381407886,855,14.567486950037287,18.76587361389245
MovingAverageV4_1_slow_ma_slope_over_atr_F_8_S_30_ATR_15_SLP_5_ZO_0.8_ZC_0.2_trend.csv,0.33444162817263023,-32.86840974272024,1007,19.09782608695652,19.162988942224857
MovingAverageV4_1_slow_ma_slope_over_atr_F_8_S_30_ATR_15_SLP_5_ZO_0.8_ZC_0.4_trend.csv,0.46091963035563466,-32.76290516900268,981,15.939840869396464,24.22032776016894
MovingAverageV4_1_slow_ma_slope_over_atr_F_8_S_30_ATR_15_SLP_5_ZO_1.0_ZC_0.2_trend.csv,0.38070437024055215,-40.92633042438642,1064,19.95521433141395,26.823235432295373
MovingAverageV4_1_slow_ma_slope_over_atr_F_8_S_30_ATR_15_SLP_5_ZO_1.0_ZC_0.4_trend.csv,0.49030255316385657,-43.69783576799165,1236,16.962812711291413,32.48732518632236
MovingAverageV4_1_slow_ma_slope_over_atr_F_8_S_30_ATR_20_SLP_10_ZO_0.6_ZC_0.2_trend.csv,0.4627182396921603,-36.55065511054228,956,21.092815235164,20.517926885505968
MovingAverageV4_1_slow_ma_slope_over_atr_F_8_S_30_ATR_20_SLP_10_ZO_0.6_ZC_0.4_trend.csv,0.433979270087413,-33.71744104224284,883,19.144860255802936,18.417752746819307
MovingAverageV4_1_slow_ma_slope_over_atr_F_8_S_30_ATR_20_SLP_10_ZO_0.8_ZC_0.2_trend.csv,0.4128460375889086,-46.36034098525984,1017,21.406236466002596,19.6996844200635
MovingAverageV4_1_slow_ma_slope_over_atr_F_8_S_30_ATR_20_SLP_10_ZO_0.8_ZC_0.4_trend.csv,0.3998742755956309,-40.02328448663479,964,19.654732287723093,18.367354240534542
MovingAverageV4_1_slow_ma_slope_over_atr_F_8_S_30_ATR_20_SLP_10_ZO_1.0_ZC_0.2_trend.csv,0.4166343651962017,-38.058494832998974,887,21.649456182022753,21.430402503801904
MovingAverageV4_1_slow_ma_slope_over_atr_F_8_S_30_ATR_20_SLP_10_ZO_1.0_ZC_0.4_trend.csv,0.4098254583043315,-39.42235198909285,822,20.037359586015402,20.415912772712982
MovingAverageV4_1_slow_ma_slope_over_atr_F_8_S_30_ATR_20_SLP_3_ZO_0.6_ZC_0.2_trend.csv,0.27018953306760124,-44.05327364438551,1254,16.683898761443192,17.16875861423254
MovingAverageV4_1_slow_ma_slope_over_atr_F_8_S_30_ATR_20_SLP_3_ZO_0.6_ZC_0.4_trend.csv,0.3089855694245846,-43.938895573380826,1062,11.491775382870108,16.423539208363998
MovingAverageV4_1_slow_ma_slope_over_atr_F_8_S_30_ATR_20_SLP_3_ZO_0.8_ZC_0.2_trend.csv,0.2052078412839847,-36.19468228159702,1211,18.08361774744027,19.819370885111166
MovingAverageV4_1_slow_ma_slope_over_atr_F_8_S_30_ATR_20_SLP_3_ZO_0.8_ZC_0.4_trend.csv,0.3478622835702138,-29.730618560466368,976,13.967863894139887,31.607414617526477
MovingAverageV4_1_slow_ma_slope_over_atr_F_8_S_30_ATR_20_SLP_3_ZO_1.0_ZC_0.2_trend.csv,0.08478567564128406,-48.36375191136023,2061,19.7109375,13.809308231597317
MovingAverageV4_1_slow_ma_slope_over_atr_F_8_S_30_ATR_20_SLP_3_ZO_1.0_ZC_0.4_trend.csv,0.21314581929231785,-34.86342730361096,1705,14.948717948717949,33.201167504266564
MovingAverageV4_1_slow_ma_slope_over_atr_F_8_S_30_ATR_20_SLP_5_ZO_0.6_ZC_0.2_trend.csv,0.374390479447037,-34.94488838892897,881,18.423262916772714,18.262732235567565
MovingAverageV4_1_slow_ma_slope_over_atr_F_8_S_30_ATR_20_SLP_5_ZO_0.6_ZC_0.4_trend.csv,0.4546616706323862,-33.65069036105825,826,14.670434564179857,19.560946733122538
MovingAverageV4_1_slow_ma_slope_over_atr_F_8_S_30_ATR_20_SLP_5_ZO_0.8_ZC_0.2_trend.csv,0.28986815930060095,-40.247078856237,1057,19.05145829463125,16.92179582011745
MovingAverageV4_1_slow_ma_slope_over_atr_F_8_S_30_ATR_20_SLP_5_ZO_0.8_ZC_0.4_trend.csv,0.4121343466373288,-37.18364165596016,1012,15.88359992291385,22.16862442441756
MovingAverageV4_1_slow_ma_slope_over_atr_F_8_S_30_ATR_20_SLP_5_ZO_1.0_ZC_0.2_trend.csv,0.30383079581251804,-49.728752306462475,1056,19.765069551777437,21.873932923915184
MovingAverageV4_1_slow_ma_slope_over_atr_F_8_S_30_ATR_20_SLP_5_ZO_1.0_ZC_0.4_trend.csv,0.4100516586178521,-46.30575399000994,1046,16.75254015077024,27.789003156270912
MovingAverageV4_1_slow_ma_slope_over_atr_F_8_S_40_ATR_10_SLP_10_ZO_0.6_ZC_0.2_trend.csv,0.43269141712210885,-40.77608903349933,875,23.308567603748337,21.6329219920594
MovingAverageV4_1_slow_ma_slope_over_atr_F_8_S_40_ATR_10_SLP_10_ZO_0.6_ZC_0.4_trend.csv,0.4453946663871286,-38.9842725524818,875,20.77702926559912,20.923559102554155
MovingAverageV4_1_slow_ma_slope_over_atr_F_8_S_40_ATR_10_SLP_10_ZO_0.8_ZC_0.2_trend.csv,0.41670812276258484,-41.263884024571766,1057,23.49225451286647,21.99911603152002
MovingAverageV4_1_slow_ma_slope_over_atr_F_8_S_40_ATR_10_SLP_10_ZO_0.8_ZC_0.4_trend.csv,0.4120664985203495,-39.92912154424755,1057,21.395071335927362,20.954330785829423
MovingAverageV4_1_slow_ma_slope_over_atr_F_8_S_40_ATR_10_SLP_10_ZO_1.0_ZC_0.2_trend.csv,0.39979354807672257,-40.60587546413835,976,23.632059925093625,22.23580281020155
MovingAverageV4_1_slow_ma_slope_over_atr_F_8_S_40_ATR_10_SLP_10_ZO_1.0_ZC_0.4_trend.csv,0.4051102383887553,-39.64670786950771,967,21.639816232771818,21.818636005920578
MovingAverageV4_1_slow_ma_slope_over_atr_F_8_S_40_ATR_10_SLP_3_ZO_0.6_ZC_0.2_trend.csv,0.42126530704052617,-46.282897408154724,1056,18.661918328584996,30.19441378589613
MovingAverageV4_1_slow_ma_slope_over_atr_F_8_S_40_ATR_10_SLP_3_ZO_0.6_ZC_0.4_trend.csv,0.4777610750529561,-44.29416765483147,1064,11.863636363636363,27.305610520456657
MovingAverageV4_1_slow_ma_slope_over_atr_F_8_S_40_ATR_10_SLP_3_ZO_0.8_ZC_0.2_trend.csv,0.16075541402066412,-35.05119445504914,1069,19.933579335793358,17.076549986095202
MovingAverageV4_1_slow_ma_slope_over_atr_F_8_S_40_ATR_10_SLP_3_ZO_0.8_ZC_0.4_trend.csv,0.2467588397506132,-36.91519357796143,718,14.2468085106383,23.278616310822798
MovingAverageV4_1_slow_ma_slope_over_atr_F_8_S_40_ATR_10_SLP_3_ZO_1.0_ZC_0.2_trend.csv,-0.14052958608020677,-79.5928192021442,3050,18.041095890410958,-24.188200581142635
MovingAverageV4_1_slow_ma_slope_over_atr_F_8_S_40_ATR_10_SLP_3_ZO_1.0_ZC_0.4_trend.csv,-0.09479380537332563,-94.57135953090513,3050,13.202898550724639,-14.028145505066512
MovingAverageV4_1_slow_ma_slope_over_atr_F_8_S_40_ATR_10_SLP_5_ZO_0.6_ZC_0.2_trend.csv,0.4538930388559708,-38.099938927430294,801,20.702170283806346,24.84932048048994
MovingAverageV4_1_slow_ma_slope_over_atr_F_8_S_40_ATR_10_SLP_5_ZO_0.6_ZC_0.4_trend.csv,0.4931115871699598,-32.28388924741678,700,15.926626826029215,22.99359135409142
MovingAverageV4_1_slow_ma_slope_over_atr_F_8_S_40_ATR_10_SLP_5_ZO_0.8_ZC_0.2_trend.csv,0.4387811801508087,-34.56296087712277,908,21.62238522140722,28.725432902606787
MovingAverageV4_1_slow_ma_slope_over_atr_F_8_S_40_ATR_10_SLP_5_ZO_0.8_ZC_0.4_trend.csv,0.4982215495984495,-27.24459617441474,705,17.688386909933396,29.836162201884807
MovingAverageV4_1_slow_ma_slope_over_atr_F_8_S_40_ATR_10_SLP_5_ZO_1.0_ZC_0.2_trend.csv,0.09982516211456118,-48.13844405707557,1421,21.53038105046344,7.650937129391402
MovingAverageV4_1_slow_ma_slope_over_atr_F_8_S_40_ATR_10_SLP_5_ZO_1.0_ZC_0.4_trend.csv,0.2323892122251415,-46.45345361783495,1069,18.08861469433539,17.076088296389464
MovingAverageV4_1_slow_ma_slope_over_atr_F_8_S_40_ATR_15_SLP_10_ZO_0.6_ZC_0.2_trend.csv,0.42188678160402693,-39.71363619590447,963,23.400000000000016,21.25907858018457
MovingAverageV4_1_slow_ma_slope_over_atr_F_8_S_40_ATR_15_SLP_10_ZO_0.6_ZC_0.4_trend.csv,0.44582106985070175,-37.91723554427159,875,20.994530639580308,21.310825471551734
MovingAverageV4_1_slow_ma_slope_over_atr_F_8_S_40_ATR_15_SLP_10_ZO_0.8_ZC_0.2_trend.csv,0.4137521016328079,-41.026887589077305,1057,23.74575828765336,22.29134711930401
MovingAverageV4_1_slow_ma_slope_over_atr_F_8_S_40_ATR_15_SLP_10_ZO_0.8_ZC_0.4_trend.csv,0.42849201275709203,-39.600324170453604,1040,21.715497812541425,22.388441403475287
MovingAverageV4_1_slow_ma_slope_over_atr_F_8_S_40_ATR_15_SLP_10_ZO_1.0_ZC_0.2_trend.csv,0.44234639750631266,-39.63246128004114,971,24.109947643979073,25.687405757237315
MovingAverageV4_1_slow_ma_slope_over_atr_F_8_S_40_ATR_15_SLP_10_ZO_1.0_ZC_0.4_trend.csv,0.43358915342948096,-38.82672777625953,813,22.138648180242637,24.389010221640465
MovingAverageV4_1_slow_ma_slope_over_atr_F_8_S_40_ATR_15_SLP_3_ZO_0.6_ZC_0.2_trend.csv,0.44986203723708423,-29.46659385830023,1036,19.197969543147206,34.659280356636025
MovingAverageV4_1_slow_ma_slope_over_atr_F_8_S_40_ATR_15_SLP_3_ZO_0.6_ZC_0.4_trend.csv,0.543384092769596,-39.299928755113456,1043,12.43690939410784,33.97354699153412
MovingAverageV4_1_slow_ma_slope_over_atr_F_8_S_40_ATR_15_SLP_3_ZO_0.8_ZC_0.2_trend.csv,0.19920293082122387,-57.122227701246665,2061,21.024291497975707,25.383374895945735
MovingAverageV4_1_slow_ma_slope_over_atr_F_8_S_40_ATR_15_SLP_3_ZO_0.8_ZC_0.4_trend.csv,0.1687808050034705,-57.7585643627696,2061,14.552511415525116,18.425913198462837
MovingAverageV4_1_slow_ma_slope_over_atr_F_8_S_40_ATR_15_SLP_3_ZO_1.0_ZC_0.2_trend.csv,-0.12521661783631255,-73.54166292917438,3050,19.1875,-27.44241547801028
MovingAverageV4_1_slow_ma_slope_over_atr_F_8_S_40_ATR_15_SLP_3_ZO_1.0_ZC_0.4_trend.csv,-0.09444362596618158,-59.62279643073854,2834,13.936170212765955,-17.665838823104387
MovingAverageV4_1_slow_ma_slope_over_atr_F_8_S_40_ATR_15_SLP_5_ZO_0.6_ZC_0.2_trend.csv,0.4093365358712986,-39.93286831040409,978,20.90404973953957,23.244542259703774
MovingAverageV4_1_slow_ma_slope_over_atr_F_8_S_40_ATR_15_SLP_5_ZO_0.6_ZC_0.4_trend.csv,0.47297112190458274,-35.95538980531312,710,16.261682242990656,22.93258579138725
MovingAverageV4_1_slow_ma_slope_over_atr_F_8_S_40_ATR_15_SLP_5_ZO_0.8_ZC_0.2_trend.csv,0.41985716223150416,-34.181539138691946,1056,22.171116853287398,28.990550884378585
MovingAverageV4_1_slow_ma_slope_over_atr_F_8_S_40_ATR_15_SLP_5_ZO_0.8_ZC_0.4_trend.csv,0.5160826749352142,-29.1440909108198,825,18.433652953912773,33.03297740343579
MovingAverageV4_1_slow_ma_slope_over_atr_F_8_S_40_ATR_15_SLP_5_ZO_1.0_ZC_0.2_trend.csv,0.19765597371669608,-33.1330886830012,1064,22.11193603655054,16.801999434537112
MovingAverageV4_1_slow_ma_slope_over_atr_F_8_S_40_ATR_15_SLP_5_ZO_1.0_ZC_0.4_trend.csv,0.2701203389447644,-32.781258939085454,1064,18.61937075879087,21.953385020379596
MovingAverageV4_1_slow_ma_slope_over_atr_F_8_S_40_ATR_20_SLP_10_ZO_0.6_ZC_0.2_trend.csv,0.40645443692830324,-39.66956417844037,971,23.465585220232057,20.68108257858967
MovingAverageV4_1_slow_ma_slope_over_atr_F_8_S_40_ATR_20_SLP_10_ZO_0.6_ZC_0.4_trend.csv,0.4472080705011077,-37.82197869264505,875,21.046934650797212,21.538924746244103
MovingAverageV4_1_slow_ma_slope_over_atr_F_8_S_40_ATR_20_SLP_10_ZO_0.8_ZC_0.2_trend.csv,0.40322783794625505,-40.741806518698596,795,23.801303780964794,21.94866737565015
MovingAverageV4_1_slow_ma_slope_over_atr_F_8_S_40_ATR_20_SLP_10_ZO_0.8_ZC_0.4_trend.csv,0.4466963598657319,-39.203539236813754,801,21.718638230229175,23.529632584493804
MovingAverageV4_1_slow_ma_slope_over_atr_F_8_S_40_ATR_20_SLP_10_ZO_1.0_ZC_0.2_trend.csv,0.4339640755872188,-41.81624442781131,795,24.1743700726542,25.570149234481246
MovingAverageV4_1_slow_ma_slope_over_atr_F_8_S_40_ATR_20_SLP_10_ZO_1.0_ZC_0.4_trend.csv,0.4522513477370485,-40.740935917188494,813,22.17693522906793,25.85323147664402
MovingAverageV4_1_slow_ma_slope_over_atr_F_8_S_40_ATR_20_SLP_3_ZO_0.6_ZC_0.2_trend.csv,0.3748678861603922,-32.164638394375245,1064,19.375375375375377,30.66256079228824
MovingAverageV4_1_slow_ma_slope_over_atr_F_8_S_40_ATR_20_SLP_3_ZO_0.6_ZC_0.4_trend.csv,0.42732653373088053,-44.21800461948314,1064,12.775287042099508,28.848163274374084
MovingAverageV4_1_slow_ma_slope_over_atr_F_8_S_40_ATR_20_SLP_3_ZO_0.8_ZC_0.2_trend.csv,0.1876805489625159,-46.21763852771815,1195,21.37984496124031,25.092923628083874
MovingAverageV4_1_slow_ma_slope_over_atr_F_8_S_40_ATR_20_SLP_3_ZO_0.8_ZC_0.4_trend.csv,0.2147132315668946,-54.62965448545476,2061,14.874439461883409,24.455951123024654
MovingAverageV4_1_slow_ma_slope_over_atr_F_8_S_40_ATR_20_SLP_3_ZO_1.0_ZC_0.2_trend.csv,-0.3510007956322575,-104.52875193915418,3716,20.933333333333334,-88.71314583941516
MovingAverageV4_1_slow_ma_slope_over_atr_F_8_S_40_ATR_20_SLP_3_ZO_1.0_ZC_0.4_trend.csv,-0.30466535904241515,-101.71039779955072,3716,15.325581395348834,-66.6892989346916
MovingAverageV4_1_slow_ma_slope_over_atr_F_8_S_40_ATR_20_SLP_5_ZO_0.6_ZC_0.2_trend.csv,0.4028607283868797,-43.225916302030186,1155,21.056244689889557,23.621844527428696
MovingAverageV4_1_slow_ma_slope_over_atr_F_8_S_40_ATR_20_SLP_5_ZO_0.6_ZC_0.4_trend.csv,0.514953616866654,-37.23740870230246,1007,16.551175656984782,26.089690585491027
MovingAverageV4_1_slow_ma_slope_over_atr_F_8_S_40_ATR_20_SLP_5_ZO_0.8_ZC_0.2_trend.csv,0.4476613321018012,-33.53811457349323,889,22.234557358383142,31.85017171670923
MovingAverageV4_1_slow_ma_slope_over_atr_F_8_S_40_ATR_20_SLP_5_ZO_0.8_ZC_0.4_trend.csv,0.6195302143636991,-27.51300298450151,621,18.682251614887726,41.49453719926463
MovingAverageV4_1_slow_ma_slope_over_atr_F_8_S_40_ATR_20_SLP_5_ZO_1.0_ZC_0.2_trend.csv,0.24409453509592438,-33.40056746689393,1056,22.466208476517753,21.740998376243606
MovingAverageV4_1_slow_ma_slope_over_atr_F_8_S_40_ATR_20_SLP_5_ZO_1.0_ZC_0.4_trend.csv,0.3929869622923816,-26.931012794923433,1037,19.02857142857143,34.07298808767089
MovingAverageV4_1_slow_ma_slope_over_atr_F_8_S_50_ATR_10_SLP_10_ZO_0.6_ZC_0.2_trend.csv,0.3843982741755039,-49.597601684679205,1057,24.633909690259994,20.493096339928606
MovingAverageV4_1_slow_ma_slope_over_atr_F_8_S_50_ATR_10_SLP_10_ZO_0.6_ZC_0.4_trend.csv,0.3807456685050913,-43.00763464496653,1057,21.703308960218106,19.042450220776015
MovingAverageV4_1_slow_ma_slope_over_atr_F_8_S_50_ATR_10_SLP_10_ZO_0.8_ZC_0.2_trend.csv,0.3677726811126763,-49.55399804946943,1057,25.238742064077964,21.115749084181022
MovingAverageV4_1_slow_ma_slope_over_atr_F_8_S_50_ATR_10_SLP_10_ZO_0.8_ZC_0.4_trend.csv,0.32379698611804786,-46.05785462174761,1057,22.625150784077206,17.758144749981877
MovingAverageV4_1_slow_ma_slope_over_atr_F_8_S_50_ATR_10_SLP_10_ZO_1.0_ZC_0.2_trend.csv,0.3763488993360913,-44.8079836426229,1057,25.790176959191058,23.403388212652718
MovingAverageV4_1_slow_ma_slope_over_atr_F_8_S_50_ATR_10_SLP_10_ZO_1.0_ZC_0.4_trend.csv,0.35733246958646014,-42.23034557920569,1057,23.337706146926546,21.286808678439282
MovingAverageV4_1_slow_ma_slope_over_atr_F_8_S_50_ATR_10_SLP_3_ZO_0.6_ZC_0.2_trend.csv,-0.06678413890262795,-77.92550106322368,2237,20.86006289308176,-5.689734049792876
MovingAverageV4_1_slow_ma_slope_over_atr_F_8_S_50_ATR_10_SLP_3_ZO_0.6_ZC_0.4_trend.csv,0.039773226036130725,-69.80895811656154,2123,13.064798598949212,2.683898785201515
MovingAverageV4_1_slow_ma_slope_over_atr_F_8_S_50_ATR_10_SLP_3_ZO_0.8_ZC_0.2_trend.csv,-0.1406976755868943,-85.84830852482736,1144,21.510204081632654,-19.515615735951286
MovingAverageV4_1_slow_ma_slope_over_atr_F_8_S_50_ATR_10_SLP_3_ZO_0.8_ZC_0.4_trend.csv,-0.10430218030831549,-95.08606601762088,1184,15.2755905511811,-12.790507469417603
MovingAverageV4_1_slow_ma_slope_over_atr_F_8_S_50_ATR_10_SLP_3_ZO_1.0_ZC_0.2_trend.csv,-0.21500320682396135,-73.0220315617549,3078,21.435897435897434,-56.05885431295986
MovingAverageV4_1_slow_ma_slope_over_atr_F_8_S_50_ATR_10_SLP_3_ZO_1.0_ZC_0.4_trend.csv,-0.2729720431912408,-104.20589077410126,3078,14.111111111111112,-57.74897967960849
MovingAverageV4_1_slow_ma_slope_over_atr_F_8_S_50_ATR_10_SLP_5_ZO_0.6_ZC_0.2_trend.csv,0.35162745341564045,-39.80680971971424,1071,22.503666457154832,21.186841108373564
MovingAverageV4_1_slow_ma_slope_over_atr_F_8_S_50_ATR_10_SLP_5_ZO_0.6_ZC_0.4_trend.csv,0.3754204966122689,-43.9087183644606,1157,16.85515789473684,19.047759097273296
MovingAverageV4_1_slow_ma_slope_over_atr_F_8_S_50_ATR_10_SLP_5_ZO_0.8_ZC_0.2_trend.csv,0.07631307055866833,-69.08174055424409,1319,23.38935779816514,5.368632596996189
MovingAverageV4_1_slow_ma_slope_over_atr_F_8_S_50_ATR_10_SLP_5_ZO_0.8_ZC_0.4_trend.csv,0.0825294158130817,-72.38316816380791,2233,18.790380761523046,5.3360476357264774
MovingAverageV4_1_slow_ma_slope_over_atr_F_8_S_50_ATR_10_SLP_5_ZO_1.0_ZC_0.2_trend.csv,-0.07580365428151717,-71.98360824354472,2244,24.335279399499584,-6.810895759983175
MovingAverageV4_1_slow_ma_slope_over_atr_F_8_S_50_ATR_10_SLP_5_ZO_1.0_ZC_0.4_trend.csv,-0.024679596789285493,-74.1686673643374,2237,20.40221402214022,-2.127376096870629
MovingAverageV4_1_slow_ma_slope_over_atr_F_8_S_50_ATR_15_SLP_10_ZO_0.6_ZC_0.2_trend.csv,0.3511568354723024,-51.676796005267406,1057,24.84459544482196,19.04190832245181
MovingAverageV4_1_slow_ma_slope_over_atr_F_8_S_50_ATR_15_SLP_10_ZO_0.6_ZC_0.4_trend.csv,0.363254016756525,-43.81608566982068,1057,21.925693485628216,18.52296930458423
MovingAverageV4_1_slow_ma_slope_over_atr_F_8_S_50_ATR_15_SLP_10_ZO_0.8_ZC_0.2_trend.csv,0.35497322390459024,-49.52461240788534,1057,25.443678849610556,20.78566128259719
MovingAverageV4_1_slow_ma_slope_over_atr_F_8_S_50_ATR_15_SLP_10_ZO_0.8_ZC_0.4_trend.csv,0.33829518575519274,-44.801763579839516,1057,22.90973288302118,19.014014077668786
MovingAverageV4_1_slow_ma_slope_over_atr_F_8_S_50_ATR_15_SLP_10_ZO_1.0_ZC_0.2_trend.csv,0.37717759463777906,-45.183422561221164,1057,26.09627846695057,24.119385723786515
MovingAverageV4_1_slow_ma_slope_over_atr_F_8_S_50_ATR_15_SLP_10_ZO_1.0_ZC_0.4_trend.csv,0.37007193233330393,-41.809959084352855,1057,23.64618035611717,22.692970088205648
MovingAverageV4_1_slow_ma_slope_over_atr_F_8_S_50_ATR_15_SLP_3_ZO_0.6_ZC_0.2_trend.csv,-0.2653766552323859,-106.2689353470846,2492,21.254237288135595,-24.39269879846109
MovingAverageV4_1_slow_ma_slope_over_atr_F_8_S_50_ATR_15_SLP_3_ZO_0.6_ZC_0.4_trend.csv,0.036058324122360916,-71.07317246189194,2061,13.703065134099615,2.6877626208260756
MovingAverageV4_1_slow_ma_slope_over_atr_F_8_S_50_ATR_15_SLP_3_ZO_0.8_ZC_0.2_trend.csv,-0.09873972714802524,-68.84553765677526,1994,25.00900900900901,-17.288874879094937
MovingAverageV4_1_slow_ma_slope_over_atr_F_8_S_50_ATR_15_SLP_3_ZO_0.8_ZC_0.4_trend.csv,-0.13374368372891654,-82.55247720667111,1565,16.000000000000004,-19.247199659249674
MovingAverageV4_1_slow_ma_slope_over_atr_F_8_S_50_ATR_15_SLP_3_ZO_1.0_ZC_0.2_trend.csv,-0.0758870286359384,-72.2407916936624,1995,21.839999999999996,-26.666199180740897
MovingAverageV4_1_slow_ma_slope_over_atr_F_8_S_50_ATR_15_SLP_3_ZO_1.0_ZC_0.4_trend.csv,-0.018299016490513163,-65.41991731027902,3078,13.708333333333334,-5.022179947504875
MovingAverageV4_1_slow_ma_slope_over_atr_F_8_S_50_ATR_15_SLP_5_ZO_0.6_ZC_0.2_trend.csv,0.339171953581615,-43.964617806531784,1071,22.67037195382642,20.991300287052855
MovingAverageV4_1_slow_ma_slope_over_atr_F_8_S_50_ATR_15_SLP_5_ZO_0.6_ZC_0.4_trend.csv,0.4128652648300026,-35.4526858946803,890,17.4904825143869,22.414675287169867
MovingAverageV4_1_slow_ma_slope_over_atr_F_8_S_50_ATR_15_SLP_5_ZO_0.8_ZC_0.2_trend.csv,0.11566579427353617,-72.50227760301591,1166,23.780211184982406,8.612665620411745
MovingAverageV4_1_slow_ma_slope_over_atr_F_8_S_50_ATR_15_SLP_5_ZO_0.8_ZC_0.4_trend.csv,0.11252891788770958,-63.60689985364131,1168,19.615518744551,8.033958672061932
MovingAverageV4_1_slow_ma_slope_over_atr_F_8_S_50_ATR_15_SLP_5_ZO_1.0_ZC_0.2_trend.csv,-0.15466026145424333,-95.67946831090063,2244,24.495013599274706,-14.635061572361533
MovingAverageV4_1_slow_ma_slope_over_atr_F_8_S_50_ATR_15_SLP_5_ZO_1.0_ZC_0.4_trend.csv,-0.116079158327718,-92.51080840196414,2232,20.855421686746986,-10.891310382233812
MovingAverageV4_1_slow_ma_slope_over_atr_F_8_S_50_ATR_20_SLP_10_ZO_0.6_ZC_0.2_trend.csv,0.3449669061014269,-54.8346134382995,1057,24.748369292523837,18.65976106978492
MovingAverageV4_1_slow_ma_slope_over_atr_F_8_S_50_ATR_20_SLP_10_ZO_0.6_ZC_0.4_trend.csv,0.356559771587194,-48.35525851419514,1057,21.89504080351538,18.262429134488855
MovingAverageV4_1_slow_ma_slope_over_atr_F_8_S_50_ATR_20_SLP_10_ZO_0.8_ZC_0.2_trend.csv,0.36316575117895644,-46.30369867396821,1057,25.657203261854423,21.722821095224035
MovingAverageV4_1_slow_ma_slope_over_atr_F_8_S_50_ATR_20_SLP_10_ZO_0.8_ZC_0.4_trend.csv,0.3563758410778544,-41.7440062465007,1057,23.179248213730975,20.615603519774442
MovingAverageV4_1_slow_ma_slope_over_atr_F_8_S_50_ATR_20_SLP_10_ZO_1.0_ZC_0.2_trend.csv,0.38899082748113567,-40.90479695612807,1057,26.170799925414887,25.155817694461426
MovingAverageV4_1_slow_ma_slope_over_atr_F_8_S_50_ATR_20_SLP_10_ZO_1.0_ZC_0.4_trend.csv,0.37364598944109817,-42.80967457093453,1057,23.7296775439274,23.321833316971873
MovingAverageV4_1_slow_ma_slope_over_atr_F_8_S_50_ATR_20_SLP_3_ZO_0.6_ZC_0.2_trend.csv,-0.10276140009611827,-74.09957986862413,2770,21.719298245614034,-10.032710153415529
MovingAverageV4_1_slow_ma_slope_over_atr_F_8_S_50_ATR_20_SLP_3_ZO_0.6_ZC_0.4_trend.csv,0.11443636414789862,-75.12337840633184,2233,14.087044534412955,9.247974620507147
MovingAverageV4_1_slow_ma_slope_over_atr_F_8_S_50_ATR_20_SLP_3_ZO_0.8_ZC_0.2_trend.csv,-0.023662868290902982,-61.84171920762783,1996,25.343434343434343,-4.6355250046298915
MovingAverageV4_1_slow_ma_slope_over_atr_F_8_S_50_ATR_20_SLP_3_ZO_0.8_ZC_0.4_trend.csv,-0.03462364666965797,-77.28226454022087,2176,16.586956521739133,-5.647134201925923
MovingAverageV4_1_slow_ma_slope_over_atr_F_8_S_50_ATR_20_SLP_3_ZO_1.0_ZC_0.2_trend.csv,-0.23157066916184474,-72.31640970972599,3792,22.066666666666666,-101.91352507945982
MovingAverageV4_1_slow_ma_slope_over_atr_F_8_S_50_ATR_20_SLP_3_ZO_1.0_ZC_0.4_trend.csv,-0.24488894880468,-106.72819753876574,3078,14.857142857142858,-85.52266866055346
MovingAverageV4_1_slow_ma_slope_over_atr_F_8_S_50_ATR_20_SLP_5_ZO_0.6_ZC_0.2_trend.csv,0.35364194601242777,-46.52308611967321,1057,22.92158552348126,22.59539671849423
MovingAverageV4_1_slow_ma_slope_over_atr_F_8_S_50_ATR_20_SLP_5_ZO_0.6_ZC_0.4_trend.csv,0.4018853527907576,-36.52244943432258,1081,17.597240765465063,22.4712955491006
MovingAverageV4_1_slow_ma_slope_over_atr_F_8_S_50_ATR_20_SLP_5_ZO_0.8_ZC_0.2_trend.csv,0.1875897965671134,-53.03820464343745,1166,23.97323888232979,14.776193134200536
MovingAverageV4_1_slow_ma_slope_over_atr_F_8_S_50_ATR_20_SLP_5_ZO_0.8_ZC_0.4_trend.csv,0.17209903000850085,-55.919823408699365,1177,19.763628434365458,12.86702560652171
MovingAverageV4_1_slow_ma_slope_over_atr_F_8_S_50_ATR_20_SLP_5_ZO_1.0_ZC_0.2_trend.csv,-0.04305918576558707,-66.22043834236042,2254,25.195837275307472,-4.445990121561589
MovingAverageV4_1_slow_ma_slope_over_atr_F_8_S_50_ATR_20_SLP_5_ZO_1.0_ZC_0.4_trend.csv,-0.10259977510051646,-75.63305398522898,2254,20.88541666666666,-10.22220038908082
