Strategy/Factor Name,Robust Params,Rank,RAW_Sharpe,RAW_POT,SM_Sharpe,SM_POT
Kurtosis,{'N': 60},1,0.411,50.4825,0.2521,22.5178
Kurtosis,{'N': 50},2,0.2094,23.1333,0.008,0.6306
Kurtosis,{'N': 40},3,0.0813,7.9715,-0.079,-5.4899
OvernightVsIntraday,{'N': 10},1,0.8348,60.5631,1.1022,47.4718
OvernightVsIntraday,{'N': 20},2,0.7351,74.7668,1.1088,70.606
OvernightVsIntraday,{'N': 30},3,0.5422,64.2627,0.9792,72.3096
Skewness,{'N': 20},1,0.2483,13.7958,0.3059,13.262
Skewness,{'N': 10},2,0.1749,6.1274,0.1004,2.7246
Skewness,{'N': 30},3,0.1684,11.0901,0.3168,16.288
NoiseFader,{'N': 10},1,-0.7534,-23.8491,-0.917,-41.3357
NoiseFader,{'N': 40},2,-0.7908,-54.3792,-0.8245,-66.4489
NoiseFader,{'N': 50},3,-0.8316,-62.6905,-0.8402,-72.6829
ShortTermReversal,{'N': 60},1,-0.4515,-74.3708,-0.833,-79.1713
ShortTermReversal,{'N': 50},2,-0.5112,-77.3272,-0.8402,-72.6829
ShortTermReversal,{'N': 40},3,-0.5208,-74.2353,-0.8245,-66.4489
AmihudIlliquidity,{'N': 60},1,-0.7627,-203.7182,0.1145,22.4297
AmihudIlliquidity,{'N': 50},2,-0.8056,-212.9403,0.11,21.5029
AmihudIlliquidity,{'N': 10},3,-0.8296,-158.2368,0.0845,16.4761
BuyingSellingPressure,{'N': 10},1,0.9434,55.3866,0.9596,43.0682
BuyingSellingPressure,{'N': 20},2,0.8945,75.9234,0.947,59.8852
BuyingSellingPressure,{'N': 40},3,0.7868,88.5503,0.7707,64.5745
BollingerBands,{'N': 30},1,0.887,48.2038,0.887,48.2038
BollingerBands,{'N': 40},2,0.7837,50.2036,0.7837,50.2036
BollingerBands,{'N': 60},3,0.7331,58.4556,0.7331,58.4556
DonchianChannel,{'N': 30},1,1.0195,73.4774,0.9598,64.8965
DonchianChannel,{'N': 20},2,1.0021,60.8132,0.9769,54.2162
DonchianChannel,{'N': 10},3,0.9746,42.8391,1.0258,39.6595
DualMACrossover,"{'fast_n': 5, 'slow_n': 20}",1,0.6742,67.2085,0.9192,54.6135
DualMACrossover,"{'fast_n': 10, 'slow_n': 40}",2,0.5612,77.9783,0.7938,67.1018
DualMACrossover,"{'fast_n': 10, 'slow_n': 60}",3,0.5223,84.5349,0.7775,74.1669
MACD,"{'fast_n': 24, 'slow_n': 52, 'signal_n': 18}",1,0.3012,38.2,0.6895,50.0368
MACD,"{'fast_n': 19, 'slow_n': 39, 'signal_n': 9}",2,0.2932,29.3457,0.7735,43.2663
MACD,"{'fast_n': 12, 'slow_n': 26, 'signal_n': 9}",3,0.2472,20.4691,0.6449,29.6824
MovingAverageBias,{'N': 20},1,0.6508,61.4185,0.9644,51.5668
MovingAverageBias,{'N': 30},2,0.6418,72.2544,0.9928,63.8196
MovingAverageBias,{'N': 40},3,0.606,76.3358,0.9091,65.6097
RSI,{'N': 10},1,1.0226,58.8369,0.925,41.6321
RSI,{'N': 20},2,1.0044,80.8029,0.9842,63.1095
RSI,{'N': 30},3,0.862,81.4974,0.8881,65.0493
TimeSeriesMomentum,{'N': 10},1,0.6747,54.4472,0.917,41.3357
TimeSeriesMomentum,{'N': 20},2,0.6638,74.4873,0.9808,63.0388
TimeSeriesMomentum,{'N': 30},3,0.5594,73.2197,0.8925,65.4822
ATR,{'N': 60},1,0.3916,100.1396,0.1143,22.3862
ATR,{'N': 50},2,0.3899,100.8425,0.1098,21.4729
ATR,{'N': 40},3,0.3889,102.1421,0.1035,20.2222
DownsideUpsideVolatility,{'N': 10},1,0.9298,50.1473,0.756,31.4294
DownsideUpsideVolatility,{'N': 20},2,0.8867,64.9557,0.9347,53.8298
DownsideUpsideVolatility,{'N': 30},3,0.7432,61.3634,0.6763,43.3603
HistoricalVolatility,{'N': 40},1,0.3877,104.2359,0.1043,20.3843
HistoricalVolatility,{'N': 50},2,0.3797,100.469,0.11,21.5029
HistoricalVolatility,{'N': 60},3,0.3771,99.5196,0.1145,22.4297
IntradayAmplitude,{'N': 60},1,0.4156,108.4496,0.1143,22.3862
IntradayAmplitude,{'N': 50},2,0.4117,108.6101,0.1098,21.4729
IntradayAmplitude,{'N': 40},3,0.4097,109.6738,0.1035,20.2222
VIXFix,{'N': 10},1,0.0558,6.6849,0.0706,13.6495
VIXFix,{'N': 40},2,0.0213,3.5199,0.0706,13.6495
VIXFix,{'N': 30},3,0.0059,0.9112,0.0706,13.6495
CMF,{'N': 10},1,0.8909,48.3247,0.878,36.6519
CMF,{'N': 20},2,0.8803,67.0307,0.9407,54.9692
CMF,{'N': 30},3,0.6972,61.0137,0.7349,48.5954
OBV,{'N': 50},1,0.2205,104.2661,-0.0489,-2.965
OBV,{'N': 60},2,0.1095,26.6883,-0.1372,-8.853
OBV,{'N': 10},3,-0.0044,-0.305,0.0009,0.0228
OpenInterestROC,{'N': 40},1,0.1937,16.2142,0.0957,7.1051
OpenInterestROC,{'N': 50},2,0.161,15.0491,0.0874,7.5696
OpenInterestROC,{'N': 30},3,0.152,11.5549,-0.0963,-6.1189
PriceOiDivergence,{'N': 10},1,0.2372,10.9078,0.035,0.9399
PriceOiDivergence,{'N': 60},2,0.0003,0.054,-0.1061,-9.4426
PriceOiDivergence,{'N': 40},3,-0.0142,-1.8651,-0.2227,-13.987
PriceVolumeCorrelation,{'N': 20},1,0.588,38.0388,0.6414,35.9008
PriceVolumeCorrelation,{'N': 10},2,0.4548,19.7127,0.4402,15.7941
PriceVolumeCorrelation,{'N': 30},3,0.4242,32.4674,0.3545,22.8786
VolumeMomentum,{'N': 50},1,0.5905,51.089,0.4076,29.8133
VolumeMomentum,{'N': 60},2,0.5882,65.5622,0.3283,33.1173
VolumeMomentum,{'N': 40},3,0.5392,38.3663,0.35,20.2969
