,AG.SHF,AU.SHF
20180102,0.0,0.0
20180103,-139.03090107158692,363.84260161270714
20180104,-142.4030324693859,223.87134710613296
20180105,-155.70181457889728,186.89555900589497
20180108,-171.1343895838392,175.38360137992748
20180109,-186.45157444546155,173.7332587048318
20180110,-183.42094828595026,172.8161258020098
20180111,-181.7385984257024,174.38577302676194
20180112,-138.70240016825693,178.02670672613502
20180115,-107.27412156236042,183.20999441453853
20180116,-83.5796870763735,187.4041493471645
20180117,-65.48584882833444,189.06617589304125
20180118,-51.42297283227213,186.29593186209064
20180119,-40.35481689912423,184.093569898837
20180122,-31.55510814842044,183.61120668495604
20180123,-24.519840692678425,183.47830013967328
20180124,5.720763593523037,182.76860609515063
20180125,5.321691156578657,182.39001231444138
20180126,4.996813679240463,179.33686298663818
20180129,4.746813131641873,176.3201039103783
20180130,4.494434954029885,172.15941436479002
20180131,4.286098565398675,169.4646200189906
20180201,4.11838459110729,168.12504467415977
20180202,3.9829771760152477,167.59240986005125
20180205,3.748486653266709,164.27943499976678
20180206,3.5364488396149785,159.1703398943133
20180207,3.3572433783087723,151.14131590514498
20180208,14.046963508314667,145.03597278252877
20180209,0.26023942837929376,139.5115254584467
20180212,-0.24928237913869544,135.201548934517
20180213,11.194631863258179,130.89064148454872
20180214,20.6028727615346,126.40453850018987
20180222,28.068488370658944,122.11085738495188
20180223,34.014258317871345,118.42238430426553
20180226,38.63004264574987,115.07293929140182
20180227,42.445803788873896,112.25911978737354
20180228,45.41386546915752,109.71145672644965
20180301,49.664668722988594,107.99800352287255
20180302,53.09995573604385,106.54616661981248
20180305,55.75236090145248,105.23498114482614
20180306,58.47909092777952,104.96690807294945
20180307,60.502113025476454,104.44168411165603
20180308,62.1618763180283,104.01913231252502
20180309,63.48364382613387,103.40844566992928
20180312,68.04048842365803,103.87200526557235
20180313,72.98482487014567,105.25321179921671
20180314,77.74275343327488,110.32178144741776
20180315,85.39054210154326,114.60258359762955
20180316,91.4694921102995,118.36507044676905
20180319,94.88737839927572,120.84871082614177
20180320,76.81774873865861,123.09482362356881
20180321,83.53715980309725,126.83887295047548
20180322,88.39056866727162,129.43684147687128
20180323,92.81228256744393,128.40075845551607
20180326,97.80912701484017,127.97465591509508
20180327,101.64292356102727,128.37212567596757
20180328,104.20099996921456,129.98455858128625
20180329,103.20414859570722,127.75788394334316
20180330,102.15343132018225,126.16662569624808
20180402,101.31666025494971,125.15640198733604
20180403,83.5844586913937,123.1824855459864
20180404,86.26135779225717,121.92895175421053
20180409,88.4625819118131,120.78625439852148
20180410,90.40290352696883,120.40379165672613
20180411,91.72722140247338,119.4265260990887
20180412,92.75533283288813,118.49633801256533
20180413,93.16974127945198,116.68572583901137
20180416,75.56009336454514,114.98738617477203
20180417,62.496123898362264,113.94589175556101
20180418,51.846375481079974,113.60049067054108
20180419,42.97512288615826,113.48311468363883
20180420,34.60978275228948,112.84836119703321
20180423,27.742554513049416,113.21177519567529
20180424,22.170758802891907,116.57579261237676
20180425,17.611625535536902,119.33359216537505
20180426,13.87941810574992,121.49482729722506
20180427,-2.572444812141891,123.94366289092493
20180502,-2.6943006125286972,130.91601770659463
20180503,-17.095724794005914,136.83869004892867
20180504,-14.581537868785158,141.70264811081262
20180507,-27.062872637168326,148.79553958818116
20180508,-37.34570013956698,154.64944954135308
20180509,-31.157683769086944,159.97348579994323
20180510,-40.562465020226746,129.56115444386626
20180511,-48.21701202608643,142.74762951460002
20180514,-54.489527976077206,155.2423416046633
20180515,-59.2761725042884,169.4892560734625
20180516,-63.22687399689035,175.03408570068822
20180517,-66.5385391547413,178.95225580572063
20180518,-69.2337692797113,145.03129951687575
20180521,-78.58572729677307,117.21903539744244
20180522,-85.34391770272616,94.49223270491684
20180523,-90.61122898543942,75.86491871083622
20180524,-99.43954642013904,60.7964877415894
20180525,-106.0855074173017,48.53859773470282
20180528,-110.6706464323023,38.53948840344621
20180529,-114.64144314554264,60.6386653587832
20180530,-120.40910396016312,78.46541170169316
20180531,-123.15186238888373,92.97333260821303
20180601,-124.76311412259601,104.57469236459073
20180604,-126.2004575332045,86.66631241558399
20180605,-127.3955238418996,69.8067026688918
20180606,-128.01814029232295,29.561596441059006
20180607,-128.4615056327528,-3.417078718978202
20180608,-129.4907892713864,-30.573140879192145
20180611,-126.91976527141072,-52.46371148724449
20180612,-127.66287426536789,-71.3259494896301
20180613,-129.48780381391654,-92.19668666593063
20180614,-125.40696759187895,-110.45766406952434
20180615,-122.13504841721164,-125.47784667164255
20180619,-111.10777747547093,-132.98018739610967
20180620,-102.1396851316975,-138.28916130943725
20180621,-94.82922493900315,-142.29827425421985
20180622,-88.6350288857758,-147.10147784817147
20180625,-83.58950308158985,-152.34465140934168
20180626,-79.56247598903863,-157.83794440065708
20180627,-76.26938899090742,-163.1733279589948
20180628,-73.54336505860591,-168.3709411596838
20180629,-71.5185632688648,-172.40282396040303
20180702,-69.92617073720018,-175.22725989645016
20180703,-68.62968116039663,-179.9906084683695
20180704,-67.55136867777026,-183.47183526958227
20180705,-66.70131976844166,-186.6250831374508
20180706,-66.06547504008785,-189.02105153416704
20180709,-65.54462311646492,-190.93884600186698
20180710,-65.60190800387906,-191.35184749877607
20180711,-65.64700279079531,-190.9014406387377
20180712,-65.67832294570437,-189.60570536395932
20180713,-67.17959058725228,-190.50408562878275
20180716,-68.50862218275495,-191.18505541615372
20180717,-97.32770194814543,-199.80876672107928
20180718,-108.00492432556774,-198.6300792611286
20180719,-116.5200946043905,-196.40278748011374
20180720,-128.95573503496524,-195.86682312731412
20180723,-137.5088372333393,-194.01308967650644
20180724,-145.01813722157488,-192.44164464511337
20180725,-149.15443652902616,-191.2824416874803
20180726,-152.74057282198004,-190.80238067127715
20180727,-155.1547252074675,-190.19665480816894
20180730,-157.03258056263493,-190.2975627217159
20180731,-157.93046164977974,-190.40294171012835
20180801,-159.40858891451816,-191.23160747114778
20180802,-160.56364264558118,-191.45565946327994
20180803,-161.45316588381402,-191.8999555169402
20180806,-161.50280400327213,-192.2140868968918
20180807,-161.7083998479265,-193.7549140322954
20180808,-161.76836076096365,-196.10825698272004
20180809,-161.93688335476378,-199.0185271829941
20180810,-162.09230244505628,-201.40944696653168
20180813,-162.30380416771487,-202.6295454125603
20180814,-158.47888947260938,-197.31957302994905
20180815,-161.26214510167458,-199.7969328908179
20180816,-149.5957031293225,-192.6501150902661
20180817,-139.90482340794003,-187.1029243549869
20180820,-131.95662022186926,-181.12335080525577
20180821,-125.40417942644147,-174.83329287614492
20180822,-120.5415348099161,-141.9870462197881
20180823,-116.54344132187983,-115.10361198670302
20180824,-94.65117277864448,-93.10900596127559
20180827,-76.75146490185446,-75.15376245836246
20180828,-80.1797279156724,-60.48297042335196
20180829,-82.66825912444376,-48.500722805138196
20180830,-84.63714145649335,-38.698825847339165
20180831,-86.23342175709818,-6.915595262701433
20180903,-87.48303011751926,-4.694798219773607
20180904,-70.92035978908532,20.160028627326078
20180905,-57.413943226528005,40.54059408255676
20180906,-62.0303176361307,56.842948442788995
20180907,-65.76102610067055,69.839548647414
20180910,-68.81543041735239,80.49835618911975
20180911,-71.19076789230758,91.2304712253731
20180912,-58.839984717946336,100.0208716297878
20180913,-67.77741727925208,115.06513590311528
20180914,-54.67239506478339,128.07785738882723
20180917,-24.789600849973883,139.11357089494217
20180918,-0.5706904759545263,149.7273044791751
20180919,19.1718534711894,158.38515511827327
20180920,33.23687053835661,165.46397360035303
20180921,43.482840059978855,170.5398736563791
20180925,51.75884463303265,174.39152861879467
20180926,42.962614035263734,178.26803034976533
20180927,35.782325897373745,182.3776128988163
20180928,29.87902468584309,179.38529650699
20181008,24.996703971579244,169.27647474869366
20181009,21.023098744117373,161.33286324036143
20181010,32.40017652585843,155.27507441049895
20181011,44.14783348733083,149.62405100230308
20181012,36.800979782546165,142.3033413634371
20181015,46.9102505855703,135.39458694859164
20181016,55.105508406888276,130.085888140555
20181017,61.81923125468205,125.48985128838855
20181018,66.56668969718909,121.79744306411482
20181019,70.0217745670619,118.79054608558724
20181022,72.79701716080935,116.26802299139489
20181023,75.64428003359971,114.75253534140708
20181024,77.74358444842245,113.5015205836798
20181025,79.49022540174944,112.33985483305862
20181026,81.00023871056894,111.29527315551144
20181029,82.94843263565865,110.2962724221947
20181030,83.99133812062432,109.7700777700715
20181031,85.13475048302232,107.91865373917027
20181101,86.03269682779494,106.71828091991914
20181102,86.76524372693218,107.61898872714745
20181105,70.26307335881746,111.95298571542375
20181106,56.760877907380376,116.02256779786323
20181107,45.728956785731775,119.36806740096557
20181108,55.40129920742754,122.02401141156545
20181109,63.75775116739977,129.8855285927557
20181112,70.20869030998121,138.2447886579889
20181113,75.45807112821154,144.34750915097598
20181114,79.74138315993225,149.56424874858115
20181115,83.29783429868259,151.681847870371
20181116,87.23398048353258,154.72885241441472
20181119,90.2264554603846,156.62547706814297
20181120,73.06911810133754,126.95201740227515
20181121,58.98406556968402,134.0591579325105
20181122,47.476220378171966,141.20623856938064
20181123,38.05062739966648,114.28214718432857
20181126,51.01840497305289,92.25018973108426
20181127,62.41927013671477,74.22392934832861
20181128,72.10480866693786,59.33101694657416
20181129,77.82609806454612,47.307239965326545
20181130,85.05627889585071,37.46938832602833
20181203,91.01376177808588,29.453104283759917
20181204,95.61026193247861,-6.314884424062193
20181205,99.74511109098844,-6.361983594117701
20181206,60.1042382127703,-35.242567923083385
20181207,26.892592014381695,-59.23811487698722
20181210,-0.2988848754318723,-77.84607841059726
20181211,-1.1339481764232773,-94.18295925782184
20181212,-23.634255446585787,-105.42654006970757
20181213,-42.53049493580164,-115.5342734821196
20181214,-57.6852236798297,-123.60077421525428
20181217,-70.0685085420742,-130.42561741876918
20181218,-80.13787141101083,-134.9470829483446
20181219,-88.30585287859941,-138.62653216326757
20181220,-95.19989630393404,-141.6047054380668
20181221,-100.80404358496004,-140.9813014152798
20181224,-105.93559836781932,-140.4943497641205
20181225,-111.79024791404446,-139.79862406085675
20181226,-116.1880729887789,-140.73586975119932
20181227,-122.26867503504546,-141.52934587075538
20181228,-120.82854090013882,-141.6534705357867
20190102,-119.82262725361795,-142.9950415744459
20190103,-116.9595924954468,-142.65030649536143
20190104,-114.9571276528802,-142.11931454153475
20190107,-113.26210077784124,-139.61482636136657
20190108,-109.99527796121681,-136.56296190879038
20190109,-108.36154012073747,-135.82130958653727
20190110,-107.30916232834282,-135.2701062778805
20190111,-105.85221355298285,-134.16944076598548
20190114,-104.16910354243466,-133.3944207610745
20190115,-103.20488947552728,-132.5949990817206
20190116,-102.50177748791297,-131.98448660046117
20190117,-101.81082425831768,-132.3065822629138
20190118,-101.27218206475418,-132.6558253152251
20190121,-98.78788052202098,-131.6831645880661
20190122,-96.70537912686687,-133.71021091048266
20190123,-94.73358609718734,-135.5325665179544
20190124,-92.87376382663822,-138.66923261222468
20190125,-91.61462188698425,-141.42438806304474
20190128,-88.63823286673276,-140.3232496876471
20190129,-87.88827819300333,-140.0118521678182
20190130,-87.25278921354895,-139.44747746922246
20190131,-88.41287372838114,-141.8275963794114
20190201,-89.57528754384388,-142.6726192771535
20190211,-90.21888358923941,-145.13106386720216
20190212,-91.49036606326283,-148.46725603965015
20190213,-92.48306682567397,-151.7851295396395
20190214,-92.7179805890789,-154.4151000810681
20190215,-93.04208087288744,-157.2337155119517
20190218,-92.63895366586033,-158.7056167394666
20190219,-92.24991506199075,-160.77295138637405
20190220,-91.60169987774576,-160.70880372498235
20190221,-90.70519972854306,-157.97055836697263
20190222,-89.80743177919776,-153.77750758203865
20190225,-90.86025306873648,-152.1659412892958
20190226,-91.58709976619203,-150.70711248859075
20190227,-92.50311242005742,-149.33639608839312
20190228,-92.52019506795357,-146.63205742188623
20190301,-92.29787433391905,-144.03204974098693
20190304,-91.28848896706047,-139.22242959553128
20190305,-90.52796353640663,-135.53234742783286
20190306,-89.45528367250266,-132.01359575862836
20190307,-88.57347763620618,-128.88919605443647
20190308,-87.48520730257036,-124.96048676933333
20190311,-86.16995253490381,-121.35641421177952
20190312,-85.038448632777,-118.40389746289904
20190313,-84.07726602135315,-115.54333313742782
20190314,-83.31678975458884,-113.21828686613301
20190315,-82.71814216030451,-112.17846715290364
20190318,-83.10401984494817,-111.77950499852383
20190319,-83.19278080067174,-111.32621469109375
20190320,-83.85562881106328,-112.1336317813612
20190321,-82.9608182489626,-90.93191030530411
20190322,-82.2861941711257,-53.40161421923827
20190325,-81.91214040768723,-23.44170170328907
20190326,-81.73800376061818,-19.983120656429065
20190327,-81.5253265176214,3.91868138788123
20190328,-81.54266079077819,24.064336431354256
20190329,-80.06097722651243,35.99008672917334
20190401,-81.73959392412621,47.9105737516884
20190402,-83.59069677983496,57.85399143234098
20190403,-85.35249354686012,46.581935232663504
20190404,-86.98194358278882,57.53092759775892
20190408,-88.60416275031221,46.25312447215188
20190409,-90.31174190242136,58.77092285307303
20190410,-73.17858904373408,68.64989517431617
20190411,-77.78689458502332,77.17893026585281
20190412,-81.09657145180935,82.49602443950725
20190415,-83.60415229870324,86.46018535316449
20190416,-85.46258181059503,51.73823908162299
20190417,-69.23806386735718,61.21309911804702
20190418,-55.96383725002209,68.57486819974108
20190419,-44.99510933268531,74.94860897592805
20190422,-36.048430484947026,62.06337947186662
20190423,-28.74375568973312,51.54532902752044
20190424,-22.781850436733553,42.942756051669626
20190425,-17.94027399098433,35.875884931805516
20190426,-13.982413129332697,30.081942691627685
20190429,-10.54288758414473,25.63580828349385
20190430,-7.699884087262556,21.996927439482388
20190506,-5.372760544794963,42.85737698160979
20190507,-3.44525282643481,36.05576488661731
20190508,-1.877732435982144,30.458787499739536
20190509,-0.5902694424335162,25.901152757038886
20190510,0.4804966457134114,22.17322944744484
20190513,1.3551087494341278,19.09586990663107
20190514,-20.619848566645633,16.44333704329745
20190515,-40.63246870489873,14.340802656788238
20190516,-58.094592970596445,34.985422420039846
20190517,-68.64788844474035,51.67545957589101
20190520,-76.67346410764735,64.34780064252656
20190521,-83.29287844797639,76.0950417906774
20190522,-88.80622233594181,85.91733823990081
20190523,-93.53861494084742,94.0401906296452
20190524,-97.9698217324167,75.9848154748181
20190527,-102.73072277322254,86.38804557609997
20190528,-85.00014226234654,95.26134688394372
20190529,-70.51769527686825,102.72247000955653
20190530,-58.66958996616833,107.89528197681302
20190531,-48.93204075035003,109.51940876229787
20190603,-40.959148894745816,109.41559483438739
20190604,-34.362703698416006,108.53507874461356
20190605,-28.960126511143773,107.67455028653205
20190606,-24.54201798450812,106.95835819757473
20190610,-20.925893122663414,106.05708321947127
20190611,-17.911995564361213,105.07330554195413
20190612,-15.423713245852129,104.8190567853693
20190613,-13.400366560186965,105.35651239784637
20190614,-11.669299895554508,103.63049292950312
20190617,-10.26202577172523,100.45630895553758
20190618,-9.13377681146389,98.65622622241457
20190619,11.110299082431903,96.60043366726808
20190620,25.14453975167402,92.44107380216735
20190621,4.546178008244462,88.99826765244778
20190624,4.356340882910708,86.1571183451652
20190625,-12.393608660649326,82.94663371468334
20190626,-24.76863303796966,78.84269296928005
20190627,-35.09512402664644,75.37865465990232
20190628,-43.582851091408294,72.7701026009145
20190701,-49.74384572039008,68.89384617544299
20190702,-54.72910216969169,65.74291444583882
20190703,-58.40805762001264,62.223153255093294
20190704,-61.11095057172692,59.11942156253855
20190705,-63.33123517302885,56.585651648021354
20190708,-64.91103488473428,54.47497107099948
20190709,-66.5893411011485,52.644428738477856
20190710,-68.61724924018759,51.21262302684776
20190711,-55.59570172584742,49.74840391846304
20190712,-44.917508811564026,48.63308740338235
20190715,-51.741839377848926,47.92993048403941
20190716,-41.76170563191454,47.37439051067046
20190717,-33.63364733323179,46.91808368051461
20190718,-27.014689031543284,47.019352428326094
20190719,-32.63941433680767,46.96679045235342
20190722,-37.018851324142275,46.85155851952714
20190723,-29.878758772077433,37.98143149799419
20190724,-24.015697424783045,30.706338430436787
20190725,-30.529436720729755,24.75339581826303
20190726,-35.78118376529761,19.883346933789408
20190729,-40.60308065431582,15.83884506982102
20190730,-32.77114618774319,12.521738909910898
20190731,-26.35616747622257,9.675737697148442
20190801,-21.179794142718023,7.390425766496997
20190802,-16.94984831147493,5.606278481806337
20190805,-5.906789784848275,4.214108910779756
20190806,3.024949894083406,3.064003823654769
20190807,2.170712483377326,2.137126771481212
20190808,1.4790446501611079,1.3644529804080807
20190809,-6.315645631951439,0.72145511228713
20190812,-12.56475245666657,-9.191273154883268
20190813,-17.118306804983035,-16.697484721680077
20190814,-20.03661914124225,-21.67099659257955
20190815,-22.517428936750132,-25.698903531430744
20190816,-24.86053522265806,-29.076484253987314
20190819,-26.747511843078687,-31.93788641055791
20190820,-28.278401354784787,-34.3081868563313
20190821,-29.542123239530145,-36.24274833002577
20190822,-30.58351342761493,-37.82932204367629
20190823,-31.450307485662176,-39.17468182670476
20190826,-31.426039841387404,-39.39703236905794
20190827,-31.406790131559283,-39.564537582209866
20190828,-31.232111336248238,-39.68013375994678
20190829,-31.490349481749043,-40.27881937747841
20190830,-31.428790520980797,-40.58695846259477
20190902,-31.820536946474956,-41.5305721947543
20190903,-32.2165277321183,-42.30263115523351
20190904,-32.05006124105637,-43.25804148822619
20190905,-31.98047426654595,-44.06343185424719
20190906,-30.879700142382564,-43.45722966970935
20190909,-29.849444064176367,-42.97949839024139
20190910,-29.185862664970962,-42.84516858849407
20190911,-28.924576162835255,-43.502955797211335
20190912,-28.72225130396777,-44.26167557817545
20190916,-28.490069587519834,-44.88400264215453
20190917,-28.32645203667541,-45.39450259979988
20190918,-28.197570684916172,-45.81828287417511
20190919,-28.059253009293677,-46.164097342019694
20190920,-27.93798905095897,-46.45512300022326
20190923,-27.705501031048144,-46.55643630298061
20190924,-27.95502101498493,-48.884899070731095
20190925,-28.16286407208605,-50.70899147733756
20190926,-28.296016323989846,-51.88711390906831
20190927,-28.389810582996844,-53.124759136517184
20190930,-23.437204250206225,-54.76021931332666
20191008,-24.428509700732977,-56.10103593659565
20191009,-24.972120829479984,-56.58201251072712
20191010,-26.072571194526958,-57.020924972894356
20191011,-27.006895700534674,-57.483282975064895
20191014,-21.819323451967712,-60.91061910981764
20191015,-17.56333428403562,-63.78056653127467
20191016,-14.086004873438188,-67.69038471646802
20191017,-11.236827375251606,-70.51352918492535
20191018,-8.905890089853743,-72.81474566313055
20191021,-6.997518354376724,-74.703383980441
20191022,-5.437458029555072,-76.24630500174374
20191023,-4.159909737881668,-77.51534696210668
20191024,-3.1128649922291487,-78.55507523307392
20191025,-2.2740922374199974,-78.79056027698905
20191028,-1.5656491798628631,-79.84034880114602
20191029,-0.988682737450158,-80.29981031481772
20191030,-0.5182274599018468,-81.02422299591434
20191031,-0.1039644183890472,-65.64998482497356
20191101,0.2665786368933431,-69.74165609210348
20191104,9.378041108815871,-73.1947478574453
20191105,16.77988542043467,-75.67597131377904
20191106,23.185155776511458,-78.38241407262966
20191107,28.560620373513782,-63.49080675123859
20191108,31.252458566990626,-51.386016356788964
20191111,33.497891421675604,-41.43429324251339
20191112,35.36400748431432,-33.30522285098862
20191113,36.86265535796429,-26.69182638733743
20191114,38.20167050004065,-21.266501593447124
20191115,39.280765550916975,-16.827802630612315
20191118,40.322230601294656,-13.196546872363793
20191119,40.80239016703545,-10.237504906310882
20191120,41.211956118784144,-7.812386897317739
20191121,41.54766613511711,-5.82817763173967
20191122,42.77154058416046,-4.175844190165935
20191125,43.711473266078606,-2.8319926722613435
20191126,44.714290645004446,12.999150668557448
20191127,45.534785248207264,25.87501937424464
20191128,46.21853277841996,36.4629770355253
20191129,46.95096673592997,45.85310882594618
20191202,47.56087186219165,53.44672030151343
20191203,48.049309832390634,44.36669934523118
20191204,48.06595721778476,51.00543387058593
20191205,47.74074836659285,56.479957281282495
20191206,49.834802554572526,63.53454263149172
20191209,50.964262901589024,68.65907516509662
20191210,51.93137134422095,73.9594895817883
20191211,53.16302638930672,79.73788021299244
20191212,53.84054844614524,84.09007609864945
20191213,54.46638759945542,85.72255195734044
20191216,54.669682585723955,85.96208414487047
20191217,55.51797517056959,86.48123993294472
20191218,56.2396245745562,86.94270707736263
20191219,56.79907036009502,87.30752644031965
20191220,57.1590840876943,87.58645775018152
20191223,57.36640132359774,88.33706906010752
20191224,57.351758233010024,88.83411029397251
20191225,57.24365287785774,89.01130763643663
20191226,46.432612222641694,89.32993731727791
20191227,37.59480441609579,89.56701763655074
20191230,30.36234394737997,89.7524684146795
20191231,24.449194046478787,89.7249385353197
20200102,30.974511730361428,93.28822890816492
20200103,36.73024672578874,94.10620696968336
20200106,41.330102886888895,92.34076417452481
20200107,45.03896116570733,90.60695448620991
20200108,36.43274385291068,88.09267172383163
20200109,29.505180060416105,81.51234371773141
20200110,23.835087310221184,76.15409764787067
20200113,19.193284376560175,72.18381548243984
20200114,15.407086719786012,68.6484212508116
20200115,12.311103450095358,65.66932059889758
20200116,9.778082220702533,63.23179286731644
20200117,7.704855753874399,61.247515551227764
20200120,6.008070828347425,59.62778897941109
20200121,4.615208774029949,58.18283962734503
20200122,3.485326870824765,56.84576606937803
20200123,-4.549396454008285,55.73592803695196
20200203,-11.149484746807218,54.055223678411934
20200204,-16.572177262407788,52.540759839937984
20200205,-13.263260132537695,51.241949148986386
20200206,-3.279064843257715,50.160427724964826
20200207,5.077220331041079,49.27773965767937
20200210,12.271394311998009,48.76699775095155
20200211,18.45482933820613,48.93197363672747
20200212,23.601230519533043,49.20226156168097
20200213,28.46951898407346,49.80569715570334
20200214,36.502703560511506,54.17947771263811
20200217,30.374287663036405,57.768706276984126
20200218,25.361320512545785,60.642937176837364
20200219,8.49433078209203,63.803081748894925
20200220,-5.458306074929808,66.58688971864088
20200221,-16.45669286558484,67.49898953362226
20200224,-25.36815620329742,67.11551139358205
20200225,-31.09318736559445,65.06839526178621
20200226,-35.62300568448831,63.461625317665074
20200227,-40.3364341285137,62.47041681834899
20200228,-40.234875679885356,61.17860684204892
20200302,-40.12817998978709,59.894186027087905
20200303,-40.03530747094101,58.996447194704004
20200304,-39.57214281416024,57.46210320090341
20200305,-39.19456764579423,56.291394529655605
20200306,-38.84405339965842,54.854833779156
20200309,-37.691026211145335,53.54036594275888
20200310,-36.5043749431022,52.193987856874266
20200311,-35.58868562184842,51.08332328522785
20200312,-34.70855643204507,50.008330125554615
20200313,-33.32426112331654,48.20637466932819
20200316,-31.645902065233912,46.26220439338351
20200317,-29.352078217180033,43.65299269206367
20200318,-27.415617880666094,41.29594159472938
20200319,-25.8760332775354,39.37765762160738
20200320,-24.167154880861883,37.940856085738126
20200323,-22.79461458738238,37.04734998502015
20200324,-21.321716265182566,35.224072454684645
20200325,-19.923001667223513,33.66831825304678
20200326,-18.779687933185656,32.39507673488273
20200327,-17.887519959127143,31.345087889331918
20200330,-17.082808627467745,30.61509177683779
20200331,-16.398957342459905,30.021065793399675
20200401,-15.865412610038607,29.60076213994995
20200402,-15.393281530614633,29.244567236232417
20200403,-14.994661899334664,29.060559617703536
20200407,-14.593163673050928,28.688301591883867
20200408,-14.273436451033476,28.401533920099528
20200409,-11.77086310763232,28.175940254397524
20200410,-9.72361288365418,28.017398315879536
20200413,-5.542916833144625,28.16752953775378
20200414,-2.0053267502444028,28.556625727027896
20200415,1.3480195185367578,30.20163966321675
20200416,4.470845075428527,31.797395594589577
20200417,7.004258727035575,32.790234685900614
20200420,9.353468359567506,33.567817499146045
20200421,11.290074111298477,34.2055469966821
20200422,13.067988317653079,37.71849157102656
20200423,14.762734405243615,40.52341722260394
20200424,16.16278111295794,42.815579583653964
20200427,17.303735527650378,44.70396808155582
20200428,18.752252242805206,46.24290124018847
20200429,19.955316154767868,47.492861472178596
20200430,20.971014675307174,49.36306236833036
20200506,21.89268092897167,50.8870993289454
20200507,22.68938284745247,52.07103077103233
20200508,23.960079592251663,54.83500272185592
20200511,25.150227790837892,57.497401055254606
20200512,26.105256713997196,59.616545859259666
20200513,26.888611134254642,61.454686732994475
20200514,27.547561396759658,62.85517074494375
20200515,27.585725440066003,63.704542314898916
20200518,27.022021372169508,62.994538901522795
20200519,26.520776916657038,61.60729548234826
20200520,26.172937425511567,61.469276834869035
20200521,25.692889198636397,61.063288053474984
20200522,25.224678470942138,60.8162252400061
20200525,25.248570410027227,60.647731726946866
20200526,25.433837667142587,61.24236048748615
20200527,25.482365105893443,61.415009974207564
20200528,25.573860905801897,61.63545814046622
20200529,25.83774423346393,62.130147685282125
20200601,25.71945224385416,62.38792410825237
20200602,25.56086090452053,62.53873568700468
20200603,25.30683840169319,62.261613073799076
20200604,24.98748528144726,61.87669593778876
20200605,24.870765119395735,62.061827137223354
20200608,24.763137046739484,61.93614593470771
20200609,24.686564634263686,61.86345408514183
20200610,24.62331105657649,61.52302570028925
20200611,24.57466206184096,61.182569707059976
20200612,24.774880536210414,61.492384819997014
20200615,25.707500149087856,64.20760396693721
20200616,26.51868781431177,68.18960711435003
20200617,27.58751427779208,72.5712845881522
20200618,28.80136956254052,76.95879408217752
20200619,29.927133542434596,80.51738678830701
20200622,30.718712611328744,82.12709202601299
20200623,31.73114670422257,83.58148521756839
20200624,32.68929748267446,85.51991828977958
20200629,33.59072543690563,87.60308666903074
20200630,34.331457177119795,89.3027413504495
20200701,36.86998224924779,91.21904191375057
20200702,38.61753237539329,91.6119255077183
20200703,40.586377223001215,93.1100587442055
20200706,42.95960198037358,95.46042669378188
20200707,44.95242731046756,97.3817718490053
20200708,46.484288862002515,101.2289929313975
20200709,46.9425191068576,104.10163309084408
20200710,46.75753491209854,106.16365459138314
20200713,45.82979172190512,108.68893576701828
20200714,45.386524505538,110.59872773290653
20200715,46.054941700828145,112.52899979260013
20200716,46.50843799487756,113.60442398476339
20200717,46.61092347626027,113.51769755234324
20200720,46.611748506567906,113.29366799359019
20200721,44.515496668716224,112.57775409595762
20200722,41.81444969026186,107.48054693142362
20200723,39.13613307740658,103.32773524813057
20200724,36.837330204480196,99.78750060598053
20200727,34.36728211036697,94.5786550501297
20200728,32.36710923734357,90.26837328121454
20200729,30.680010792980664,86.76938421308486
20200730,29.1441269485246,84.39523657698736
20200731,23.685473141935432,82.30612381515809
20200803,23.398610234763,80.51854961493946
20200804,23.16228661677477,79.04769121726535
20200805,22.52441999207887,75.73881840135829
20200806,21.916112146141103,73.01336735513698
20200807,17.787303491491492,71.3038262094266
20200810,18.173493390804744,69.39464378626118
20200811,14.728497605692718,66.36894552386971
20200812,11.926163988365223,61.21833519518089
20200813,6.698089710746438,57.020536730169454
20200814,2.3785798861419067,53.605398904675816
20200817,-1.1562193454728589,50.77867305599508
20200818,-4.117465609777881,48.226432425697396
20200819,-3.4945181644415766,46.310561293163126
20200820,-2.9878063735678655,44.313384534584195
20200821,-2.5737085156311448,42.72333019862464
20200824,-2.23954618913047,41.72936504613359
20200825,-1.9660826153531015,40.90730749717662
20200826,-1.7423675596745323,40.25099332125772
20200827,-1.559064945392751,39.61463012315592
20200828,-1.4108987675444282,39.162119536594695
20200831,-1.2890026459873691,38.76704708471387
20200901,-1.1879312580859596,31.45448443865825
20200902,-1.1239218233835888,32.952295697869914
20200903,-1.0767267687558446,34.109063103780265
20200904,-1.0409840109874902,35.07759931290197
20200907,-4.892734501185624,28.415097514947515
20200908,-8.036334958161689,22.95307384446814
20200909,-11.010942250925485,18.375065939007374
20200910,-13.49414701097689,14.633592907700923
20200911,-15.559857562261291,11.566665539872155
20200914,-17.325363818749594,9.047344612546995
20200915,-19.09155787300181,6.920459471733157
20200916,-20.753203132884376,5.165767589256652
20200917,-22.118125809838016,3.5956150481533102
20200918,-13.030780163676228,2.311530516394663
20200921,-4.958965240176771,1.2285876021390902
20200922,-3.9002597930943215,14.255184837743968
20200923,-3.042709760973622,23.913060476635817
20200924,-2.33631375738148,32.35119362910568
20200925,-1.771937542680378,38.48218957896893
20200928,-1.3073523483957847,30.99901419202351
20200929,-4.616975428291434,24.89510620275414
20200930,-7.301904713021805,19.892744859932023
20201009,-9.57151216060627,15.758588500270541
20201012,-11.137859626448073,12.400729139956184
20201013,-12.420325474712499,-2.2356396798509226
20201014,-13.439099218843245,-2.306027654127991
20201015,-10.865059382674437,-2.363861729481346
20201016,-12.211154766470042,-2.4190076414695847
20201019,-9.861281717312808,10.234783248099232
20201020,-7.938682170956854,20.59255454547547
20201021,-6.366123598690115,29.088623149206914
20201022,-5.079529866120748,36.02500410550647
20201023,-4.026182091191727,41.81888575601905
20201026,-0.011289363203703676,46.605548078142604
20201027,3.2416966915584378,50.07198942566156
20201028,6.719027164195109,55.178742761525484
20201029,9.586311502028309,59.8680461141197
20201030,12.282426393442988,64.220660738339
20201102,14.726478517848248,68.14766659662692
20201103,16.85039835122215,71.23479348263928
20201104,18.737113849595325,75.53234123190967
20201105,20.198875154540847,79.05376076642123
20201106,21.183520535736644,80.95411876806975
20201109,22.65133538883952,83.83080060033792
20201110,23.098244208866916,81.41352987373662
20201111,23.637192350530352,79.88972477961757
20201112,24.07713325521436,78.64093194480864
20201113,24.43706835442332,77.54547293017457
20201116,24.659796653496727,76.65155863557429
20201117,24.819285408778498,75.94670770002759
20201118,25.00607241482033,75.30241334431959
20201119,25.118987007352125,74.7581341850187
20201120,25.232539588881707,74.3079399294733
20201123,25.416392041813523,73.98415368695117
20201124,25.447273192246975,72.2548102194926
20201125,25.46806911895243,70.6414380851976
20201126,25.968989621774675,69.65532158843162
20201127,26.38536694784429,68.89667420131096
20201130,26.559332491539006,67.11271376001399
20201201,26.42818945632423,65.51471837011117
20201202,26.039114888889245,63.57021035521122
20201203,25.79435775459207,61.60530994953572
20201204,25.816720492654955,60.30805454408254
20201207,25.84141491218882,59.247552749622045
20201208,26.46572729463214,59.161956193595614
20201209,26.856375035678308,59.05289411058447
20201210,27.07066040209966,58.7885063838527
20201211,27.23090232303158,58.68381782168858
20201214,27.617433308003733,58.59115121424237
20201215,27.871595769049843,58.294655630938536
20201216,27.851715522953956,57.959138291199594
20201217,27.784781293964585,57.62752175632033
20201218,27.72651597581436,57.228218456949705
20201221,27.089569769256197,56.58623373347799
20201222,26.195712072615663,56.90086687034066
20201223,25.457900225639317,57.54369490273985
20201224,24.837659015896918,46.64548951333712
20201225,24.340852360972438,49.11716962650607
20201228,24.302405006438477,54.50153070174076
20201229,19.708887723222155,44.033816786001175
20201230,15.943180058177425,35.42934841153809
20201231,12.862097322413607,28.36403039243879
20210104,10.342903699732918,22.61622660589231
20210105,8.279545878445338,17.910193554953164
20210106,6.5881005565216215,14.012304424956856
20210107,5.199200072017149,10.84435655953392
20210108,4.059421583677099,8.241215159205273
20210111,3.1780616228677037,6.281059595127353
20210112,2.4588204167485306,4.680789102254052
20210113,1.8695556500273507,3.3641390474596453
20210114,1.3844844111907042,2.286647048790815
20210115,-2.5873377201462375,1.40247854536473
20210118,-2.264843508969157,0.6696888054640683
20210119,2.328719880652559,13.323382655035001
20210120,6.58627942457188,10.362600518594377
20210121,10.039790150937623,7.961566612322745
20210122,12.866145547883157,19.518567551320118
20210125,15.178397606878553,15.450077974831492
20210126,12.225054906257048,12.123484946300561
20210127,9.807412677005441,9.402661550857598
20210128,3.0688746053836287,7.178265274178572
20210129,-1.9485480461353881,5.361089642893328
20210201,-5.155857724229942,3.8698063491637194
20210202,-7.768291928174197,2.6495330171465077
20210203,-9.693997447912329,1.6642465040406647
20210204,-8.063582260015524,14.123054935281738
20210205,-6.465141787188069,24.106308090995135
20210208,-1.1549091506058276,35.69783713243895
20210209,3.2497596165255316,44.191978197357194
20210210,6.8440497888435585,51.14268776448151
20210218,9.810020962577866,53.124601001222636
20210219,12.210086219850615,54.81255263819079
20210222,14.023981939775856,55.70529584838703
20210223,15.476824757771979,56.10522835239693
20210224,16.600647617738534,56.461840473480365
20210225,17.532419984531398,56.94188807868922
20210226,18.068086666648828,56.810268407855574
20210301,18.50871720643354,56.70789376810223
20210302,18.775985471593618,56.29829823793105
20210303,18.965385633725447,55.83093610432697
20210304,19.063679180092606,55.392172783074784
20210305,19.220792003424346,55.11180109577458
20210308,15.910236729299376,54.91476320910581
20210309,17.662067166585413,54.78419889558377
20210310,19.551644235368045,54.39976762791727
20210311,21.03803636640983,53.91652171261782
20210312,22.16840366106853,53.42812443811145
20210315,23.192229807933277,53.017979875107514
20210316,24.04992807277661,53.03664968645613
20210317,24.754414067818374,52.969183135746036
20210318,25.12540915142202,54.59512284951963
20210319,25.356882836931476,55.932937751944145
20210322,25.79835418638102,57.460523577913605
20210323,26.310815751790596,59.181489176897436
20210324,26.73384479754143,60.59321172464538
20210325,27.149191697848075,61.94893233349564
20210326,28.033167105379793,64.30404319013323
20210329,28.741838692034918,66.31208734262157
20210330,29.581879473860276,68.5568808127183
20210331,30.43032563905364,69.84062872185883
20210401,31.271024479151052,69.1499009292674
20210402,32.070287678788745,68.51721349234273
20210406,33.06985421999626,68.0272575341077
20210407,33.850135000315476,67.66397008484799
20210408,34.53752690416446,67.71301257408355
20210409,35.35088058416182,67.90125907846839
20210412,36.293393489195196,68.757167623324
20210413,37.06473658459573,69.28025899489143
20210414,37.115152387333225,69.28836356756688
20210415,37.15526955821764,69.35959000528653
20210416,37.69321984429735,69.36934654371218
20210419,38.465386519807645,69.31926710810028
20210420,39.76919481143588,69.02486943946882
20210421,40.791324516832,68.46080426135619
20210422,41.94465243498504,68.02985899988187
20210423,42.62685227910202,67.6110548844548
20210426,43.11346500304847,67.16316781627106
20210427,43.67063991684537,66.79738412739128
20210428,44.284294257451634,54.15604605859638
20210429,45.26504671035493,43.78185196523717
20210430,45.230226889788085,35.205746446259575
20210506,44.543253260553676,28.198928667753904
20210507,43.89914307915695,22.471858042038683
20210510,43.306322058998134,17.784106463868532
20210511,42.53642808642184,13.94981570082986
20210512,41.91980753613764,10.809015603507238
20210513,41.2342621367231,8.225736614968184
20210514,40.87578771751766,6.074436361028926
20210517,40.73635029588512,4.321395346312136
20210518,40.050317325861805,2.890906860057121
20210519,39.25406822917632,19.004600606776716
20210520,38.36955716351604,14.881764459537944
20210521,37.57791939077084,11.452533369840006
20210524,36.941227725347076,8.611650298189222
20210525,36.47010745812685,6.306478419442108
20210526,36.17509550090949,4.438001668842043
20210527,35.734076237633474,21.837384262823406
20210528,35.3829109547726,34.98617789436635
20210531,35.09990348127549,46.15693264546837
20210601,28.477028409841584,55.15595751104852
20210602,29.351442853208706,59.58879963960349
20210603,23.73966545230978,63.962825045676794
20210604,26.186757265968826,67.04106320579733
20210607,21.697869019230687,69.31832000111675
20210608,10.753598626368747,70.93641413364273
20210609,1.779788118642558,72.27446210499023
20210610,-5.732987362708507,73.44665887696324
20210611,-11.473212565513055,74.15443441912382
20210615,-16.232982807049822,73.60264811140047
20210616,-21.11140674728233,73.43316014692996
20210617,-24.690989978471183,72.2777519601924
20210618,-27.38942657529438,71.08243469912485
20210621,-15.195289822793942,70.0859660717645
20210622,-12.720695255827273,69.27793895729711
20210623,-17.621875785177295,68.56361922876285
20210624,-21.817478227444344,68.58748404261796
20210625,-25.40694188992388,68.61962158301273
20210628,-28.342514839092082,68.64131885641406
20210629,-30.91448282102159,69.14057689584202
20210630,-33.515466264062525,69.87445855411507
20210701,-35.55106067237443,70.42010696725575
20210702,-37.238400597608134,70.85663338895277
20210705,-22.209507127851012,71.74034162775258
20210706,-9.847974369185543,72.20460375762701
20210707,0.2353348675608914,72.92377316313316
20210708,8.246162801717432,73.51554117181355
20210709,14.813423905943122,73.91385582238622
20210712,11.763832802769558,74.88086438407501
20210713,9.259486511599844,77.8511001729304
20210714,7.213469779307346,80.23577423222821
20210715,5.498895669331127,85.33808173014593
20210716,-7.4056453604981485,92.0152856999345
20210719,-15.415521251092922,95.221740326862
20210720,-21.84424166464268,97.28683269143755
20210721,-27.11553521570066,98.67016656109908
20210722,-31.37393206047898,99.31443891149816
20210723,-34.91293104854501,99.70784824629378
20210726,-37.80799290221459,100.00403352400163
20210727,-40.20840723512436,99.41783694963209
20210728,-42.23060503860351,99.04829297722463
20210729,-34.92580123768701,100.08470316196698
20210730,-28.204718578439604,100.87473575235454
20210802,-12.982614944249972,99.4548409152943
20210803,-10.223594094987174,99.26941105755411
20210804,-7.981156497301507,99.06756367671765
20210805,-6.1354532865868645,98.9102072709528
20210806,-4.63133152768846,98.51285589588953
20210809,-3.4732095653394977,93.23046761936037
20210810,5.366844464397336,89.05971790730047
20210811,4.718292742048733,85.71194342129509
20210812,4.194877667819529,82.76073001001774
20210813,3.766026122059872,80.26948692871814
20210816,-6.553389688086169,78.09685324112999
20210817,-15.03818617521382,76.11204478315449
20210818,-22.02689607610107,74.51553010668775
20210819,-17.653461426246476,73.40987644769181
20210820,-14.07201322675639,72.55111733033013
20210823,-2.151682431277056,71.88265101755057
20210824,7.087791477202147,71.38598128730163
20210825,6.151365200915007,71.37960093907016
20210826,14.521609680212148,71.39466308860649
20210827,21.416591344001258,70.94880053938432
20210830,26.86952548568824,71.18273499194896
20210831,31.280801483334876,71.37194857747377
20210901,35.20105288445296,71.5464021645349
20210902,38.2362162941963,71.70229601020478
20210903,40.79944975810365,71.99823649165153
20210906,44.11331806482718,80.23054899374822
20210907,46.67878455874131,87.11595740914042
20210908,48.49438175432878,89.75249597743013
20210909,49.31363878009899,92.52414508099005
20210910,49.72086040564272,94.42313599154916
20210913,49.123621947133344,96.29918431606082
20210914,48.652418883706495,99.53692794034497
20210915,48.26908403775271,102.06211042766064
20210916,48.31862892008112,103.14662936784194
20210917,47.449295118256344,102.82738800854608
20210922,46.73478515956104,100.56051185450288
20210923,46.45948821477588,98.72407342248869
20210924,46.23115028532435,97.1203459415637
20210927,46.05515299319529,95.7614866176219
20210928,45.73851478651031,95.229698790674
20210929,29.22093267485665,95.01090320530813
20210930,24.21397603425664,94.78247566099348
20211008,13.37706647217553,92.6606178047025
20211011,4.469345406349953,90.89883108378409
20211012,-2.81923940989441,89.09414181070082
20211013,-9.556645247680045,88.05870838553894
20211014,-14.62616121072442,85.76600071093877
20211015,-18.706397462098188,84.64049620371392
20211018,-22.15826202447255,82.83233977603992
20211019,-18.402516272083346,81.53178384623148
20211020,-7.740505164349145,80.58634026827768
20211021,0.993294624850224,79.64854602566496
20211022,8.139128580921849,78.81638102354036
20211025,14.051973953785328,78.45706235698819
20211026,11.170712216270715,78.78368592746388
20211027,8.8254733235398,79.81402854584734
20211028,6.9045281682380235,80.49843199252246
20211029,-2.128266040836688,81.1739198512046
20211101,-9.517730399461238,81.59278374736492
20211102,-15.889420979370767,82.50611365386065
20211103,-20.72675526527981,82.55418228111752
20211104,-25.80149949471781,82.64350323814742
20211105,-32.21788206488666,82.53482745681995
20211108,-36.80344819769625,81.88917696116835
20211109,-40.56777224378854,81.42907851041396
20211110,-33.60679107880071,81.05872436588157
20211111,-37.13745477053462,80.47238175458286
20211112,-40.03279226975319,80.05160693155125
20211115,-42.30696411600931,81.14248123776414
20211116,-44.312318450239246,65.77032936867201
20211117,-36.639957465621976,53.19906040005407
20211118,-30.359051671761698,42.91089321312716
20211119,-25.215061210652262,34.49603609421074
20211122,-30.071527811014683,27.640832752173136
20211123,-32.80971315292109,22.11447035910576
20211124,-35.17903672073257,17.58958195703976
20211125,-28.45194373700967,27.55639944674404
20211126,-14.726401362655553,22.022515953143365
20211129,-3.609194635230113,17.49286927647192
20211130,5.0876220504627385,27.73589704213031
20211201,12.530706875478614,36.42692431121283
20211202,18.338152411224662,43.50183447036021
20211203,23.473936552810684,50.60470286096043
20211206,28.230538957313613,57.00256480866462
20211207,32.17014739462995,62.47645905373834
20211208,35.429890619457176,66.91899538878083
20211209,40.711861833700944,73.97502730543918
20211210,45.55045105903708,79.89074914635194
20211213,47.14795173256313,83.55607001684255
20211214,48.313217847843696,87.0611520987279
20211215,49.29946759507201,88.95674002433475
20211216,49.225936798609574,89.16671795104865
20211217,48.77878972548349,87.62671107537122
20211220,48.41248504675649,86.84303381710546
20211221,49.19025850680749,89.13726732728573
20211222,49.95505730280447,91.37404474898553
20211223,50.28937899408661,91.86837789738995
20211224,50.56345078419246,92.47149845521831
20211227,50.85363179779681,93.11256849390163
20211228,51.89577119119696,93.71394094137939
20211229,52.71196724295191,94.140354258455
20211230,53.416418759313586,94.47155306843725
20211231,53.24029322045443,93.90223827011627
20220104,52.270573518734885,93.11065362077177
20220105,51.47716964640851,92.45451062490825
20220106,50.46542591889726,91.34778392909186
20220107,49.40103043181834,90.29409329340795
20220110,48.85296419059658,89.51782853325318
20220111,48.85201912153686,88.67561998398757
20220112,48.75204409464782,87.80969677029573
20220113,48.875168970832455,88.41508778102829
20220114,49.42615234530126,89.73728837953819
20220117,50.071975986936174,92.46851597928918
20220118,50.609856672740136,94.66277162997771
20220119,49.60175593536849,97.24235315468682
20220120,48.5949886918356,96.91718426132294
20220121,47.54946658233698,97.79936613684383
20220124,46.29601133446955,98.42668862751725
20220125,37.58854129199705,98.91392471079148
20220126,30.46327940967405,99.37895615755987
20220127,24.65302069798671,96.51845835219473
20220128,19.898541378232398,94.23322130677602
20220207,9.138721093912958,93.06854019147328
20220208,0.0009675678114588053,92.18762685592796
20220209,-7.368286143743669,91.3830526345376
20220210,-13.67774690366226,91.29702463316227
20220211,-18.820637258974084,74.0405505026825
20220214,-22.27480812888229,60.003487048492644
20220215,-25.21149852879617,63.431509795685386
20220216,-27.351118158443747,64.92280036193556
20220217,-29.155321660678496,52.61575466147007
20220218,-30.474907578932008,42.553696741674834
20220221,-31.5497006735579,34.316528866364465
20220222,-32.221956843381285,27.591783576436807
20220223,-33.34190475084396,22.103686246354396
20220224,-33.761458130060944,17.64446254393542
20220225,-33.92580077743668,14.015859123684503
20220228,-34.24060250407766,11.051208943968433
20220301,-34.578976383737924,8.625727843104483
20220302,-34.731318406456545,6.65469430518618
20220303,-35.365136505076435,4.99974186228315
20220304,-36.085098746218904,3.6395995649844517
20220307,-36.50858654090809,-7.465222884970616
20220308,-36.41766935459134,-15.8768758303492
20220309,-36.35063157296715,-22.661405660816555
20220310,-35.05419199321802,-26.388600263764957
20220311,-34.14349944846975,-29.529073720768384
20220314,-33.64905472941468,-32.223662727160544
20220315,-33.029924322662524,-33.99499534524183
20220316,-32.6615571936161,-35.60647743090605
20220317,-32.2872892464912,-36.89758347017803
20220318,-32.05330236621082,-37.99871190951716
20220321,-31.859756670960707,-38.89079106387923
20220322,-31.74549846082801,-39.72474289887036
20220323,-31.530681330442015,-40.4397831316147
20220324,-31.715551633723457,-41.422053347585305
20220325,-32.02485897812707,-42.386277392229715
20220328,-32.14187259472937,-43.08077105395322
20220329,-32.20789609089931,-43.59731910183054
20220330,-32.313499390210794,-44.24189092224708
20220331,-32.37418830020554,-44.783714658960406
20220401,-32.42471989184744,-45.213817027349876
20220406,-32.59979298724118,-46.30753597802915
20220407,-33.35223596098745,-48.344962616682025
20220408,-33.89530108475051,-50.48669299533072
20220411,-36.197676894450574,-55.51534075577835
20220412,-37.708933369267285,-59.4529153039325
20220413,-39.09131727344216,-62.717621287680515
20220414,-40.99305271311903,-68.98840293954167
20220415,-42.56003096746479,-75.44959117740319
20220418,-44.131640417074706,-81.99373374003495
20220419,-45.39686264285335,-86.15543888116636
20220420,-45.800674334766796,-69.81601085023246
20220421,-46.51325934272729,-56.488885901585405
20220422,-47.19664625428613,-45.56829556145255
20220425,-47.18835139239354,-36.6147242721744
20220426,-48.03818176987436,-29.298688975181648
20220427,-49.07843052355238,-41.689152860868504
20220428,-49.91600286259418,-52.25817570686729
20220429,-50.52075944916155,-59.51672688114902
20220505,-51.10475069148739,-65.30352180893351
20220506,-51.02958551061314,-52.769976559024165
20220509,-51.12028972910169,-42.50676402379858
20220510,-51.18522899521628,-50.892563148492954
20220511,-51.51005423331233,-57.40989328078388
20220512,-52.16444512458895,-62.47120676690107
20220513,-53.55567426981626,-65.83294379726539
20220516,-54.59439032778531,-68.24138959665596
20220517,-54.50508709223939,-70.0014649033301
20220518,-54.40842875817917,-70.93008430760868
20220519,-54.631442519559215,-71.7782855951593
20220520,-54.05563355717051,-72.38764718886885
20220523,-54.121814127039386,-73.72301475750564
20220524,-54.365344218160374,-76.03373214444991
20220525,-54.68182668764908,-78.10046960015471
20220526,-55.89179098746858,-79.82968635592826
20220527,-56.2190134582717,-81.50342956395498
20220530,-56.421267935650285,-82.30273421778588
20220531,-56.17379289438364,-82.92825098711567
20220601,-56.253325223582216,-84.7138954164658
20220602,-55.680999726664176,-85.59995325842095
20220606,-55.24714322998498,-86.31667979123398
20220607,-54.735281269027766,-69.97070110121142
20220608,-54.23950167884672,-73.74616052404043
20220609,-54.057413092802356,-77.08305106310797
20220610,-53.524220501431664,-81.22713598593808
20220613,-53.684418167953346,-82.77801450830162
20220614,-53.405486851881214,-82.04151232641252
20220615,-53.97977673376896,-81.43674630280547
20220616,-53.936087179629794,-81.76999218767305
20220617,-53.65053656685886,-81.83589577527039
20220620,-53.51710497922731,-82.01847890771593
20220621,-53.30481735644505,-82.1425132800154
20220622,-53.150166460098,-82.28792812975087
20220623,-53.06843225297112,-82.40946635183244
20220624,-52.01665832678037,-82.28354780177717
20220627,-50.61118310615286,-81.9732664798775
20220628,-41.088257156969114,-81.91006783656373
20220629,-33.29797373238971,-81.86934674572268
20220630,-26.921666446429402,-82.13231907824533
20220701,-21.73947671852585,-82.29243349347831
20220704,-17.482630761102346,-82.17581959169196
20220705,-14.01003996272207,-82.19315420817203
20220706,-11.191286563295504,-80.40336270065518
20220707,-8.887273769114216,-78.3513862264358
20220708,-6.999872594682546,-76.65996310297425
20220711,-5.452096725280781,-77.31411282173626
20220712,-4.182483831769608,-79.80288878498212
20220713,-3.143697924188301,-81.77161390463604
20220714,-2.2798273705624412,-83.5838968026523
20220715,-1.5997180475409962,-85.92900859518922
20220718,-1.075694497394822,-87.23649504855973
20220719,-0.6467364964207929,-88.31544359659033
20220720,-0.29710127330720504,-89.2211433993772
20220721,-0.0104861682534159,-89.91825564245794
20220722,0.22600891350120325,-87.95709950039027
20220725,0.43497650818292216,-86.76581775715626
20220726,0.6050759973135249,-85.81240905691476
20220727,0.7465340050466851,-85.03743542340243
20220728,0.8335849405276932,-83.36778781718156
20220729,6.400967544268603,-81.1297614450688
20220801,5.464395151445484,-79.45194375340476
20220802,10.246784602242869,-77.6826166368389
20220803,14.69895615463588,-78.26554304264228
20220804,18.34013409697191,-63.37793886249539
20220805,21.295878123888652,-51.21257851961247
20220808,23.53185202354775,-41.27876439551888
20220809,25.11243952349482,-33.15228144984284
20220810,20.314840713363676,-43.4469312921743
20220811,16.389441763068106,-51.53839448192899
20220812,20.479080977279747,-58.933466643470666
20220815,16.45023962561573,-65.02330563834876
20220816,13.167329644828957,-70.17292997098968
20220817,10.48290022273028,-74.06639288917727
20220818,8.306154298705968,-77.85258578081539
20220819,6.5240354432817504,-62.92136221615696
20220822,5.066891615327185,-70.73817128605437
20220823,3.8747486254523555,-77.10369296858283
20220824,2.90089911500102,-82.24512829523901
20220825,2.0626011940001785,-87.86667300576934
20220826,1.3149960418967719,-70.90397778520772
20220829,0.7229917288004873,-80.58970472802447
20220830,0.23792251762555855,-90.23164405454929
20220831,-8.770662741377498,-97.68290047294126
20220901,-15.805520522441219,-102.16382918096745
20220902,-21.596313724097676,-108.03563190214268
20220905,-26.447163015675496,-110.57281882076445
20220906,-31.821056965088097,-68.5186890431568
20220907,-36.11921562144228,-34.87407177395593
20220908,-20.143394535808547,-27.733708097213082
20220909,-7.68514235951186,-2.200655674980927
20220913,1.3218289262807463,18.776929157020536
20220914,8.768777617109537,35.32610810758236
20220915,14.868861175289524,48.73931211301021
20220916,20.390768742087737,59.89552522144892
20220919,24.91133639277662,68.83647677253056
20220920,20.714775428992198,57.10782347938431
20220921,17.281114440700055,47.510842659579076
20220922,14.473252966983821,59.22043407699833
20220923,20.06468828135205,68.67309056622126
20220926,23.183161634579232,75.45713430703312
20220927,26.02862416982155,81.98698621771703
20220928,28.124994303717266,87.43728955486677
20220929,29.59256716776504,90.9082500218506
20220930,31.10400904696745,95.04694037623523
20221010,32.01341652950482,98.11335567295752
20221011,32.71816791382833,102.14169306986035
20221012,33.24189941026281,105.98437980643203
20221013,33.647071467422975,110.58777739389424
20221014,34.087429385957066,115.98696628886611
20221017,34.377488982623404,119.31394177522894
20221018,35.221914513698735,121.99611117716621
20221019,36.02873063419039,125.55155205078646
20221020,36.67636796268932,128.35070197089993
20221021,37.25686509497221,131.31052708961573
20221024,36.93880335795403,129.07780510255756
20221025,36.66616805708632,127.2641420105641
20221026,36.415014226051646,125.82191481467191
20221027,36.1299009952398,124.65508246491369
20221028,36.0119039842576,123.94939996371214
20221031,37.00930322575418,125.21930313034783
20221101,37.461922315498626,126.20481202317917
20221102,38.18709774849602,127.0885130832825
20221103,38.95469825396988,130.29990832654323
20221104,39.54821134289927,133.24462058837315
20221107,40.12054014086536,134.10455986123856
20221108,40.560867305824765,134.77596390111907
20221109,40.424553632409584,127.3754350622439
20221110,40.49093488349635,121.33521817091096
20221111,40.4663674936315,116.05034118318935
20221114,33.38798523995644,111.23617219094528
20221115,27.040943455319464,107.27445481334568
20221116,21.848386376374034,104.04105320567832
20221117,17.598585123221397,101.95858120484274
20221118,21.205388325610446,100.32787892414439
20221121,24.763417330110062,99.85800157194355
20221122,27.678865598018337,99.42990233503609
20221123,30.09563942855126,99.08026862646523
20221124,32.10247041608959,98.88625451417201
20221125,33.716449658248386,98.74160288118654
20221128,35.18001290863118,98.90215650972686
20221129,28.46697912011443,98.72505497210014
20221130,22.975192567554323,98.47813668355343
20221201,18.511023734022075,98.56840267770767
20221202,14.866799061976819,98.51882868059461
20221205,11.872865241987608,97.49465986701705
20221206,9.446888289790612,95.55408319317529
20221207,7.439672403193298,99.9478560562225
20221208,5.80002360014761,103.27663287108916
20221209,4.461283560736787,83.58741612061995
20221212,3.3392103948335357,67.40059097812184
20221213,-5.291212859028316,54.14114433630592
20221214,-12.365335956782987,43.4075796584656
20221215,-17.51771957593753,34.67768092218249
20221216,-21.623919068314983,27.550176536422242
20221219,-25.180936421062157,21.72736818935939
20221220,-20.899351185367205,16.962704873071818
20221221,-24.10949169406864,13.125950740278595
20221222,-26.72328270313609,9.97839230747196
20221223,-28.831167680773603,7.432059602242596
20221226,-30.58737101127909,5.348759053300238
20221227,-31.99818514904138,3.6386472837472583
20221228,-33.10765576403341,-15.613108569986164
20221229,-34.75807470949403,-31.40920809157504
20221230,-36.39927345147111,-44.429818302489096
20230103,-37.72816052813726,-37.159636062505065
20230104,-39.56188462669538,-52.79352229227823
20230105,-40.14718370154591,-65.56310794892858
20230106,-40.645759808752324,-74.64526696033812
20230109,-32.947798660534794,-80.38716928660368
20230110,-26.6526361107229,-65.0054685291539
20230111,-21.507914644427235,-52.421459555844955
20230112,-17.291273990492694,-42.05219668186504
20230113,-13.823754652775106,-33.497008023886835
20230116,-19.267339638893464,-26.468837042342688
20230117,-23.707414424151928,-20.70392092288148
20230118,-27.340695034541305,-15.99558746038335
20230119,-30.467010280825736,13.189429029457663
20230120,-32.23916246710342,34.96002807022214
20230130,-33.57869169220395,55.25880629795455
20230131,-34.63858384181881,68.98648224879909
20230201,-35.601279515445526,79.86344392851203
20230202,-36.17413102594015,87.80085140802878
20230203,-36.46983250056663,71.09602087883144
20230206,-29.5827802748867,74.82950116897354
20230207,-23.94602584108198,77.79657197808638
20230208,-13.068351794900327,62.984269393444634
20230209,-3.8335087040981266,68.34782566404223
20230210,3.6609119133989583,72.80960656097722
20230213,10.144061765985338,77.43691568068759
20230214,15.516861188132156,81.22125068408663
20230215,20.082815034450395,84.35022987121343
20230216,23.853895181493176,86.91059066404142
20230217,26.94040602398846,88.97860325207463
20230220,22.34039262540512,90.66907705984661
20230221,18.57638550953284,92.34156038493545
20230222,7.7470248655408795,93.53551004849884
20230223,-1.713718386060257,94.66018178112024
20230224,-10.818735321231328,96.84074712906516
20230227,-18.188714143966315,98.61550526167511
20230228,-24.291992548411137,100.68663002287863
20230301,-29.05929892569397,102.6765420123743
20230302,-33.58478154296584,105.89893640464773
20230303,-37.620299932362464,111.70110982856922
20230306,-43.701988399838896,122.51215665281022
20230307,-48.58104812564231,132.1880939321878
20230308,-49.45732219251999,133.0579886395242
20230309,-50.19211468899184,133.88226596944367
20230310,-51.144799360115975,134.88074495970525
20230313,-50.41294480622494,134.4731858952902
20230314,-48.88532078124784,131.2150670890824
20230315,-47.72302757960407,128.89806035653493
20230316,-46.756138569500784,126.04418804406458
20230317,-30.456088074550753,124.1717466453572
20230320,-17.105989844724647,115.53219352457174
20230321,-6.200176168829154,107.89256178379759
20230322,2.7314455127239525,100.37018823927443
20230323,10.073008561589612,94.26276909513716
20230324,16.10325929741618,89.24706806211013
20230327,21.35805484259919,84.95363922714463
20230328,17.152245910392317,81.25641168005771
20230329,13.707533482039889,78.2299055557055
20230330,10.889248056430146,75.80676068013459
20230331,17.115764845149133,73.818001438376
20230403,22.054359274066123,71.51638156218965
20230404,26.132538511452232,69.38126414252268
20230406,21.030624943431008,67.87700524147125
20230407,26.12075535488224,66.65752958004511
20230410,29.817881767310027,65.18373471925278
20230411,33.54402683815274,64.0568051847555
20230412,27.05180777929403,63.27501437616654
20230413,32.104382631854314,62.62911151104752
20230414,36.16617429715936,62.21282420063773
20230417,38.59692432132651,61.44271667960036
20230418,40.35189197768714,63.59022149768091
20230419,41.78514028363166,65.67372331265403
20230420,42.925338111013886,68.7185079982108
20230421,43.591953151886194,71.26475149311402
20230424,44.05030737032973,73.45866694274429
20230425,44.443574463348064,75.06173978087418
20230426,44.77524947160487,76.54862199461482
20230427,45.052260492863475,77.80428817092299
20230428,45.43239322513136,78.35181855454215
20230504,45.2126303538477,76.45002739270335
20230505,45.1205915524548,75.78456964027275
20230508,44.77436048150098,74.77759188352147
20230509,46.022468124532566,74.90566190551635
20230510,47.09095737513084,74.95630069889035
20230511,47.63335998309434,75.72337403754862
20230512,46.20877371509988,76.01246947165575
20230515,45.32725532686423,76.60931117820517
20230516,44.55348860814926,77.04443256041411
20230517,44.29010715603454,77.41827959427859
20230518,44.24051147021389,78.53493339766145
20230519,44.22262189677319,79.45630789925325
20230522,44.19464142557282,80.10568912608049
20230523,44.27879024821158,80.48402971355469
20230524,44.40763685241489,80.82216304230701
20230525,44.42410064871663,81.02171479225832
20230526,44.60126628428386,81.4212938781987
20230529,44.523718785469924,81.84276009581217
20230530,44.46634463065281,82.20036492030495
20230531,43.99005303985574,81.55137184224218
20230601,44.290949086545126,85.94659563093691
20230602,44.68969215192317,89.99817329523749
20230605,44.89749666463253,93.68740569695015
20230606,45.00992006420438,95.9411523739337
20230607,45.16576324345129,97.98170692693509
20230608,45.525680302350516,99.21833111421044
20230609,47.274865849673404,99.78607657779452
20230612,48.566149209712286,100.5043365134499
20230613,50.03544070135373,101.09487029994153
20230614,50.885500958597895,101.32178450212557
20230615,41.26874701046928,100.66220899309263
20230616,33.41159444476141,99.66213547708442
20230619,26.983431820632166,99.00560239080849
20230620,31.100547236768794,98.71086820952817
20230621,33.54804251684488,98.50941358853075
20230626,27.125662031566925,98.5388786029979
20230627,21.873497219041337,98.99498465658691
20230628,17.57293250693028,99.13561006260615
20230629,14.0506938073947,99.33138574898544
20230630,11.152762021514562,102.66503387836373
20230703,0.5801857633768113,105.3063854135014
20230704,-8.244624603410076,107.64920501088422
20230705,-15.849876769169626,112.79353131557829
20230706,-21.81291764381957,118.52795636919525
20230707,-26.22994006738228,123.23342426151301
20230710,-29.716810439528604,128.22652436345442
20230711,-33.92658399895301,136.32319515822374
20230712,-37.39504390788442,110.28978519858339
20230713,-38.73539691235159,89.15936147944178
20230714,-39.92586439727444,71.84945407163173
20230717,-41.43939921584495,57.52624243805359
20230718,-42.94888457801967,45.68558165462813
20230719,-43.93574545666972,36.30795433005989
20230720,-44.77213653082975,28.643180788631202
20230721,-46.503428302672944,22.400434818157123
20230724,-48.249227531092515,17.28607020387366
20230725,-49.60551073340412,13.148235921909842
20230726,-50.84830810325864,9.74367017334641
20230727,-51.88303708964191,6.9600033988917005
20230728,-51.28812313431555,4.770553493699152
20230731,-50.92008718678089,27.170804364808816
20230801,-50.46423751939401,45.28455269017098
20230802,-50.01418525644616,60.07359822359562
20230803,-49.00364258877534,71.51056806904536
20230804,-48.60440654755142,80.91264702492758
20230807,-48.4381033374876,88.6128219042218
20230808,-48.31862768603221,94.90955202403512
20230809,-48.199666865110586,100.04494623522118
20230810,-50.04940426593391,80.88929871025577
20230811,-51.476165372602544,90.71932034495691
20230814,-52.74910905067274,75.20900843859151
20230815,-53.759336483529104,86.7505760506995
20230816,-55.34390179272911,103.56718872326512
20230817,-56.684171006723155,117.34958868021724
20230818,-58.03172167933943,129.92940102064625
20230821,-59.00433135402091,138.5113342650166
20230822,-59.26842776113078,147.29754051595117
20230823,-58.89128375990526,155.17754521727156
20230824,-58.31586887663968,160.20396312134983
20230825,-59.633674957696876,168.77354094642632
20230828,-60.68707657364589,175.89437239201763
20230829,-62.08174197881155,181.83463662200793
20230830,-62.998071356831865,185.96348373598377
20230831,-67.62193862514512,192.15054124089977
20230901,-71.67420010031763,197.1175081204269
20230904,-73.94206607801875,200.23134499927096
20230905,-75.40795153453438,202.8479101814433
20230906,-76.89631551715799,204.4867135238425
20230907,-77.27250131982218,208.82008464679396
20230908,-77.93241522689031,210.562447551662
20230911,-78.32571433622209,211.63659685396712
20230912,-78.5198772787059,212.5570159070533
20230913,-78.6978670542705,213.5668186065136
20230914,-77.46114995648098,208.18685529097033
20230915,-76.68318661168871,202.8895561781697
20230918,-74.77689646894369,196.42402635156995
20230919,-73.54845848902656,190.51600313949163
20230920,-73.32456881689384,185.61244960586362
20230921,-73.56076887751279,181.98120150505957
20230922,-73.04553318741767,180.02510539482245
20230925,-72.5620342052569,178.4472128613734
20230926,-70.93870318153522,176.8480619744742
20230927,-70.1994302846064,171.91441922221546
20230928,-69.24206448323376,161.0742183799597
20231009,-67.458137310714,150.71361161082154
20231010,-66.11089741933368,141.7221878350262
20231011,-65.11485877250267,134.39629517925368
20231012,-63.98750905378665,127.47741512748235
20231013,-51.918077672426065,121.65542463766941
20231016,-42.07225756857797,115.25251521989033
20231017,-34.01246347842509,109.79050410826952
20231018,-27.427068597702807,104.5947200864581
20231019,-22.039983586954932,100.04869324835046
20231020,-17.59851742095051,96.048977488706
20231023,-13.96502820817407,92.93616720284354
20231024,-10.966269784331695,90.5756090381426
20231025,-20.634372051935273,88.7129907721653
20231026,-28.61205465507681,87.05996325894104
20231027,-22.94200466909181,85.72486685840666
20231030,-18.274671995172078,84.64299716697843
20231031,-14.454677061459167,83.76908221878327
20231101,-11.328378446960789,67.96596661267323
20231102,-8.791838542322889,70.5502024975788
20231103,-6.69992134704145,75.38728121815846
20231106,8.892751595191152,80.74855751057481
20231107,21.29341248190725,65.24812298598239
20231108,30.39279195221233,52.59444649505853
20231109,38.128691412442905,42.26542873030776
20231110,44.176540905373145,33.82164440979416
20231113,49.500769038346014,26.811788590647698
20231114,53.504280371543054,43.83229396208019
20231115,54.68169832726289,59.78989570943701
20231116,55.67497932255223,74.16839622521911
20231117,56.47585723020074,91.88070292722276
20231120,56.966543817486375,100.76309861818316
20231121,57.36669037172869,107.99609399345096
20231122,57.73933188145932,113.99146397447291
20231123,58.12245478525855,120.81938245371406
20231124,58.4443587328208,126.44513341686658
20231127,55.916601375929424,127.57740963812732
20231128,53.85694530340633,128.1103691388723
20231129,52.65073137471205,126.86649854209256
20231130,51.72865460934896,125.93308222526574
20231201,51.037595248569154,125.1811961531413
20231204,42.10661183412934,101.63786407135547
20231205,34.748640042444315,100.45594472819958
20231206,28.736095942118713,99.69390537958105
20231207,15.821082561383864,63.542577714712564
20231208,13.250267207227758,33.677176610524434
20231211,18.200115146893562,45.21696504491204
20231212,22.28525997076801,54.62876581334462
20231213,26.21898382704513,62.434977769017905
20231214,28.519590893708138,66.58699438952566
20231215,23.053663006760956,70.02673379884892
20231218,25.981649429151293,74.12828113811405
20231219,28.3750210603002,77.5638349608743
20231220,30.324806588544018,80.4542801741942
20231221,31.91114458688629,82.87955802673673
20231222,33.21209898287245,84.70275067826498
20231225,35.92831779126577,86.82156908687166
20231226,38.11253905291219,88.60813842766291
20231227,39.89743132257559,90.69322148880299
20231228,41.43847395773553,92.37904918509884
20231229,42.439347762948124,93.37639558535267
20240102,43.13953788256904,95.99214581975498
20240103,34.90056768075749,102.51757713442129
20240104,28.18552282199227,107.40782956200097
20240105,22.693311502909168,111.4166613688536
20240108,27.93920618109432,114.58269694568823
20240109,22.439039373579675,119.19924360307301
20240110,17.94118737192781,123.31829506365152
20240111,14.256783846547417,127.00465803056233
20240112,11.06156282264945,146.5110345463652
20240115,-4.810705087066082,159.0762887061356
20240116,-4.483999367936664,169.6461108507199
20240117,-17.031835790928334,171.7959684310588
20240118,-14.472528675692093,173.4841556434336
20240119,-12.391409893966655,174.08256307919362
20240122,-10.590018871277694,175.909259433436
20240123,2.2003951530355286,178.01505583935727
20240124,12.708303585449936,179.89739514439302
20240125,21.10647352292959,181.30274751197038
20240126,27.89377311856097,181.33883321150014
20240129,33.94429711843629,182.13822068267402
20240130,39.090469751457825,183.9532430012694
20240131,43.55495944081429,185.30248799484616
20240201,48.58817478328747,187.23237429182743
20240202,52.787070349524626,187.56510224986334
20240205,55.3147269685655,184.26620417837452
20240206,57.30981373719063,181.53531527358479
20240207,58.84229392142333,179.17354896194965
20240208,59.93608400998196,176.81478026584242
20240219,59.44283546528408,172.95968000962768
20240220,59.47420029156777,171.72944872399995
20240221,59.497406577481954,170.71929666223718
20240222,59.776840754459855,173.88195264104516
20240223,59.783472380395644,176.34617910498247
20240226,59.73536383089406,176.99784502184383
20240227,62.517866690251395,178.36347976062396
20240228,65.23599296697071,179.46874042371056
20240229,67.59445620016557,180.46816840450313
20240301,69.49952328886721,181.7470774565307
20240304,70.40351677069745,175.20998109662068
20240305,69.4231958771066,165.54798583738076
20240306,68.69351582391822,157.09905690699338
20240307,68.11240605287465,148.87170025839325
20240308,67.74633218304932,142.09723348627034
20240311,67.42347391758825,136.56145663011725
20240312,68.34435890705922,133.16755776851593
20240313,69.34572045059379,130.28113725602338
20240314,68.96443678642146,127.90511886729932
20240315,68.60161229307067,125.93862876841301
20240318,69.5815719401308,102.22833988491156
20240319,70.41257979250189,104.27371885087612
20240320,71.09018328293328,106.02441313441511
20240321,69.60915124925226,103.71816323321374
20240322,66.31094282197485,101.22305323820453
20240325,63.60492573653347,99.20646582745192
20240326,61.49455249918786,97.64056416324873
20240327,59.83901049144112,79.2291937914132
20240328,58.480096738816144,64.16721116262732
20240329,57.22908249481165,51.938089077890496
20240401,56.30568867612948,41.914961522842816
20240402,56.05388083095394,49.48576131303055
20240403,54.349525120724806,55.17406649790647
20240408,51.22343190640247,57.81575830442902
20240409,48.67473893989856,60.04321386386701
20240410,46.63562273834632,61.85910748196715
20240411,44.891367756057086,63.07619557932362
20240412,42.85825641193918,62.576670918992946
20240415,41.18896288539284,61.44012939992195
20240416,39.680829683753636,60.518659188684026
20240417,38.48520355173774,60.19400347541974
20240418,37.57324475047061,59.7127758964827
20240419,36.77591583191959,59.3739208832472
20240422,35.656083749630874,58.449742504894395
20240423,34.784606070096764,56.522698581203535
20240424,34.02424212080325,54.8612798185159
20240425,33.38929381493751,53.4752074483423
20240426,32.871535779138576,52.31728206828894
20240429,32.336854838618116,51.27987734102775
20240430,31.839193228566593,50.922703317772594
20240506,31.430163938534225,50.560729872829974
20240507,31.107395201496665,41.72084425671893
20240508,31.215984936515316,34.496458668816
20240509,32.57851325034983,28.631738565708645
20240510,32.94918839556982,23.788159981263878
20240513,33.12423773687643,10.394368393793107
20240514,33.28936208143785,8.865139151598717
20240515,34.60026847915582,-3.287733249847304
20240516,35.13076328388503,-2.2700359324796313
20240517,35.60360490762481,8.805493180155642
20240520,33.992784032043524,7.576554290482816
20240521,32.67336598397821,6.5625384481272935
20240522,31.59639949188178,-3.8202995273057856
20240523,30.42324566637701,-2.77727968821009
20240524,29.69732738470199,-2.655130482915983
20240527,29.12333070020027,-12.043642587078121
20240528,28.600397251324786,-19.730889924656104
20240529,28.065423671997543,-26.05184644066486
20240530,27.38687480150237,-31.085874324308428
20240531,26.87033119478251,-35.18765276048089
20240603,26.16047399107741,-38.43413303511422
20240604,25.56515706248593,-40.97845044124418
20240605,24.806744326147243,-43.01632486216882
20240606,24.090687056165304,-44.32951940775997
20240607,23.576763961393866,-46.479188036308024
20240611,22.68948543914015,-46.63753202218755
20240612,21.95897027185155,-38.49830919756969
20240613,21.36006496173057,-40.1737790892515
20240614,20.914569644492385,-33.22037829030905
20240617,20.555801492235638,-27.5309204003994
20240618,20.87178516123089,-22.926509154800122
20240619,21.130109016960116,-19.16352695946887
20240620,21.222434056925405,-16.076638706674732
20240621,21.6119240561644,-13.603052904393628
20240624,21.820219767648513,-11.562172634642433
20240625,22.011688349235733,-20.361898684034998
20240626,22.24054085732435,-17.088773188728858
20240627,22.642787910432478,-14.414344163452698
20240628,23.02394108278237,-12.219707888005798
20240701,23.336251309467308,-10.42689989298944
20240702,23.78069175769912,2.511885256144504
20240703,24.087397113487512,13.20897950052574
20240704,24.695467518847668,11.250388046211299
20240705,25.477194540917203,21.117231870853377
20240708,20.629297496335507,17.749991533102577
20240709,25.235466884936685,15.274954215627561
20240710,29.007209180260233,13.256966123516648
20240711,32.105277545054896,29.897071716368192
20240712,34.491730635348425,43.31149453513605
20240715,36.40311980909812,36.182743178424566
20240716,37.998935356260795,47.15657362058892
20240717,30.76552949882636,39.244019874004586
20240718,34.329631373329356,49.1429142973058
20240719,35.57155771859281,52.369011263006705
20240722,28.78401669202353,56.13878144759186
20240723,23.232815360320966,59.05304387123798
20240724,11.169610533986262,61.10756208517949
20240725,3.59578767333902,60.68635903652471
20240726,-2.7537095814128216,60.635345461847464
20240729,-7.899177992172622,60.48129642211221
20240730,-12.15645474312453,60.35770315172373
20240731,-10.172145769472651,60.19966446415468
20240801,-14.007244843127255,59.97078006811319
20240802,-11.688658126050223,59.73695796389968
20240805,-4.0773914112033625,58.20852180342504
20240806,-8.364032991979832,56.807872116229795
20240807,-11.81395666636561,55.67850611860123
20240808,-14.690563191485687,54.78526179944333
20240809,-16.83388050469588,53.98275638849541
20240812,-18.468237593462202,53.205436153750284
20240813,-19.84369662677769,52.70526747935332
20240814,-20.959070939822077,52.55406691602895
20240815,-12.435410685077422,52.43024677158431
20240816,-5.239940585410395,53.88477839041466
20240819,0.5147506922283362,54.80437355585148
20240820,5.191099304817262,55.64988651916109
20240821,9.142390302799484,56.7134742608667
20240822,13.839422388735933,60.232795255149526
20240823,17.673054744224334,62.994881672820036
20240826,20.56790745639522,65.29715309488479
20240827,22.95124826715228,67.16921005908168
20240828,24.954437188335305,68.91259352893661
20240829,26.619795899659504,70.6816779950593
20240830,27.977801461674467,72.28254229073349
20240902,28.944654351934318,80.27191665429825
20240903,31.308312910778078,90.19190021284894
20240904,32.778570316018765,96.49066579249013
20240905,33.983980436275715,100.9315270567576
20240906,35.026481180691846,105.68388643474597
20240909,35.13256997706798,109.07667846282641
20240910,35.150179481011165,111.92659014167465
20240911,34.999503157436884,113.96281226274564
20240912,34.88403505381182,115.7074211849292
20240913,34.238054347258704,113.64759752056982
20240918,33.904721933508995,113.32717841288198
20240919,33.71340857205006,112.97119300149524
20240920,33.521022985213726,110.99464544034882
20240923,33.349859857835625,109.10142886585047
20240924,33.18438412977592,107.74442668724153
20240925,32.87391776109123,106.53796650601348
20240926,32.5998800879211,105.59480406099011
20240927,32.524031478644325,104.87059323441783
20240930,32.408102575781875,103.81240281003214
20241008,32.20867444094333,103.02130903520327
20241009,32.448982975923116,100.66778237814466
20241010,32.645502333150276,98.70046113258896
20241011,32.97034290953421,97.00292804572112
20241014,33.20126422611951,95.28533988428065
20241015,33.42817882106538,93.85253249820937
20241016,34.52938119491505,92.67565435192861
20241017,35.27300141565361,91.83421363181293
20241018,35.972924976265915,90.99504647912602
20241021,35.17713449512688,90.11836044231099
20241022,34.91364365332561,90.41485965965053
20241023,34.693823813565245,90.8452262917745
20241024,34.32871057260587,90.05762513722463
20241025,33.933819728697614,89.97203268328077
20241028,33.67571167485274,90.13384374715397
20241029,33.46527591889498,90.15898433061837
20241030,33.67153473073699,89.77615513913473
20241031,33.58713713119497,88.95932695646309
20241101,33.26221178209792,87.31942806305601
20241104,33.03405106107619,85.72667563772895
20241105,32.975069553278765,84.4384724377344
20241106,32.838134834404094,85.04790329304184
20241107,32.66633734056695,82.35262213915111
20241108,32.6826625295689,80.45939678769616
20241111,32.75585891784152,79.28035819601874
20241112,32.51429832795434,77.00186529804353
20241113,32.47829413412309,75.95512852532734
20241114,32.22191204675057,73.93032226780701
20241115,32.00100781830408,72.6009348426658
20241118,33.816342910486775,71.35030843798503
20241119,34.93273607522093,69.40134390151461
20241120,35.86037340897562,67.93077091266501
20241121,36.57828412447895,66.42534289308793
20241122,37.22274792661849,64.75786667866461
20241125,37.65573668204231,62.992331987674866
20241126,38.11987350900879,61.42646936053924
20241127,38.41220153893041,60.22498528068251
20241128,38.70366506849204,59.23336020206988
20241129,38.76081284236276,58.31868537672533
20241202,38.75996216091221,57.513099172382894
20241203,38.18655504584545,56.63085399473003
20241204,38.155829848735166,55.907893981106874
20241205,38.21436649784315,56.200026852436835
20241206,38.30042992466734,56.50440078100304
20241209,38.37961624947966,56.68834141845303
20241210,38.95116530808141,57.61573277787562
20241211,39.52805235963969,58.23810466541392
20241212,40.813345499044004,60.267109232787185
20241213,40.97696858357432,61.374062665146916
20241216,41.17634321100343,62.21018535245781
20241217,41.62364668359669,63.73555593071441
20241218,42.03610014884558,64.97289089194636
20241219,41.912325532253945,66.33482999248676
20241220,41.783968989902135,68.45683584487472
20241223,41.596107951008086,70.62641755329017
20241224,41.48546793258584,73.7024004287642
20241225,41.48101912877809,76.90439335276595
20241226,41.81436028615305,79.84549209486939
20241227,42.64385729735979,83.1218740649697
20241230,43.50667500354569,86.65015552260783
20241231,45.37646722619996,91.01880348745426
20250102,46.13789569838326,93.73289730109303
20250103,46.75212239290109,95.12208007999119
20250106,47.24734035616048,96.146053373417
20250107,47.24764921372296,97.26531238494367
20250108,47.680740045683734,98.07187279898538
20250109,48.021532510289695,99.37213369028913
20250110,48.51595171584464,100.5508670316154
20250113,50.38852589609787,103.07546589534599
20250114,50.876292795404446,105.68101280307505
20250115,51.04755759022338,107.5738242615281
20250116,50.3413553642742,109.14618799631586
20250117,50.88964302035343,112.71624022852191
20250120,51.341660425222024,115.37537673757424
20250121,52.337565318939475,119.61844724429756
20250122,53.1463333757852,122.54918869041073
20250123,53.43353016855477,124.92249869425586
20250124,53.58227792220189,126.75119112183985
20250127,53.395876054128834,127.75640546926493
20250205,50.328441698406984,117.31696117373973
20250206,47.886559756089625,108.61203600913731
20250207,46.06022033237952,101.54478491573123
20250210,44.56341007424692,95.42348689993335
20250211,43.234096992102664,90.62426658115712
20250212,42.2794995510136,86.28438104694182
20250213,41.47316945396436,82.73305803801172
20250214,40.3919890737377,79.83054636740763
20250217,39.01688588191229,76.16160144529283
20250218,37.89375479112752,73.08650725996186
20250219,37.29895159012858,70.92985854259213
20250220,36.84081636348626,69.1658459847209
20250221,36.69692051071167,67.32761166473237
20250224,36.598350337289375,65.82244770129137
20250225,36.51014444827065,64.60989068607304
20250226,36.29767039735755,63.26115629405648
20250227,36.12774382924457,62.15806063573397
20250228,36.0494150350274,61.03844936648933
20250303,36.00213257800068,60.13061080468594
20250304,36.0508956765685,59.38195216728533
20250305,39.26485388828276,63.00657139720126
20250306,41.85137347888513,66.02250193875132
20250307,43.9705543779695,68.45813257346262
20250310,45.70443477585325,71.70227809378383
20250311,47.24971322272242,74.95789659655625
20250312,48.355196245912154,77.89101543751012
20250313,49.248952815311334,79.99218158095027
20250314,49.999918185159004,80.1336610971356
20250317,53.06742551700035,82.88862252303608
20250318,55.70890526009055,85.37962498630414
20250319,57.982173701637,87.03401334929299
20250320,59.78087215300138,88.42031673425126
20250321,60.162455226706946,90.12206503814828
20250324,60.439254636763664,91.50305884753247
20250325,60.96548328307933,92.6351777188566
20250326,61.788485558125714,95.11290247719509
20250327,62.48581222891555,97.63195540975738
20250328,62.77860635866484,98.09768465473286
20250331,62.95149191821615,98.15303938414495
20250401,62.65989565421574,97.98711709386988
20250402,62.33846298242084,97.4187020338214
20250403,61.54191490527027,97.20667203795395
20250407,55.57151501334992,91.10824977724552
20250408,50.652361556024815,86.11373512115001
20250409,46.60115422325047,82.00062875175303
20250410,43.078864227761336,77.65283001374418
20250411,40.21698970400148,73.73732468532155
20250414,38.03763519486704,70.76585662125414
20250415,36.22909953560343,68.32955750217857
20250416,34.72272999604344,65.66971744023525
20250417,33.47361256935078,63.492312619107146
20250418,32.452112897861745,61.71647267371348
20250421,31.67070843658676,60.22961503362398
20250422,31.01496678663618,58.01242461494919
20250423,30.475526373466113,53.209617763564516
20250424,30.05197355828425,49.27395429958835
20250425,29.704895361022572,46.002908212222415
20250428,29.468449266952664,43.31778087964544
20250429,29.25892948385019,41.131319911877185
20250430,29.101263364691654,39.31971793713527
20250506,28.957691609524417,37.76826534249771
20250507,28.89144557665169,36.49763614238924
20250508,33.851017427258334,35.725770091319184
20250509,37.89336181757259,35.07297393193844
20250512,41.23750761603124,34.32786742464241
20250513,45.958002397486695,33.85305765298618
20250514,49.61818401650475,33.5439806331737
20250515,51.575937750260564,33.005584629246236
20250516,52.98365452901993,32.45849923835959
20250519,54.34405652308843,32.200850337235565
20250520,55.52052829148607,32.04348641034459
20250521,55.058234314109924,31.51149416449106
20250522,54.86913161766003,31.191142460129097
20250523,54.84064636045977,25.286531241396627
20250526,54.82634755786025,20.37407250139091
20250527,55.000161540442804,16.351311148109332
20250528,55.14235454564382,13.058968561038812
20250529,55.69315785171283,10.366170090111272
20250530,56.22463400896891,8.165564936955997
20250603,55.07761606535491,6.373187850452515
20250604,44.70168667798572,4.890655704320169
20250605,36.21225102430197,3.6742594333217546
20250606,37.20230996156863,11.538428199009244
20250609,38.0297027865526,9.10709482212588
20250610,38.68079728843804,7.094946287643864
20250611,39.23327583442147,14.836109194867019
20250612,39.615275536459436,21.17705912718694
20250613,40.63953464956137,16.892434299107688
20250616,32.92209329353093,13.370517105816996
20250617,35.19404778705322,10.503388125945563
20250618,28.47130454134833,19.620218079404783
20250619,22.990873286795075,15.439932620804457
20250620,18.521647525020143,12.022607993593232
20250623,14.866289613510302,9.230350041785659
20250624,11.876881715985203,6.982303700798644
20250625,17.010464739554507,5.131204102616767
20250626,21.19648117309631,18.83891231539411
20250627,17.053763761126636,29.93612016247155
20250630,21.205577774005327,39.696451401284975
20250701,25.238026882321684,48.454393446806556
20250702,28.452290000498966,55.6191139927373
20250703,30.69381679816466,61.084416178064785
20250704,34.95263163159988,65.35456083348404
20250707,38.454105990654554,69.34686288802529
20250708,41.252478796067436,72.25727787776734
20250709,43.47212853037777,73.72631210253842
20250710,45.46370524162103,75.11259679767187
20250711,46.8045500898609,77.54034259959657
20250714,47.457646338132484,78.5132761194763
20250715,47.99440981123662,79.87186202162347
20250716,48.94972605200316,80.84340864158257
20250717,51.434837157180695,81.82501617020857
20250718,54.659087724911494,82.69471961855756
20250721,57.63479881860465,83.20122213953769
20250722,59.80883549980155,84.89559580977068
20250723,61.511868465380246,85.47633980713111
20250724,62.12710142074951,83.5846559554772
20250725,62.65443700000217,82.79234512526456
20250728,61.76173198112537,82.07469636081488
20250729,61.016387660118056,82.17884204066728
20250730,60.61485334899208,82.18821313551678
20250731,60.271117682883265,82.44904620938823
20250801,59.75020690941829,82.83597351566765
20250804,59.00186519582137,82.2130172072184
20250805,58.43483040817012,81.92440581113974
20250806,57.836222363178024,82.96242719888468
20250807,57.256123452427225,84.32278959973358
20250808,57.096692980738055,85.36940979181112
20250811,57.605253215682495,85.98380727193093
20250812,58.0157612676617,86.33686981303518
20250813,58.14957868751528,86.77902391318571
20250814,58.24685428006349,87.1328088771638
20250815,58.46162559477065,87.30092873196672
20250818,58.53932130965304,87.72615883785605
20250819,58.985387131897234,88.17944839891966
20250820,59.21293075122749,89.84314139922006
20250821,59.02791346805417,95.90264306516882
20250822,58.83568679571242,100.82613692505565
20250825,58.398532850030605,103.84952787955416
20250826,57.99583802615437,106.72837113228725
20250827,57.58647935134031,109.21520628233395
20250828,58.34185681678999,111.79160863134024
20250829,59.448141266778954,113.84893484789706
20250901,57.39284781461214,112.60833517510527
20250902,55.71033925638774,111.3799683170515
20250903,54.407541619047116,90.43358169571488
20250904,53.28038493812464,73.30277116473295
20250905,52.356022251514545,77.33100916644214
20250908,51.74726218307917,82.05355629595729
20250909,51.302355543784934,85.0033285272704
20250910,50.964702962921336,87.1606672376813
20250911,50.70871607336299,88.38904068239744
20250912,50.08538118169299,89.95860648624418
20250915,40.63944042945072,90.75800016907431
20250916,32.9038896706121,91.12984626501462
20250917,26.58479303634026,90.48541884962508
20250918,21.42023871836666,88.02325747312442
20250919,17.19960214956935,86.18181161990728
20250922,13.771997943159825,83.46939323413974
20250923,10.964577748159313,81.0800407561008
20250924,8.663281965875484,79.21579053250736
20250925,6.780825863026413,77.21337368854557
20250926,5.248958494367089,75.56004855146942
20250929,3.9651073905405316,74.87217023460822
20250930,2.917288467147674,74.19087698507857
20251009,2.071701995083963,69.51742412051725
20251010,1.3826970101194949,65.25644900063885
20251013,0.856785359266499,61.173818601202065
20251014,0.42646153106156404,57.80761687865848
20251015,0.09423752305757552,54.86294172538812
20251016,-6.456158085397518,52.520223663023366
20251017,-11.835201325488349,50.13334668806841
20251020,-15.14134920068818,47.262684604040835
20251021,-17.877106605845448,44.845271728928104
20251022,-19.594858832893514,41.9160790730933
20251023,-21.198961594627182,39.4947565234967
20251024,-22.4908550338539,37.59275324472046
20251027,-23.560359129017684,30.549539205321597
20251028,-24.32082107893575,29.857206764541424
20251029,-24.81519094184625,29.2908302566346
20251030,-20.10966271469246,28.827580311491094
20251031,-21.29925028807374,28.45975580443703
20251103,-22.340343991583214,28.157585182474506
20251104,-18.08127815971096,27.898697254941695
20251105,-9.822830975806074,27.68719198657132
20251106,-2.979233237599332,28.08082292129092
20251107,2.6422838374766973,28.47691338466599
20251110,7.606794116897515,29.010984300153947
20251111,11.614463020926657,29.43335087840476
20251112,15.310425693496285,29.991560859597552
20251113,17.740161223274647,30.3528015781829
20251114,19.699577110899014,31.25344225961374
20251117,21.442568298169892,32.12608418398289
20251118,22.751932665804144,33.29152108943165
20251119,23.791025052658767,35.18298896186615
20251120,24.60725091798939,36.8250580752132
20251121,25.03341045687241,38.10407188790499
20251124,25.364255237564755,39.147442635084694
20251125,25.785406610029188,41.45440242740651
20251126,26.261840098443724,43.46705655039232
20251127,26.582026462734735,45.110664739361496
20251128,26.847621475581317,46.55359862440137
20251201,26.723206035911804,47.61564501734133
20251202,26.802390902185532,48.56583349078501
20251203,26.874481279344476,49.378191481868754
20251204,26.832363973030688,50.01623881961969
20251205,26.7716068819742,50.47459729100262
20251208,26.744581701508483,51.23279896999504
20251209,26.680410195981743,52.094658017129426
20251210,26.163121778084133,52.7746244328847
20251211,25.96174940084207,53.94082130366642
20251212,25.87058364819846,54.630649285049316
20251215,26.246312201118066,57.060910275283696
20251216,26.720091083503014,59.02986510664665
20251217,26.721718880750885,61.98383646211084
20251218,26.795387559116765,64.67939448350444
20251219,27.274996094321185,67.69587661047476
20251222,27.22734007017679,68.2965868943137
20251223,27.219681608553497,69.25275565206009
20251224,26.60836349198804,70.04167080784447
20251225,25.966177952472353,70.31040279232172
20251226,25.25646849763406,70.51712625154222
20251229,24.69032254685164,70.29253820964051
20251230,24.17811789430533,68.30149832443537
20251231,23.214038811108225,66.4986324477953
20260105,22.238937346633957,64.46200778241929
20260106,21.278819800930904,62.73566796741818
20260107,20.466968056917192,61.224166507063174
20260108,19.628643809778904,60.16923226171692
20260109,19.034854419692437,59.24105918369849
20260112,18.097304184127534,57.93655778360912
20260113,17.32397902750877,47.01949639731624
20260114,14.07842793935274,38.087162845667834
20260115,13.938510895026393,30.766406108642286
20260116,13.837886228905619,24.77648875534984
20260119,13.764338420171137,29.932420767046594
20260120,13.711206189029046,34.15076843448986
20260121,13.695512803532782,36.9243769617129
20260122,13.680193228682198,39.229456857262235
20260123,13.672322276932434,40.46592859824062
20260126,13.554902350967126,41.18240276475056
20260127,13.47610079965502,41.767125533255175
20260128,13.436775685441887,41.82024760863655
20260129,13.403461050803793,41.18568637173196
20260130,13.166801244979323,38.29615701293521
20260202,12.685792607756197,34.136394646015866
20260203,12.05564283320508,30.464941087474838
20260204,11.471346588935816,27.417983689877317
20260205,10.844789771251044,24.87935390263726
20260206,10.294350027959307,22.7905339283295
20260209,9.854994456340595,21.064372271765848
20260210,9.489781457611409,19.64971698937779
20260211,9.229927624300384,18.493752197926817
20260212,9.016124407743137,17.548905269133684
20260213,8.831594459868256,16.766410900022752
20260224,8.585762516320784,16.100397465484885
20260225,8.380327923770231,15.554976978241964
20260226,8.209550807797143,15.126640539622324
20260227,8.068422901098486,14.77789344689366
20260302,7.95860212481175,14.462108001770792
20260303,7.849063818448094,14.208913166703935
20260304,7.770614033557706,13.98184167590309
20260305,7.716434982584023,13.826439788951726
20260306,7.69721473936077,13.791561981340873
20260309,7.722354197557838,13.932956007885494
20260310,7.791873384233061,15.356637159793218
20260311,7.996201351740845,17.796593123608126
20260312,8.250753997702168,20.43806616581355
20260313,8.67469050543237,23.005713213628976
20260316,9.097960453353215,25.12989187123673
20260317,9.678755194346216,27.51902710076348
20260318,10.167341012060454,29.48237523983352
20260319,10.387635584274207,30.01918482251779
20260320,10.56573191501942,30.313726513930312
20260323,10.504350219299841,28.74251248313687
20260324,10.530572441895382,27.42300420730933
20260325,10.503480842720561,26.142432622353127
20260326,10.473545685782248,25.081250075492445
20260327,10.460716849761106,24.21027888097435
20260330,10.525335535382595,23.7324272897954
20260331,10.757063504196523,23.324037844631167
20260401,10.899351293850035,22.855677371340843
20260402,10.943485002841125,22.414426073574386
20260403,10.976386850666167,22.033747064969692
20260407,11.002238623751547,21.72021717428491
20260408,11.013797893148153,21.379759031242983
20260409,11.008677537331362,21.081596357767754
20260410,10.991700506049474,20.825210104005524
20260413,11.013888214459083,20.62447175388685
20260414,11.008288396195262,20.454161685089318
20260415,10.99754869086907,20.30903973570075
20260416,10.987816693718898,20.187560434048596
20260417,11.180596660938338,20.3019061306522
20260420,11.3526488484933,20.454909090402715
20260421,12.084734242806588,22.951434258520816
20260422,13.281729562450268,25.709700126957205
20260423,14.412477317760068,28.692208953015985
20260424,15.389174296802604,31.429055098784605
20260427,16.160762215494366,33.64083384842346
20260428,16.632719953863184,35.347580486584555
20260429,17.063853690093694,36.66690702361735
20260430,17.605518932290472,39.14783150180457
20260506,18.46116801694065,42.305336976144105
20260507,14.948072750974122,44.74121349289773
20260508,16.153098790433283,46.715917313285765
20260511,17.629617705950007,50.195355120374984
20260512,18.95132983298215,54.439913530734295
20260513,19.996565527232665,58.20047412076294
20260514,16.180692678526025,61.366074705548755
20260515,13.107827937634738,62.07238535606226
20260518,10.595641188450315,62.8549192756211
20260519,8.539074179711646,63.60550500752329
20260520,10.275156552633772,63.71753808401583
20260521,11.716185539783373,63.39096376193957
20260522,9.456063587505833,63.09079290847257
20260525,7.607865682409512,62.65540075612099
20260526,6.093564947448314,62.46038179030504
20260527,4.85388379952868,62.136452769268175
20260528,3.8399334084792125,61.15165221204882
20260529,3.0087631143383486,58.78574081425176
20260601,2.329169013436,56.92688705427804
20260602,5.216336273009375,55.34472751411798
20260603,7.644085596903025,54.14424194712644
20260604,9.737334883065007,53.49966541890239
20260605,11.494875501764323,52.97176310705907
20260608,12.574697015213138,51.45288017650728
20260609,13.616389762567476,50.173215863064094
20260610,14.473546799812642,48.55508771882486
20260611,15.206555950117242,46.91115330942215
20260612,16.42831675113458,45.37021536812213
20260615,17.038184022216626,43.38882196347359
20260616,17.545484158771046,41.7526979276809
20260617,17.94745845705217,40.49671896636836
20260618,18.247879613146306,39.53634014814363
20260622,18.52011445884313,38.56186147834668
20260623,18.508155901336238,37.68629278151799
20260624,18.495904825720235,36.965840345752504
20260625,18.20062789355852,36.177155573481286
20260626,17.86997900117906,35.53037918349859
20260629,17.69659385066571,35.53370568913594
20260630,17.527289230394267,35.53089413371823
20260701,17.441043108517313,35.59823619137463
