index,ts_code,trade_date,pre_close,pre_settle,open,high,low,close,settle,change1,change2,vol,amount,oi,oi_chg,mapping_ts_code,pre_main_close
0,T.CFX,20150320,,96.15,96.9,97.96,96.53,97.09,97.05,0.94,0.9,3332.0,323005.09,817.0,,T1509.CFX,
1,T.CFX,20150323,97.09,97.05,97.095,97.095,96.84,97.02,96.96,-0.03,-0.09,1386.0,134432.91,1682.0,,T1509.CFX,
2,T.CFX,20150324,97.02,96.96,97.135,97.22,96.875,96.92,96.91,-0.04,-0.05,1380.0,133914.0,2102.0,,T1509.CFX,
3,T.CFX,20150325,96.92,96.91,97.02,97.03,96.76,96.85,96.84,-0.06,-0.07,1234.0,119573.68,2484.0,,T1509.CFX,
4,T.CFX,20150326,96.85,96.84,96.835,96.89,96.37,96.37,96.42,-0.47,-0.42,1073.0,103614.455,3014.0,,T1509.CFX,
5,T.CFX,20150327,96.37,96.42,96.3,96.51,95.98,96.49,96.375,0.07,-0.045,1792.0,172559.72,3577.0,,T1509.CFX,
6,T.CFX,20150330,96.49,96.375,96.065,96.4,96.0,96.16,96.09,-0.215,-0.285,1153.0,110858.29,3869.0,,T1509.CFX,
7,T.CFX,20150331,96.16,96.09,95.8,95.9,95.565,95.65,95.71,-0.44,-0.38,2327.0,222681.59,4666.0,,T1509.CFX,
8,T.CFX,20150401,95.65,95.71,95.66,96.095,95.655,96.095,95.99,0.385,0.28,673.0,64562.6,4551.0,,T1509.CFX,
9,T.CFX,20150402,96.095,95.99,96.3,96.425,96.2,96.32,96.29,0.33,0.3,1011.0,97366.585,4613.0,,T1509.CFX,
10,T.CFX,20150403,96.32,96.29,96.315,96.375,96.005,96.01,96.09,-0.28,-0.2,1099.0,105745.555,5095.0,,T1509.CFX,
11,T.CFX,20150407,96.01,96.09,96.005,96.31,95.8,95.93,95.98,-0.16,-0.11,831.0,79814.44,5425.0,,T1509.CFX,
12,T.CFX,20150408,95.93,95.98,96.0,96.1,95.13,95.16,95.23,-0.82,-0.75,2904.0,277330.105,6620.0,,T1509.CFX,
13,T.CFX,20150409,95.16,95.23,95.3,95.4,95.195,95.265,95.24,0.035,0.01,1389.0,132350.86,7335.0,,T1509.CFX,
14,T.CFX,20150410,95.265,95.24,95.35,95.415,95.17,95.19,95.21,-0.05,-0.03,1073.0,102223.095,7739.0,,T1509.CFX,
15,T.CFX,20150413,95.19,95.21,95.18,95.68,95.18,95.63,95.62,0.42,0.41,1895.0,180966.41,8872.0,,T1509.CFX,
16,T.CFX,20150414,95.63,95.62,95.7,96.0,95.53,95.57,95.73,-0.05,0.11,1718.0,164669.415,9475.0,,T1509.CFX,
17,T.CFX,20150415,95.57,95.73,95.9,96.285,95.775,96.15,96.04,0.42,0.31,2148.0,206154.845,9687.0,,T1509.CFX,
18,T.CFX,20150416,96.15,96.04,96.735,96.735,95.86,96.18,96.175,0.14,0.135,1436.0,138175.13,10198.0,,T1509.CFX,
19,T.CFX,20150417,96.18,96.175,96.19,96.5,96.05,96.3,96.285,0.125,0.11,1613.0,155172.0,10810.0,,T1509.CFX,
20,T.CFX,20150420,96.3,96.285,97.1,97.275,96.67,97.25,97.205,0.965,0.92,3213.0,311523.195,11137.0,,T1509.CFX,
21,T.CFX,20150421,97.25,97.205,97.295,97.95,97.26,97.39,97.48,0.185,0.275,4962.0,484311.86,12128.0,,T1509.CFX,
22,T.CFX,20150422,97.39,97.48,97.4,97.615,97.31,97.42,97.46,-0.06,-0.02,2962.0,288618.03,12669.0,,T1509.CFX,
23,T.CFX,20150423,97.42,97.46,97.365,97.455,96.945,97.34,97.275,-0.12,-0.185,2288.0,222439.09,13218.0,,T1509.CFX,
24,T.CFX,20150424,97.34,97.275,97.22,97.255,96.82,97.03,97.005,-0.245,-0.27,2110.0,204724.125,13506.0,,T1509.CFX,
25,T.CFX,20150427,97.03,97.005,97.08,97.85,97.08,97.76,97.765,0.755,0.76,3257.0,317737.565,14681.0,,T1509.CFX,
26,T.CFX,20150428,97.76,97.765,97.6,97.84,97.58,97.74,97.71,-0.025,-0.055,1621.0,158390.01,15058.0,,T1509.CFX,
27,T.CFX,20150429,97.74,97.71,97.67,97.775,97.52,97.69,97.7,-0.02,-0.01,2235.0,218295.48,16039.0,,T1509.CFX,
28,T.CFX,20150430,97.69,97.7,97.695,98.1,97.695,97.955,98.025,0.255,0.325,3925.0,384356.645,17454.0,,T1509.CFX,
29,T.CFX,20150504,97.955,98.025,97.91,97.91,97.54,97.6,97.62,-0.425,-0.405,2688.0,262539.155,17952.0,,T1509.CFX,
30,T.CFX,20150505,97.6,97.62,97.51,97.675,97.485,97.505,97.525,-0.115,-0.095,3812.0,371963.32,19543.0,,T1509.CFX,
31,T.CFX,20150506,97.505,97.525,97.42,97.47,97.065,97.155,97.195,-0.37,-0.33,5874.0,571354.305,21544.0,,T1509.CFX,
32,T.CFX,20150507,97.155,97.195,97.145,97.37,97.095,97.2,97.195,0.005,0.0,3897.0,378916.65,22735.0,,T1509.CFX,
33,T.CFX,20150508,97.2,97.195,97.3,97.615,97.29,97.45,97.515,0.255,0.32,3756.0,366040.005,23303.0,,T1509.CFX,
34,T.CFX,20150511,97.45,97.515,97.41,97.5,96.5,97.32,97.365,-0.195,-0.15,4854.0,471691.48,23226.0,,T1509.CFX,
35,T.CFX,20150512,97.32,97.365,97.31,97.46,96.88,96.99,96.985,-0.375,-0.38,3199.0,310945.605,23315.0,,T1509.CFX,
36,T.CFX,20150513,96.99,96.985,97.02,97.35,96.965,97.225,97.275,0.24,0.29,4272.0,415117.625,24375.0,,T1509.CFX,
37,T.CFX,20150514,97.225,97.275,97.42,97.53,97.005,97.1,97.12,-0.175,-0.155,3794.0,369295.1,25138.0,,T1509.CFX,
38,T.CFX,20150515,97.1,97.12,97.15,97.345,97.125,97.185,97.16,0.065,0.04,2400.0,233293.475,25022.0,,T1509.CFX,
39,T.CFX,20150518,97.185,97.16,97.2,97.29,96.675,96.705,96.845,-0.455,-0.315,5051.0,489649.55,25123.0,,T1509.CFX,
40,T.CFX,20150519,96.705,96.845,96.695,96.84,96.475,96.56,96.555,-0.285,-0.29,3680.0,355597.975,25012.0,,T1509.CFX,
41,T.CFX,20150520,96.56,96.555,96.565,96.915,96.55,96.88,96.85,0.325,0.295,2667.0,258142.22,25631.0,,T1509.CFX,
42,T.CFX,20150521,96.88,96.85,96.9,96.9,96.47,96.675,96.69,-0.175,-0.16,2358.0,227962.33,25389.0,,T1509.CFX,
43,T.CFX,20150522,96.675,96.69,96.67,96.81,96.67,96.74,96.71,0.05,0.02,1866.0,180498.11,25892.0,,T1509.CFX,
44,T.CFX,20150525,96.74,96.71,96.7,96.825,96.465,96.52,96.505,-0.19,-0.205,1849.0,178643.355,26330.0,,T1509.CFX,
45,T.CFX,20150526,96.52,96.505,96.505,96.505,95.21,95.66,95.57,-0.845,-0.935,5483.0,525803.385,25666.0,,T1509.CFX,
46,T.CFX,20150527,95.66,95.57,95.67,95.965,95.58,95.8,95.77,0.23,0.2,3064.0,293363.325,25739.0,,T1509.CFX,
47,T.CFX,20150528,95.8,95.77,95.65,95.74,94.81,95.0,95.085,-0.77,-0.685,4455.0,424700.46,25520.0,,T1509.CFX,
48,T.CFX,20150529,95.0,95.085,95.08,95.145,94.835,94.92,94.945,-0.165,-0.14,3040.0,288654.325,24946.0,,T1509.CFX,
49,T.CFX,20150601,94.92,94.945,94.935,94.96,93.9,94.215,94.14,-0.73,-0.805,6745.0,636361.155,22577.0,,T1509.CFX,
50,T.CFX,20150602,94.215,94.14,94.58,95.1,94.415,94.99,94.76,0.85,0.62,5862.0,555446.275,22162.0,,T1509.CFX,
51,T.CFX,20150603,94.99,94.76,94.88,95.4,94.655,95.06,94.96,0.3,0.2,4222.0,400987.825,22179.0,,T1509.CFX,
52,T.CFX,20150604,95.06,94.96,95.07,95.265,94.555,94.91,94.92,-0.05,-0.04,3583.0,340203.955,22014.0,,T1509.CFX,
53,T.CFX,20150605,94.91,94.92,94.98,95.37,94.97,95.3,95.31,0.38,0.39,3191.0,303918.365,22584.0,,T1509.CFX,
54,T.CFX,20150608,95.3,95.31,95.205,95.62,95.19,95.56,95.565,0.25,0.255,2907.0,277528.645,23195.0,,T1509.CFX,
55,T.CFX,20150609,95.56,95.565,95.54,95.68,95.38,95.475,95.49,-0.09,-0.075,2655.0,253582.085,22881.0,,T1509.CFX,
56,T.CFX,20150610,95.475,95.49,95.435,95.435,94.92,94.98,95.065,-0.51,-0.425,3430.0,326298.76,22457.0,,T1509.CFX,
57,T.CFX,20150611,94.98,95.065,94.98,95.055,94.775,94.83,94.91,-0.235,-0.155,2901.0,275394.44,22492.0,,T1509.CFX,
58,T.CFX,20150612,94.83,94.91,94.845,95.05,94.515,94.62,94.635,-0.29,-0.275,3902.0,369547.92,21143.0,,T1509.CFX,
59,T.CFX,20150615,94.62,94.635,94.55,94.62,94.2,94.205,94.25,-0.43,-0.385,2210.0,208594.03,20498.0,,T1509.CFX,
60,T.CFX,20150616,94.205,94.25,94.295,95.135,94.26,95.13,95.015,0.88,0.765,5417.0,513585.195,21356.0,,T1509.CFX,
61,T.CFX,20150617,95.13,95.015,95.1,95.2,94.7,94.96,94.92,-0.055,-0.095,2832.0,268833.81,21289.0,,T1509.CFX,
62,T.CFX,20150618,94.96,94.92,95.0,95.41,94.915,95.25,95.25,0.33,0.33,2793.0,266015.015,21246.0,,T1509.CFX,
63,T.CFX,20150619,95.25,95.25,95.25,95.37,94.82,95.02,94.995,-0.23,-0.255,2432.0,231136.815,21107.0,,T1509.CFX,
64,T.CFX,20150623,95.02,94.995,94.895,95.03,94.58,94.91,94.96,-0.085,-0.035,2443.0,231610.435,21142.0,,T1509.CFX,
65,T.CFX,20150624,94.91,94.96,94.9,94.98,94.705,94.885,94.885,-0.075,-0.075,1428.0,135432.19,21010.0,,T1509.CFX,
66,T.CFX,20150625,94.885,94.885,94.78,95.305,94.7,94.8,94.775,-0.085,-0.11,3771.0,358134.855,20402.0,,T1509.CFX,
67,T.CFX,20150626,94.8,94.775,94.8,94.945,94.63,94.715,94.72,-0.06,-0.055,3073.0,291207.795,19805.0,,T1509.CFX,
68,T.CFX,20150629,94.715,94.72,95.01,95.05,94.385,94.535,94.47,-0.185,-0.25,4982.0,471618.45,18480.0,,T1509.CFX,
69,T.CFX,20150630,94.535,94.47,94.6,94.955,94.54,94.755,94.76,0.285,0.29,2107.0,199636.435,18209.0,,T1509.CFX,
70,T.CFX,20150701,94.755,94.76,94.82,94.865,94.595,94.645,94.675,-0.115,-0.085,1235.0,116986.07,18103.0,,T1509.CFX,
71,T.CFX,20150702,94.645,94.675,94.65,94.695,94.365,94.61,94.64,-0.065,-0.035,1291.0,122082.91,17969.0,,T1509.CFX,
72,T.CFX,20150703,94.61,94.64,94.7,95.27,94.65,95.22,95.195,0.58,0.555,3612.0,343304.285,18851.0,,T1509.CFX,
73,T.CFX,20150706,95.22,95.195,95.5,96.05,95.31,95.92,95.915,0.725,0.72,3811.0,364476.695,19690.0,,T1509.CFX,
74,T.CFX,20150707,95.92,95.915,96.18,96.38,95.975,96.28,96.235,0.365,0.32,3236.0,311392.54,19465.0,,T1509.CFX,
75,T.CFX,20150708,96.28,96.235,96.48,96.98,95.34,95.8,95.635,-0.435,-0.6,8839.0,849054.33,18139.0,,T1509.CFX,
76,T.CFX,20150709,95.8,95.635,95.86,96.58,95.72,96.15,96.21,0.515,0.575,4365.0,420039.65,17427.0,,T1509.CFX,
77,T.CFX,20150710,96.15,96.21,96.0,96.01,95.6,95.95,95.92,-0.26,-0.29,2668.0,255748.405,17428.0,,T1509.CFX,
78,T.CFX,20150713,95.95,95.92,95.85,96.125,95.67,95.72,95.76,-0.2,-0.16,2941.0,281860.64,17861.0,,T1509.CFX,
79,T.CFX,20150714,95.72,95.76,95.815,95.815,95.38,95.575,95.59,-0.185,-0.17,2819.0,269371.48,18158.0,,T1509.CFX,
80,T.CFX,20150715,95.575,95.59,95.38,95.58,95.28,95.445,95.43,-0.145,-0.16,4830.0,460783.74,19208.0,,T1509.CFX,
81,T.CFX,20150716,95.445,95.43,95.78,95.78,95.48,95.75,95.7,0.32,0.27,2096.0,200492.985,19842.0,,T1509.CFX,
82,T.CFX,20150717,95.75,95.7,95.75,95.91,95.615,95.8,95.775,0.1,0.075,2088.0,199983.055,19896.0,,T1509.CFX,
83,T.CFX,20150720,95.8,95.775,95.81,95.93,95.67,95.75,95.765,-0.025,-0.01,1501.0,143767.61,20025.0,,T1509.CFX,
84,T.CFX,20150721,95.75,95.765,95.7,95.75,95.525,95.54,95.58,-0.225,-0.185,2456.0,234829.705,19369.0,,T1509.CFX,
85,T.CFX,20150722,95.54,95.58,95.54,95.73,95.38,95.63,95.63,0.05,0.05,1755.0,167833.81,19343.0,,T1509.CFX,
86,T.CFX,20150723,95.63,95.63,95.775,95.965,95.71,95.91,95.895,0.28,0.265,2422.0,232206.565,19331.0,,T1509.CFX,
87,T.CFX,20150724,95.91,95.895,95.98,96.16,95.83,95.86,95.895,-0.035,0.0,2769.0,265829.355,18927.0,,T1509.CFX,
88,T.CFX,20150727,95.86,95.895,95.895,96.04,95.58,96.04,95.955,0.145,0.06,1795.0,172093.11,18672.0,,T1509.CFX,
89,T.CFX,20150728,96.04,95.955,96.0,96.13,95.885,96.03,96.05,0.075,0.095,2517.0,241643.15,18066.0,,T1509.CFX,
90,T.CFX,20150729,96.03,96.05,96.045,96.175,95.955,96.11,96.105,0.06,0.055,1653.0,158823.985,18072.0,,T1509.CFX,
91,T.CFX,20150730,96.11,96.105,96.13,96.17,95.78,95.98,96.0,-0.125,-0.105,1750.0,168047.73,17760.0,,T1509.CFX,
92,T.CFX,20150731,95.98,96.0,96.1,96.1,95.45,95.545,95.545,-0.455,-0.455,3591.0,343602.005,17400.0,,T1509.CFX,
93,T.CFX,20150803,95.545,95.545,95.355,95.715,95.355,95.555,95.545,0.01,0.0,2937.0,280687.74,15898.0,,T1509.CFX,
94,T.CFX,20150804,95.555,95.545,95.555,95.84,95.555,95.71,95.69,0.165,0.145,2411.0,230782.02,15646.0,,T1509.CFX,
95,T.CFX,20150805,95.71,95.69,95.725,95.795,95.57,95.605,95.595,-0.085,-0.095,2097.0,200586.33,15258.0,,T1509.CFX,
96,T.CFX,20150806,95.605,95.595,95.545,95.885,95.5,95.875,95.76,0.28,0.165,1949.0,186445.07,14831.0,,T1509.CFX,
97,T.CFX,20150807,95.875,95.76,95.805,95.94,95.7,95.915,95.825,0.155,0.065,2397.0,229705.12,14093.0,,T1509.CFX,
98,T.CFX,20150810,95.915,95.825,95.93,95.98,95.6,95.675,95.655,-0.15,-0.17,2362.0,226115.515,12881.0,,T1509.CFX,
99,T.CFX,20150811,95.675,95.655,95.605,95.7,95.16,95.19,95.23,-0.465,-0.425,3576.0,340982.295,12149.0,,T1509.CFX,
100,T.CFX,20150812,95.19,95.23,95.12,95.345,94.8,95.33,95.27,0.1,0.04,3719.0,353695.565,10852.0,,T1509.CFX,
101,T.CFX,20150813,95.33,95.55,95.615,95.675,95.45,95.52,95.505,-0.03,-0.045,1843.0,176090.155,12563.0,,T1512.CFX,95.325
102,T.CFX,20150814,95.52,95.505,95.535,95.69,95.445,95.64,95.615,0.135,0.11,2725.0,260491.105,13987.0,,T1512.CFX,
103,T.CFX,20150817,95.64,95.615,95.115,95.45,95.115,95.32,95.35,-0.295,-0.265,2941.0,280451.655,14943.0,,T1512.CFX,
104,T.CFX,20150818,95.32,95.35,95.425,95.49,95.255,95.485,95.43,0.135,0.08,3399.0,324253.76,15246.0,,T1512.CFX,
105,T.CFX,20150819,95.485,95.43,95.52,95.52,95.235,95.37,95.36,-0.06,-0.07,3266.0,311344.62,15588.0,,T1512.CFX,
106,T.CFX,20150820,95.37,95.36,95.335,95.455,95.285,95.45,95.43,0.09,0.07,1669.0,159211.92,15292.0,,T1512.CFX,
107,T.CFX,20150821,95.45,95.43,95.5,95.68,95.44,95.52,95.525,0.09,0.095,2469.0,235963.44,15402.0,,T1512.CFX,
108,T.CFX,20150824,95.52,95.525,95.55,95.82,95.55,95.785,95.75,0.26,0.225,3501.0,335066.11,15032.0,,T1512.CFX,
109,T.CFX,20150825,95.785,95.75,95.95,95.98,95.74,95.8,95.775,0.05,0.025,3124.0,299308.995,14683.0,,T1512.CFX,
110,T.CFX,20150826,95.8,95.775,95.95,96.04,95.805,96.005,95.98,0.23,0.205,4123.0,395602.435,14457.0,,T1512.CFX,
111,T.CFX,20150827,96.005,95.98,96.085,96.445,96.005,96.4,96.325,0.42,0.345,3555.0,342016.49,14133.0,,T1512.CFX,
112,T.CFX,20150828,96.4,96.325,96.28,96.45,96.145,96.255,96.265,-0.07,-0.06,4111.0,395883.335,14218.0,,T1512.CFX,
113,T.CFX,20150831,96.255,96.265,96.21,96.86,96.19,96.76,96.755,0.495,0.49,4998.0,483044.2,14445.0,,T1512.CFX,
114,T.CFX,20150901,96.76,96.755,96.82,97.045,96.805,96.915,96.9,0.16,0.145,3789.0,367232.07,14295.0,,T1512.CFX,
115,T.CFX,20150902,96.915,96.9,96.94,96.995,96.52,96.62,96.6,-0.28,-0.3,3455.0,334132.13,13650.0,,T1512.CFX,
116,T.CFX,20150907,96.62,96.6,96.6,96.6,96.4,96.42,96.45,-0.18,-0.15,3259.0,314537.33,13420.0,,T1512.CFX,
117,T.CFX,20150908,96.42,96.45,96.38,96.48,96.085,96.375,96.355,-0.075,-0.095,5641.0,543125.31,13047.0,,T1512.CFX,
118,T.CFX,20150909,96.375,96.355,96.32,96.49,96.195,96.195,96.265,-0.16,-0.09,5026.0,484231.2,12698.0,,T1512.CFX,
119,T.CFX,20150910,96.195,96.265,96.185,96.475,96.055,96.395,96.395,0.13,0.13,4483.0,431584.575,12478.0,,T1512.CFX,
120,T.CFX,20150911,96.395,96.395,96.48,96.48,96.25,96.255,96.29,-0.14,-0.105,5220.0,502853.75,12742.0,,T1512.CFX,
121,T.CFX,20150914,96.255,96.29,96.4,96.455,96.27,96.41,96.4,0.12,0.11,4560.0,439352.405,12370.0,,T1512.CFX,
122,T.CFX,20150915,96.41,96.4,96.45,96.675,96.33,96.655,96.615,0.255,0.215,5817.0,561679.13,12656.0,,T1512.CFX,
123,T.CFX,20150916,96.655,96.615,96.68,96.715,96.45,96.535,96.51,-0.08,-0.105,5334.0,515140.59,13023.0,,T1512.CFX,
124,T.CFX,20150917,96.535,96.51,96.46,96.55,96.225,96.365,96.295,-0.145,-0.215,4785.0,461152.65,13110.0,,T1512.CFX,
125,T.CFX,20150918,96.365,96.295,96.38,96.655,96.35,96.395,96.415,0.1,0.12,4849.0,467801.545,12809.0,,T1512.CFX,
126,T.CFX,20150921,96.395,96.415,96.39,96.475,96.315,96.415,96.415,0.0,0.0,3236.0,311942.415,12771.0,,T1512.CFX,
127,T.CFX,20150922,96.415,96.415,96.44,96.465,96.165,96.26,96.225,-0.155,-0.19,4242.0,408485.4,13214.0,,T1512.CFX,
128,T.CFX,20150923,96.26,96.225,96.3,96.42,96.255,96.305,96.33,0.08,0.105,3321.0,319956.735,13128.0,,T1512.CFX,
129,T.CFX,20150924,96.305,96.33,96.29,96.525,96.2,96.515,96.44,0.185,0.11,3168.0,305189.27,13177.0,,T1512.CFX,
130,T.CFX,20150925,96.515,96.44,96.53,96.735,96.445,96.665,96.64,0.225,0.2,3746.0,361901.345,13057.0,,T1512.CFX,
131,T.CFX,20150928,96.665,96.64,96.66,96.975,96.655,96.935,96.925,0.295,0.285,3408.0,330035.745,13452.0,,T1512.CFX,
132,T.CFX,20150929,96.935,96.925,97.0,97.31,97.0,97.23,97.245,0.305,0.32,4541.0,441434.73,13502.0,,T1512.CFX,
133,T.CFX,20150930,97.23,97.245,97.21,97.335,97.05,97.315,97.25,0.07,0.005,4148.0,403126.44,14092.0,,T1512.CFX,
134,T.CFX,20151008,97.315,97.25,97.245,97.29,97.06,97.27,97.235,0.02,-0.015,3485.0,338602.86,13942.0,,T1512.CFX,
135,T.CFX,20151009,97.27,97.235,97.255,98.15,97.23,98.13,97.99,0.895,0.755,7969.0,779366.365,15048.0,,T1512.CFX,
136,T.CFX,20151012,98.13,97.99,98.13,98.45,97.93,98.185,98.18,0.195,0.19,8046.0,789815.84,14840.0,,T1512.CFX,
137,T.CFX,20151013,98.185,98.18,98.215,98.895,98.09,98.72,98.575,0.54,0.395,8400.0,826408.09,15184.0,,T1512.CFX,
138,T.CFX,20151014,98.72,98.575,98.72,99.245,98.35,98.715,98.7,0.14,0.125,19060.0,1884308.88,15490.0,,T1512.CFX,
139,T.CFX,20151015,98.715,98.7,98.6,98.78,98.335,98.53,98.53,-0.17,-0.17,12203.0,1203152.945,15866.0,,T1512.CFX,
140,T.CFX,20151016,98.53,98.53,98.45,98.48,98.005,98.07,98.085,-0.46,-0.445,15051.0,1478018.42,15459.0,,T1512.CFX,
141,T.CFX,20151019,98.07,98.085,98.05,98.3,98.05,98.22,98.145,0.135,0.06,10185.0,999723.895,15893.0,,T1512.CFX,
142,T.CFX,20151020,98.22,98.145,98.315,99.165,98.265,99.165,98.965,1.02,0.82,15347.0,1515318.12,16552.0,,T1512.CFX,
143,T.CFX,20151021,99.165,98.965,99.165,99.32,98.81,98.885,98.93,-0.08,-0.035,17607.0,1743859.83,17024.0,,T1512.CFX,
144,T.CFX,20151022,98.885,98.93,98.81,99.29,98.81,99.29,99.16,0.36,0.23,12503.0,1238893.17,17498.0,,T1512.CFX,
145,T.CFX,20151023,99.29,99.16,99.295,99.48,98.92,98.955,99.21,-0.205,0.05,20198.0,2004758.235,16942.0,,T1512.CFX,
146,T.CFX,20151026,98.955,99.21,99.05,99.355,98.795,99.245,99.22,0.035,0.01,21935.0,2174604.605,16414.0,,T1512.CFX,
147,T.CFX,20151027,99.245,99.22,99.4,99.845,99.255,99.765,99.765,0.545,0.545,23940.0,2382955.465,18280.0,,T1512.CFX,
148,T.CFX,20151028,99.765,99.765,99.7,99.93,99.285,99.39,99.435,-0.375,-0.33,22024.0,2195098.68,18279.0,,T1512.CFX,
149,T.CFX,20151029,99.39,99.435,99.15,99.25,98.685,98.685,98.82,-0.75,-0.615,23932.0,2369671.625,18302.0,,T1512.CFX,
150,T.CFX,20151030,98.685,98.82,98.605,98.96,98.5,98.83,98.84,0.01,0.02,23990.0,2369651.775,17709.0,,T1512.CFX,
151,T.CFX,20151102,98.83,98.84,98.895,99.17,98.705,98.805,98.84,-0.035,0.0,20079.0,1985789.94,17708.0,,T1512.CFX,
152,T.CFX,20151103,98.805,98.84,98.82,98.875,98.555,98.6,98.635,-0.24,-0.205,16498.0,1628340.88,17715.0,,T1512.CFX,
153,T.CFX,20151104,98.6,98.635,98.565,98.69,98.195,98.355,98.31,-0.28,-0.325,24150.0,2376309.14,17185.0,,T1512.CFX,
154,T.CFX,20151105,98.355,98.31,98.3,98.69,98.17,98.665,98.61,0.355,0.3,23579.0,2321378.285,16656.0,,T1512.CFX,
155,T.CFX,20151106,98.665,98.61,98.685,98.74,98.19,98.255,98.245,-0.355,-0.365,20920.0,2059456.505,16276.0,,T1512.CFX,
156,T.CFX,20151109,98.255,98.245,97.9,97.975,97.275,97.29,97.39,-0.955,-0.855,21147.0,2062657.7,16090.0,,T1512.CFX,
157,T.CFX,20151110,97.29,97.39,97.305,97.68,97.23,97.66,97.61,0.27,0.22,21504.0,2096933.86,15011.0,,T1512.CFX,
158,T.CFX,20151111,97.66,97.61,97.71,98.18,97.635,98.175,98.075,0.565,0.465,26937.0,2638913.76,14242.0,,T1512.CFX,
159,T.CFX,20151112,98.175,98.075,97.995,98.24,97.47,98.085,98.07,0.01,-0.005,23493.0,2301764.965,13422.0,,T1512.CFX,
160,T.CFX,20151113,98.085,98.04,98.25,98.475,97.865,97.885,97.93,-0.155,-0.11,4907.0,481535.68,14436.0,,T1603.CFX,97.94
161,T.CFX,20151116,97.885,97.93,97.9,98.45,97.8,98.06,98.015,0.13,0.085,6352.0,622373.61,16004.0,,T1603.CFX,
162,T.CFX,20151117,98.06,98.015,98.005,98.175,97.82,98.13,98.02,0.115,0.005,7766.0,761031.67,16357.0,,T1603.CFX,
163,T.CFX,20151118,98.13,98.02,98.01,98.235,97.565,97.625,97.685,-0.395,-0.335,7511.0,734993.905,16749.0,,T1603.CFX,
164,T.CFX,20151119,97.625,97.685,97.625,97.935,97.51,97.705,97.735,0.02,0.05,8200.0,801679.55,17944.0,,T1603.CFX,
165,T.CFX,20151120,97.705,97.735,97.8,98.25,97.7,98.235,98.17,0.5,0.435,9457.0,927309.53,19587.0,,T1603.CFX,
166,T.CFX,20151123,98.235,98.17,98.255,98.3,97.195,98.045,97.93,-0.125,-0.24,14024.0,1373142.505,20233.0,,T1603.CFX,
167,T.CFX,20151124,98.045,97.93,98.05,98.55,97.9,98.51,98.43,0.58,0.5,18816.0,1848872.46,22328.0,,T1603.CFX,
168,T.CFX,20151125,98.51,98.43,98.59,98.69,98.42,98.59,98.55,0.16,0.12,17429.0,1717637.195,22528.0,,T1603.CFX,
169,T.CFX,20151126,98.59,98.55,98.61,99.03,98.365,98.94,98.93,0.39,0.38,21702.0,2143900.965,24062.0,,T1603.CFX,
170,T.CFX,20151127,98.94,98.93,98.93,99.075,98.575,98.695,98.655,-0.235,-0.275,18537.0,1831307.815,22640.0,,T1603.CFX,
171,T.CFX,20151130,98.695,98.655,98.695,99.235,98.63,99.015,99.035,0.36,0.38,14663.0,1451958.52,23604.0,,T1603.CFX,
172,T.CFX,20151201,99.015,99.035,99.105,99.18,98.66,98.75,98.73,-0.285,-0.305,16350.0,1616155.445,23307.0,,T1603.CFX,
173,T.CFX,20151202,98.75,98.73,98.795,99.095,98.685,98.83,98.835,0.1,0.105,19033.0,1882462.76,22496.0,,T1603.CFX,
174,T.CFX,20151203,98.83,98.835,98.805,99.025,98.65,98.965,98.975,0.13,0.14,14287.0,1412823.01,22897.0,,T1603.CFX,
175,T.CFX,20151204,98.965,98.975,98.9,99.165,98.76,98.86,98.885,-0.115,-0.09,17651.0,1747122.15,22712.0,,T1603.CFX,
176,T.CFX,20151207,98.86,98.885,98.86,99.035,98.73,98.95,98.915,0.065,0.03,15918.0,1573466.49,22867.0,,T1603.CFX,
177,T.CFX,20151208,98.95,98.915,99.0,99.205,98.91,99.195,99.14,0.28,0.225,13639.0,1351362.4,23546.0,,T1603.CFX,
178,T.CFX,20151209,99.195,99.14,99.205,99.28,99.01,99.17,99.18,0.03,0.04,16204.0,1606311.545,23694.0,,T1603.CFX,
179,T.CFX,20151210,99.17,99.18,99.15,99.295,99.015,99.105,99.09,-0.075,-0.09,16452.0,1631515.02,23965.0,,T1603.CFX,
180,T.CFX,20151211,99.105,99.09,99.105,99.37,99.04,99.37,99.275,0.28,0.185,14679.0,1455857.365,24427.0,,T1603.CFX,
181,T.CFX,20151214,99.37,99.275,99.15,99.225,98.82,98.87,98.875,-0.405,-0.4,22071.0,2185415.425,23548.0,,T1603.CFX,
182,T.CFX,20151215,98.87,98.875,98.895,99.125,98.82,99.085,99.07,0.21,0.195,15886.0,1572781.94,23931.0,,T1603.CFX,
183,T.CFX,20151216,99.085,99.07,99.085,99.2,98.9,99.16,99.16,0.09,0.09,14768.0,1462634.405,23612.0,,T1603.CFX,
184,T.CFX,20151217,99.16,99.16,99.16,99.295,99.085,99.15,99.16,-0.01,0.0,17340.0,1719802.035,23234.0,,T1603.CFX,
185,T.CFX,20151218,99.15,99.16,99.205,99.6,99.175,99.56,99.55,0.4,0.39,20000.0,1989007.72,23832.0,,T1603.CFX,
186,T.CFX,20151221,99.56,99.55,99.57,99.92,99.51,99.805,99.84,0.255,0.29,20148.0,2009485.855,24023.0,,T1603.CFX,
187,T.CFX,20151222,99.805,99.84,99.895,100.11,99.815,99.905,99.87,0.065,0.03,20619.0,2060667.94,24326.0,,T1603.CFX,
188,T.CFX,20151223,99.905,99.87,99.9,100.02,99.825,99.98,99.97,0.11,0.1,15354.0,1534453.785,24665.0,,T1603.CFX,
189,T.CFX,20151224,99.98,99.97,100.0,100.335,99.92,100.28,100.27,0.31,0.3,19091.0,1912077.51,26150.0,,T1603.CFX,
190,T.CFX,20151225,100.28,100.27,100.29,100.385,100.17,100.26,100.255,-0.01,-0.015,20146.0,2019792.02,26222.0,,T1603.CFX,
191,T.CFX,20151228,100.26,100.255,100.265,100.48,100.12,100.48,100.445,0.225,0.19,14896.0,1494486.45,26559.0,,T1603.CFX,
192,T.CFX,20151229,100.48,100.445,100.495,100.59,100.205,100.23,100.27,-0.215,-0.175,19802.0,1988110.255,26144.0,,T1603.CFX,
193,T.CFX,20151230,100.23,100.27,100.19,100.275,100.01,100.15,100.175,-0.12,-0.095,19466.0,1949234.96,25926.0,,T1603.CFX,
194,T.CFX,20151231,100.15,100.175,100.125,100.365,100.01,100.035,100.055,-0.14,-0.12,19984.0,2002039.955,25937.0,,T1603.CFX,
195,T.CFX,20160104,100.035,100.055,100.0,100.03,99.665,99.865,99.91,-0.19,-0.145,25642.0,2561033.85,27095.0,,T1603.CFX,
196,T.CFX,20160105,99.865,99.91,99.76,99.935,99.58,99.595,99.66,-0.315,-0.25,21604.0,2154663.265,28281.0,,T1603.CFX,
197,T.CFX,20160106,99.595,99.66,99.55,100.04,99.5,100.02,99.98,0.36,0.32,23014.0,2297172.46,28420.0,,T1603.CFX,
198,T.CFX,20160107,100.02,99.98,100.085,100.395,99.755,99.865,99.86,-0.115,-0.12,34218.0,3422167.05,27116.0,,T1603.CFX,
199,T.CFX,20160108,99.865,99.86,99.96,100.295,99.935,100.24,100.225,0.38,0.365,25004.0,2503473.575,27423.0,,T1603.CFX,
200,T.CFX,20160111,100.24,100.225,100.21,100.355,100.115,100.23,100.24,0.005,0.015,22898.0,2295387.715,28537.0,,T1603.CFX,
201,T.CFX,20160112,100.23,100.24,100.305,100.65,100.24,100.62,100.61,0.38,0.37,23394.0,2350858.78,28775.0,,T1603.CFX,
202,T.CFX,20160113,100.62,100.61,100.805,100.86,100.595,100.82,100.775,0.21,0.165,22407.0,2256940.915,29507.0,,T1603.CFX,
203,T.CFX,20160114,100.82,100.775,100.905,100.945,100.38,100.445,100.435,-0.33,-0.34,30554.0,3074017.385,28460.0,,T1603.CFX,
204,T.CFX,20160115,100.445,100.435,100.38,100.675,100.33,100.645,100.615,0.21,0.18,23749.0,2387201.395,28508.0,,T1603.CFX,
205,T.CFX,20160118,100.645,100.615,100.61,100.61,100.12,100.285,100.235,-0.33,-0.38,26390.0,2647019.02,26822.0,,T1603.CFX,
206,T.CFX,20160119,100.285,100.235,100.295,100.4,100.07,100.13,100.155,-0.105,-0.08,29061.0,2912945.425,26627.0,,T1603.CFX,
207,T.CFX,20160120,100.13,100.155,100.13,100.29,99.905,100.27,100.185,0.115,0.03,30440.0,3046117.115,27033.0,,T1603.CFX,
208,T.CFX,20160121,100.27,100.185,100.205,100.435,100.095,100.365,100.385,0.18,0.2,22667.0,2272945.19,26537.0,,T1603.CFX,
209,T.CFX,20160122,100.365,100.385,100.39,100.525,100.28,100.42,100.37,0.035,-0.015,20325.0,2040782.635,26000.0,,T1603.CFX,
210,T.CFX,20160125,100.42,100.37,100.2,100.215,99.81,99.835,99.87,-0.535,-0.5,25812.0,2580224.645,25458.0,,T1603.CFX,
211,T.CFX,20160126,99.835,99.87,99.87,100.09,99.8,99.91,99.93,0.04,0.06,29566.0,2955135.84,23317.0,,T1603.CFX,
212,T.CFX,20160127,99.91,99.93,99.695,99.96,99.6,99.77,99.695,-0.16,-0.235,26694.0,2663030.03,22738.0,,T1603.CFX,
213,T.CFX,20160128,99.77,99.695,99.805,100.0,99.72,99.965,99.955,0.27,0.26,27029.0,2699736.02,21928.0,,T1603.CFX,
214,T.CFX,20160129,99.965,99.955,100.2,100.395,100.055,100.365,100.34,0.41,0.385,24693.0,2474741.01,21253.0,,T1603.CFX,
215,T.CFX,20160201,100.365,100.34,100.395,100.495,100.275,100.34,100.31,0.0,-0.03,19920.0,1999222.575,20192.0,,T1603.CFX,
216,T.CFX,20160202,100.34,100.31,100.34,100.48,99.9,99.92,99.94,-0.39,-0.37,25058.0,2507618.385,19202.0,,T1603.CFX,
217,T.CFX,20160203,99.92,99.94,99.68,100.1,99.66,100.07,100.035,0.13,0.095,21276.0,2125400.605,18739.0,,T1603.CFX,
218,T.CFX,20160204,100.07,99.39,99.39,99.585,99.365,99.535,99.53,0.145,0.14,6755.0,672078.195,20621.0,,T1606.CFX,100.25
219,T.CFX,20160205,99.535,99.53,99.545,99.78,99.51,99.66,99.705,0.13,0.175,3861.0,384768.905,20893.0,,T1606.CFX,
220,T.CFX,20160215,99.66,99.705,99.99,100.185,99.86,100.185,100.12,0.48,0.415,9147.0,914996.06,22602.0,,T1606.CFX,
221,T.CFX,20160216,100.185,100.12,100.12,100.135,99.76,99.77,99.82,-0.35,-0.3,10914.0,1090445.25,24641.0,,T1606.CFX,
222,T.CFX,20160217,99.77,99.82,99.765,99.865,99.615,99.78,99.805,-0.04,-0.015,13880.0,1384778.11,26349.0,,T1606.CFX,
223,T.CFX,20160218,99.78,99.805,99.72,99.935,99.575,99.89,99.89,0.085,0.085,19504.0,1945871.16,28089.0,,T1606.CFX,
224,T.CFX,20160219,99.89,99.89,99.94,99.965,99.745,99.765,99.8,-0.125,-0.09,22430.0,2239392.54,28560.0,,T1606.CFX,
225,T.CFX,20160222,99.765,99.8,99.72,99.735,99.535,99.695,99.7,-0.105,-0.1,17570.0,1750787.875,29962.0,,T1606.CFX,
226,T.CFX,20160223,99.695,99.7,99.69,99.78,99.585,99.605,99.645,-0.095,-0.055,19948.0,1988662.275,31094.0,,T1606.CFX,
227,T.CFX,20160224,99.605,99.645,99.6,99.74,99.505,99.51,99.6,-0.135,-0.045,19084.0,1901751.52,31618.0,,T1606.CFX,
228,T.CFX,20160225,99.51,99.6,99.45,99.65,99.31,99.345,99.41,-0.255,-0.19,27070.0,2693595.95,32242.0,,T1606.CFX,
229,T.CFX,20160226,99.345,99.41,99.345,99.475,99.19,99.42,99.375,0.01,-0.035,28926.0,2874063.44,32828.0,,T1606.CFX,
230,T.CFX,20160229,99.42,99.375,99.375,99.49,99.26,99.46,99.425,0.085,0.05,23042.0,2289850.6,33612.0,,T1606.CFX,
231,T.CFX,20160301,99.46,99.425,99.65,99.655,99.24,99.385,99.35,-0.04,-0.075,27724.0,2755702.095,33338.0,,T1606.CFX,
232,T.CFX,20160302,99.385,99.35,99.35,99.415,99.055,99.135,99.15,-0.215,-0.2,27637.0,2743038.41,35041.0,,T1606.CFX,
233,T.CFX,20160303,99.135,99.15,99.09,99.15,98.88,98.96,98.96,-0.19,-0.19,30864.0,3055931.155,35423.0,,T1606.CFX,
234,T.CFX,20160304,98.96,98.96,98.89,99.24,98.88,99.085,99.055,0.125,0.095,27890.0,2764210.015,35675.0,,T1606.CFX,
235,T.CFX,20160307,99.085,99.055,98.99,99.0,98.645,98.695,98.695,-0.36,-0.36,25119.0,2480938.355,36300.0,,T1606.CFX,
236,T.CFX,20160308,98.695,98.695,98.55,98.955,98.535,98.82,98.8,0.125,0.105,31416.0,3104288.78,34070.0,,T1606.CFX,
237,T.CFX,20160309,98.82,98.8,98.99,99.195,98.96,99.135,99.125,0.335,0.325,23160.0,2294714.35,34952.0,,T1606.CFX,
238,T.CFX,20160310,99.135,99.125,99.3,99.425,99.03,99.42,99.355,0.295,0.23,28185.0,2796479.145,35388.0,,T1606.CFX,
239,T.CFX,20160311,99.42,99.355,99.4,99.79,99.375,99.79,99.64,0.435,0.285,24293.0,2418067.65,35682.0,,T1606.CFX,
240,T.CFX,20160314,99.79,99.64,99.69,99.745,99.53,99.65,99.61,0.01,-0.03,18532.0,1845744.545,35173.0,,T1606.CFX,
241,T.CFX,20160315,99.65,99.61,99.625,99.75,99.455,99.71,99.7,0.1,0.09,22704.0,2261288.95,35536.0,,T1606.CFX,
242,T.CFX,20160316,99.71,99.7,99.7,100.035,99.645,99.985,99.935,0.285,0.235,25859.0,2581294.715,36037.0,,T1606.CFX,
243,T.CFX,20160317,99.985,99.935,100.0,100.01,99.655,99.695,99.73,-0.24,-0.205,27551.0,2751038.855,35263.0,,T1606.CFX,
244,T.CFX,20160318,99.695,99.73,99.685,99.745,99.57,99.68,99.685,-0.05,-0.045,19213.0,1914931.29,36136.0,,T1606.CFX,
245,T.CFX,20160321,99.68,99.685,99.6,99.635,99.385,99.51,99.51,-0.175,-0.175,20902.0,2079402.015,36607.0,,T1606.CFX,
246,T.CFX,20160322,99.51,99.51,99.445,99.705,99.44,99.625,99.62,0.115,0.11,19083.0,1899846.455,37158.0,,T1606.CFX,
247,T.CFX,20160323,99.625,99.62,99.63,99.765,99.56,99.645,99.67,0.025,0.05,17426.0,1736965.07,36800.0,,T1606.CFX,
248,T.CFX,20160324,99.645,99.67,99.675,99.915,99.655,99.855,99.86,0.185,0.19,18110.0,1807568.97,35374.0,,T1606.CFX,
249,T.CFX,20160325,99.855,99.86,99.775,99.88,99.6,99.815,99.825,-0.045,-0.035,18430.0,1839094.25,35316.0,,T1606.CFX,
250,T.CFX,20160328,99.815,99.825,99.72,99.745,99.595,99.615,99.64,-0.21,-0.185,16988.0,1693221.13,35896.0,,T1606.CFX,
251,T.CFX,20160329,99.615,99.64,99.605,99.855,99.57,99.805,99.8,0.165,0.16,18588.0,1853540.84,36516.0,,T1606.CFX,
252,T.CFX,20160330,99.805,99.8,99.825,99.9,99.695,99.8,99.795,0.0,-0.005,16371.0,1633927.94,36584.0,,T1606.CFX,
253,T.CFX,20160331,99.8,99.795,99.805,99.94,99.72,99.8,99.8,0.005,0.005,16736.0,1670604.225,35845.0,,T1606.CFX,
254,T.CFX,20160401,99.8,99.8,99.74,99.915,99.73,99.87,99.875,0.07,0.075,11375.0,1135529.57,36158.0,,T1606.CFX,
255,T.CFX,20160405,99.87,99.875,99.925,99.97,99.605,99.63,99.66,-0.245,-0.215,14463.0,1443071.675,36082.0,,T1606.CFX,
256,T.CFX,20160406,99.63,99.66,99.65,99.705,99.51,99.575,99.57,-0.085,-0.09,18504.0,1842882.28,35319.0,,T1606.CFX,
257,T.CFX,20160407,99.575,99.57,99.58,99.62,99.42,99.475,99.46,-0.095,-0.11,14882.0,1480969.475,35070.0,,T1606.CFX,
258,T.CFX,20160408,99.475,99.46,99.495,99.78,99.46,99.68,99.735,0.22,0.275,21139.0,2106372.17,33325.0,,T1606.CFX,
259,T.CFX,20160411,99.68,99.735,99.64,99.83,99.605,99.745,99.735,0.01,0.0,12604.0,1257112.73,32945.0,,T1606.CFX,
260,T.CFX,20160412,99.745,99.735,99.76,99.795,99.67,99.75,99.715,0.015,-0.02,9424.0,939858.605,32931.0,,T1606.CFX,
261,T.CFX,20160413,99.75,99.715,99.705,99.705,99.38,99.55,99.535,-0.165,-0.18,19762.0,1966334.815,32611.0,,T1606.CFX,
262,T.CFX,20160414,99.55,99.535,99.515,99.57,99.205,99.265,99.255,-0.27,-0.28,17490.0,1738221.905,33714.0,,T1606.CFX,
263,T.CFX,20160415,99.265,99.255,99.265,99.565,99.265,99.485,99.525,0.23,0.27,19921.0,1981334.445,33389.0,,T1606.CFX,
264,T.CFX,20160418,99.485,99.525,99.5,99.68,99.42,99.505,99.5,-0.02,-0.025,13439.0,1337727.685,32836.0,,T1606.CFX,
265,T.CFX,20160419,99.505,99.5,99.485,99.64,99.405,99.58,99.595,0.08,0.095,14364.0,1429722.655,33086.0,,T1606.CFX,
266,T.CFX,20160420,99.58,99.595,99.45,99.53,99.22,99.295,99.315,-0.3,-0.28,20141.0,2001519.55,33522.0,,T1606.CFX,
267,T.CFX,20160421,99.295,99.315,99.225,99.43,99.135,99.305,99.255,-0.01,-0.06,18187.0,1805595.285,32568.0,,T1606.CFX,
268,T.CFX,20160422,99.305,99.255,99.355,99.47,99.26,99.385,99.39,0.13,0.135,13232.0,1314799.7,31043.0,,T1606.CFX,
269,T.CFX,20160425,99.385,99.39,99.305,99.345,99.04,99.05,99.075,-0.34,-0.315,15703.0,1557162.995,30725.0,,T1606.CFX,
270,T.CFX,20160426,99.05,99.075,99.15,99.41,99.11,99.345,99.365,0.27,0.29,17539.0,1741290.81,26768.0,,T1606.CFX,
271,T.CFX,20160427,99.345,99.365,99.405,99.475,99.305,99.345,99.35,-0.02,-0.015,12679.0,1260030.81,24696.0,,T1606.CFX,
272,T.CFX,20160428,99.345,99.35,99.435,99.645,99.39,99.61,99.605,0.26,0.255,11923.0,1186680.42,22840.0,,T1606.CFX,
273,T.CFX,20160429,99.61,99.605,99.55,99.635,99.475,99.515,99.51,-0.09,-0.095,8118.0,808270.98,21926.0,,T1606.CFX,
274,T.CFX,20160503,99.515,99.51,99.64,99.83,99.63,99.75,99.775,0.24,0.265,7632.0,761336.485,21408.0,,T1606.CFX,
275,T.CFX,20160504,99.75,99.775,99.73,99.865,99.685,99.845,99.84,0.07,0.065,9708.0,968865.915,20162.0,,T1606.CFX,
276,T.CFX,20160505,99.845,98.4,98.38,98.43,98.305,98.405,98.4,0.005,0.0,3810.0,374826.285,21828.0,,T1609.CFX,99.85
277,T.CFX,20160506,98.405,98.4,98.4,98.535,98.31,98.465,98.47,0.065,0.07,6549.0,644538.515,22400.0,,T1609.CFX,
278,T.CFX,20160509,98.465,98.47,98.585,99.485,98.545,99.17,99.115,0.7,0.645,9749.0,964757.245,23835.0,,T1609.CFX,
279,T.CFX,20160510,99.17,99.115,99.285,99.59,99.03,99.24,99.15,0.125,0.035,16980.0,1686320.85,23566.0,,T1609.CFX,
280,T.CFX,20160511,99.24,99.15,99.26,99.305,99.085,99.195,99.195,0.045,0.045,13393.0,1328734.99,24931.0,,T1609.CFX,
281,T.CFX,20160512,99.195,99.195,99.285,99.51,99.275,99.49,99.47,0.295,0.275,14406.0,1432591.08,26589.0,,T1609.CFX,
282,T.CFX,20160513,99.49,99.47,99.52,99.67,99.24,99.37,99.305,-0.1,-0.165,16985.0,1688617.965,27448.0,,T1609.CFX,
283,T.CFX,20160516,99.37,99.305,99.35,99.43,98.965,98.99,99.04,-0.315,-0.265,16362.0,1622427.04,28972.0,,T1609.CFX,
284,T.CFX,20160517,98.99,99.04,99.005,99.16,98.935,99.01,99.02,-0.03,-0.02,13276.0,1314812.07,29652.0,,T1609.CFX,
285,T.CFX,20160518,99.01,99.02,98.935,98.965,98.74,98.795,98.78,-0.225,-0.24,16862.0,1666213.365,30211.0,,T1609.CFX,
286,T.CFX,20160519,98.795,98.78,98.7,98.925,98.615,98.845,98.805,0.065,0.025,16645.0,1644439.68,30239.0,,T1609.CFX,
287,T.CFX,20160520,98.845,98.805,98.895,99.145,98.875,99.095,99.095,0.29,0.29,14451.0,1431008.37,29870.0,,T1609.CFX,
288,T.CFX,20160523,99.095,99.095,99.09,99.18,98.925,99.075,99.055,-0.02,-0.04,12110.0,1199441.445,29694.0,,T1609.CFX,
289,T.CFX,20160524,99.075,99.055,99.105,99.3,99.05,99.29,99.255,0.235,0.2,13864.0,1375226.905,30696.0,,T1609.CFX,
290,T.CFX,20160525,99.29,99.255,99.305,99.325,99.185,99.27,99.265,0.015,0.01,12053.0,1196265.01,31197.0,,T1609.CFX,
291,T.CFX,20160526,99.27,99.265,99.26,99.26,99.065,99.14,99.155,-0.125,-0.11,11141.0,1104710.735,31401.0,,T1609.CFX,
292,T.CFX,20160527,99.14,99.155,99.08,99.155,98.99,99.07,99.06,-0.085,-0.095,9716.0,962606.095,31342.0,,T1609.CFX,
293,T.CFX,20160530,99.07,99.06,99.12,99.205,98.895,98.93,98.955,-0.13,-0.105,11375.0,1126560.905,31759.0,,T1609.CFX,
294,T.CFX,20160531,98.93,98.955,98.95,99.15,98.875,99.145,99.09,0.19,0.135,13465.0,1333247.91,32307.0,,T1609.CFX,
295,T.CFX,20160601,99.145,99.09,99.09,99.145,99.005,99.075,99.085,-0.015,-0.005,11538.0,1143136.22,32959.0,,T1609.CFX,
296,T.CFX,20160602,99.075,99.085,99.045,99.08,98.88,98.945,98.935,-0.14,-0.15,12030.0,1190487.61,33052.0,,T1609.CFX,
297,T.CFX,20160603,98.945,98.935,98.9,98.99,98.78,98.985,98.955,0.05,0.02,11168.0,1104268.09,33190.0,,T1609.CFX,
298,T.CFX,20160606,98.985,98.955,99.045,99.16,99.02,99.04,99.06,0.085,0.105,9241.0,915693.465,33356.0,,T1609.CFX,
299,T.CFX,20160607,99.04,99.06,99.04,99.075,98.95,98.955,98.975,-0.105,-0.085,7208.0,713685.275,33324.0,,T1609.CFX,
300,T.CFX,20160608,98.955,98.975,98.96,99.065,98.905,98.94,98.94,-0.035,-0.035,7589.0,751131.18,33345.0,,T1609.CFX,
301,T.CFX,20160613,98.94,98.94,99.0,99.205,98.985,99.19,99.155,0.25,0.215,10929.0,1083031.595,33428.0,,T1609.CFX,
302,T.CFX,20160614,99.19,99.155,99.255,99.48,99.215,99.41,99.405,0.255,0.25,15554.0,1545858.875,34168.0,,T1609.CFX,
303,T.CFX,20160615,99.41,99.405,99.475,99.5,99.365,99.485,99.47,0.08,0.065,10931.0,1086940.275,34810.0,,T1609.CFX,
304,T.CFX,20160616,99.485,99.47,99.515,99.835,99.515,99.795,99.765,0.325,0.295,13358.0,1331299.545,35954.0,,T1609.CFX,
305,T.CFX,20160617,99.795,99.765,99.755,99.835,99.67,99.73,99.75,-0.035,-0.015,14007.0,1397204.345,35118.0,,T1609.CFX,
306,T.CFX,20160620,99.73,99.75,99.68,99.8,99.61,99.715,99.755,-0.035,0.005,10449.0,1041942.575,34383.0,,T1609.CFX,
307,T.CFX,20160621,99.715,99.755,99.66,99.86,99.585,99.835,99.805,0.08,0.05,13256.0,1321759.8,34710.0,,T1609.CFX,
308,T.CFX,20160622,99.835,99.805,99.77,100.04,99.77,99.88,99.94,0.075,0.135,17282.0,1727313.28,33202.0,,T1609.CFX,
309,T.CFX,20160623,99.88,99.94,99.88,99.975,99.815,99.865,99.86,-0.075,-0.08,10841.0,1082958.16,32753.0,,T1609.CFX,
310,T.CFX,20160624,99.865,99.86,99.95,100.295,99.87,100.165,100.155,0.305,0.295,23542.0,2356592.89,31749.0,,T1609.CFX,
311,T.CFX,20160627,100.165,100.155,100.19,100.515,100.19,100.45,100.44,0.295,0.285,15141.0,1520177.595,31637.0,,T1609.CFX,
312,T.CFX,20160628,100.45,100.44,100.475,100.57,100.135,100.14,100.2,-0.3,-0.24,18030.0,1809309.925,31279.0,,T1609.CFX,
313,T.CFX,20160629,100.14,100.2,100.09,100.275,100.03,100.105,100.085,-0.095,-0.115,14123.0,1414262.17,30913.0,,T1609.CFX,
314,T.CFX,20160630,100.105,100.085,100.19,100.43,100.115,100.39,100.36,0.305,0.275,16466.0,1651292.095,30435.0,,T1609.CFX,
315,T.CFX,20160701,100.39,100.36,100.455,100.665,100.435,100.63,100.615,0.27,0.255,17164.0,1725985.855,30012.0,,T1609.CFX,
316,T.CFX,20160704,100.63,100.615,100.655,100.715,100.285,100.36,100.33,-0.255,-0.285,18985.0,1906659.565,30141.0,,T1609.CFX,
317,T.CFX,20160705,100.36,100.33,100.275,100.46,100.215,100.265,100.265,-0.065,-0.065,16184.0,1623529.485,29541.0,,T1609.CFX,
318,T.CFX,20160706,100.265,100.265,100.365,100.585,100.345,100.43,100.465,0.165,0.2,15430.0,1550469.76,29186.0,,T1609.CFX,
319,T.CFX,20160707,100.43,100.465,100.55,100.695,100.535,100.69,100.63,0.225,0.165,12389.0,1246584.58,28878.0,,T1609.CFX,
320,T.CFX,20160708,100.69,100.63,100.73,100.76,100.455,100.695,100.705,0.065,0.075,17245.0,1734887.61,28862.0,,T1609.CFX,
321,T.CFX,20160711,100.695,100.705,100.585,100.64,100.435,100.495,100.485,-0.21,-0.22,14297.0,1437409.655,27837.0,,T1609.CFX,
322,T.CFX,20160712,100.495,100.485,100.45,100.47,100.27,100.315,100.35,-0.17,-0.135,15147.0,1520059.545,26767.0,,T1609.CFX,
323,T.CFX,20160713,100.315,100.35,100.25,100.39,100.185,100.25,100.255,-0.1,-0.095,13838.0,1387764.72,27362.0,,T1609.CFX,
324,T.CFX,20160714,100.25,100.255,100.31,100.45,100.29,100.32,100.33,0.065,0.075,13299.0,1334897.0,27239.0,,T1609.CFX,
325,T.CFX,20160715,100.32,100.33,100.305,100.585,100.17,100.55,100.55,0.22,0.22,21822.0,2190545.135,28230.0,,T1609.CFX,
326,T.CFX,20160718,100.55,100.55,100.525,100.67,100.445,100.545,100.48,-0.005,-0.07,11497.0,1155995.565,27908.0,,T1609.CFX,
327,T.CFX,20160719,100.545,100.48,100.545,100.645,100.485,100.6,100.585,0.12,0.105,8954.0,900682.545,27784.0,,T1609.CFX,
328,T.CFX,20160720,100.6,100.585,100.7,100.935,100.645,100.895,100.87,0.31,0.285,17138.0,1727628.675,30395.0,,T1609.CFX,
329,T.CFX,20160721,100.895,100.87,101.025,101.18,100.905,100.955,100.945,0.085,0.075,18316.0,1850487.315,30184.0,,T1609.CFX,
330,T.CFX,20160722,100.955,100.945,100.845,101.055,100.75,100.96,100.985,0.015,0.04,18030.0,1819078.78,29947.0,,T1609.CFX,
331,T.CFX,20160725,100.96,100.985,100.9,100.945,100.74,100.795,100.785,-0.19,-0.2,13629.0,1374061.24,29485.0,,T1609.CFX,
332,T.CFX,20160726,100.795,100.785,100.755,101.035,100.705,100.99,100.995,0.205,0.21,14955.0,1509128.685,30349.0,,T1609.CFX,
333,T.CFX,20160727,100.99,100.995,101.015,101.07,100.85,100.9,100.91,-0.095,-0.085,15291.0,1543435.31,29377.0,,T1609.CFX,
334,T.CFX,20160728,100.9,100.91,101.0,101.18,100.9,101.165,101.135,0.255,0.225,17343.0,1752211.96,29331.0,,T1609.CFX,
335,T.CFX,20160729,101.165,101.135,101.175,101.225,101.01,101.065,101.07,-0.07,-0.065,13182.0,1332778.61,28168.0,,T1609.CFX,
336,T.CFX,20160801,101.065,101.07,101.09,101.145,100.93,100.935,100.975,-0.135,-0.095,13252.0,1338806.115,27298.0,,T1609.CFX,
337,T.CFX,20160802,100.935,100.975,100.93,101.135,100.89,101.075,101.095,0.1,0.12,10850.0,1096038.18,26933.0,,T1609.CFX,
338,T.CFX,20160803,101.075,101.095,101.075,101.24,101.045,101.185,101.15,0.09,0.055,11981.0,1211996.215,25489.0,,T1609.CFX,
339,T.CFX,20160804,101.185,101.15,101.18,101.23,101.1,101.21,101.205,0.06,0.055,7568.0,765698.83,24962.0,,T1609.CFX,
340,T.CFX,20160805,101.21,101.205,101.25,101.485,101.245,101.465,101.455,0.26,0.25,10045.0,1018475.735,23825.0,,T1609.CFX,
341,T.CFX,20160808,101.465,101.455,101.395,101.495,101.315,101.475,101.445,0.02,-0.01,10720.0,1087117.895,21147.0,,T1609.CFX,
342,T.CFX,20160809,101.475,101.06,101.105,101.28,101.085,101.2,101.21,0.14,0.15,8557.0,866044.325,26274.0,,T1612.CFX,101.59
343,T.CFX,20160810,101.2,101.21,101.35,101.54,101.1,101.17,101.21,-0.04,0.0,16143.0,1635988.425,28089.0,,T1612.CFX,
344,T.CFX,20160811,101.17,101.21,101.17,101.365,101.035,101.315,101.315,0.105,0.105,12898.0,1306116.005,29379.0,,T1612.CFX,
345,T.CFX,20160812,101.315,101.315,101.315,101.61,101.175,101.55,101.56,0.235,0.245,19153.0,1942529.295,30987.0,,T1612.CFX,
346,T.CFX,20160815,101.55,101.56,101.71,101.965,101.61,101.71,101.665,0.15,0.105,24714.0,2515089.545,32032.0,,T1612.CFX,
347,T.CFX,20160816,101.71,101.665,101.7,101.825,101.46,101.48,101.525,-0.185,-0.14,21304.0,2165541.03,32819.0,,T1612.CFX,
348,T.CFX,20160817,101.48,101.525,101.42,101.51,101.32,101.41,101.425,-0.115,-0.1,17553.0,1780329.41,33278.0,,T1612.CFX,
349,T.CFX,20160818,101.41,101.425,101.5,101.585,101.295,101.435,101.435,0.01,0.01,20388.0,2067961.55,33625.0,,T1612.CFX,
350,T.CFX,20160819,101.435,101.435,101.38,101.395,101.085,101.185,101.15,-0.25,-0.285,24507.0,2481180.685,33124.0,,T1612.CFX,
351,T.CFX,20160822,101.185,101.15,101.11,101.39,101.07,101.375,101.335,0.225,0.185,16055.0,1625377.805,33842.0,,T1612.CFX,
352,T.CFX,20160823,101.375,101.335,101.32,101.35,100.845,100.985,100.965,-0.35,-0.37,31432.0,3178193.105,34352.0,,T1612.CFX,
353,T.CFX,20160824,100.985,100.965,100.86,101.075,100.79,100.97,100.89,0.005,-0.075,28394.0,2865666.665,33825.0,,T1612.CFX,
354,T.CFX,20160825,100.97,100.89,101.055,101.145,100.845,100.915,100.89,0.025,0.0,22161.0,2237735.18,33721.0,,T1612.CFX,
355,T.CFX,20160826,100.915,100.89,100.945,101.185,100.87,101.155,101.14,0.265,0.25,19504.0,1970917.965,33312.0,,T1612.CFX,
356,T.CFX,20160829,101.155,101.14,101.055,101.06,100.885,100.955,100.96,-0.185,-0.18,17526.0,1769371.195,33817.0,,T1612.CFX,
357,T.CFX,20160830,100.955,100.96,100.915,100.935,100.605,100.61,100.645,-0.35,-0.315,24490.0,2467581.035,35959.0,,T1612.CFX,
358,T.CFX,20160831,100.61,100.645,100.655,100.785,100.6,100.7,100.725,0.055,0.08,17426.0,1755050.995,35713.0,,T1612.CFX,
359,T.CFX,20160901,100.7,100.725,100.66,100.82,100.525,100.77,100.765,0.045,0.04,25206.0,2537192.0,35599.0,,T1612.CFX,
360,T.CFX,20160902,100.77,100.765,100.85,100.92,100.69,100.74,100.725,-0.025,-0.04,18030.0,1817417.94,35861.0,,T1612.CFX,
361,T.CFX,20160905,100.74,100.725,100.725,100.76,100.61,100.705,100.715,-0.02,-0.01,13263.0,1335347.77,36040.0,,T1612.CFX,
362,T.CFX,20160906,100.705,100.715,100.7,100.78,100.57,100.62,100.61,-0.095,-0.105,15084.0,1518505.585,36216.0,,T1612.CFX,
363,T.CFX,20160907,100.62,100.61,100.66,100.73,100.49,100.565,100.545,-0.045,-0.065,16329.0,1642787.46,36340.0,,T1612.CFX,
364,T.CFX,20160908,100.565,100.545,100.56,100.77,100.52,100.755,100.745,0.21,0.2,17209.0,1732135.865,37231.0,,T1612.CFX,
365,T.CFX,20160909,100.755,100.745,100.715,100.97,100.655,100.85,100.915,0.105,0.17,18616.0,1877726.6,37295.0,,T1612.CFX,
366,T.CFX,20160912,100.85,100.915,100.75,100.785,100.605,100.645,100.645,-0.27,-0.27,15917.0,1602450.655,36353.0,,T1612.CFX,
367,T.CFX,20160913,100.645,100.645,100.68,100.945,100.68,100.92,100.9,0.275,0.255,22740.0,2293025.435,36396.0,,T1612.CFX,
368,T.CFX,20160914,100.92,100.9,100.865,101.105,100.795,100.975,100.965,0.075,0.065,21223.0,2142792.85,36448.0,,T1612.CFX,
369,T.CFX,20160919,100.975,100.965,100.965,101.055,100.89,101.01,101.01,0.045,0.045,11595.0,1170788.52,36867.0,,T1612.CFX,
370,T.CFX,20160920,101.01,101.01,101.05,101.22,101.025,101.04,101.055,0.03,0.045,16928.0,1711770.595,36667.0,,T1612.CFX,
371,T.CFX,20160921,101.04,101.055,101.01,101.07,100.905,101.035,101.03,-0.02,-0.025,19104.0,1929314.23,37015.0,,T1612.CFX,
372,T.CFX,20160922,101.035,101.03,101.105,101.19,100.99,101.02,101.025,-0.01,-0.005,15740.0,1591192.215,38602.0,,T1612.CFX,
373,T.CFX,20160923,101.02,101.025,101.065,101.205,101.065,101.15,101.12,0.125,0.095,15769.0,1594867.25,38598.0,,T1612.CFX,
374,T.CFX,20160926,101.15,101.12,101.155,101.285,101.115,101.25,101.24,0.13,0.12,13341.0,1350391.54,39211.0,,T1612.CFX,
375,T.CFX,20160927,101.25,101.24,101.29,101.32,101.14,101.225,101.195,-0.015,-0.045,13541.0,1370630.855,38704.0,,T1612.CFX,
376,T.CFX,20160928,101.225,101.195,101.21,101.23,101.1,101.2,101.195,0.005,0.0,11653.0,1178829.43,38880.0,,T1612.CFX,
377,T.CFX,20160929,101.2,101.195,101.19,101.25,101.13,101.18,101.17,-0.015,-0.025,9924.0,1004119.185,38101.0,,T1612.CFX,
378,T.CFX,20160930,101.18,101.17,101.19,101.25,101.15,101.19,101.2,0.02,0.03,7290.0,737776.74,37675.0,,T1612.CFX,
379,T.CFX,20161010,101.19,101.2,101.41,101.56,101.405,101.535,101.525,0.335,0.325,13061.0,1325672.565,38281.0,,T1612.CFX,
380,T.CFX,20161011,101.535,101.525,101.525,101.545,101.37,101.435,101.44,-0.09,-0.085,13177.0,1336567.795,38932.0,,T1612.CFX,
381,T.CFX,20161012,101.435,101.44,101.39,101.41,101.21,101.305,101.28,-0.135,-0.16,14882.0,1507605.605,39989.0,,T1612.CFX,
382,T.CFX,20161013,101.305,101.28,101.255,101.435,101.22,101.41,101.405,0.13,0.125,12475.0,1264330.215,40710.0,,T1612.CFX,
383,T.CFX,20161014,101.41,101.405,101.405,101.525,101.315,101.47,101.47,0.065,0.065,15493.0,1571378.315,40627.0,,T1612.CFX,
384,T.CFX,20161017,101.47,101.47,101.475,101.54,101.355,101.53,101.5,0.06,0.03,11840.0,1201163.46,40557.0,,T1612.CFX,
385,T.CFX,20161018,101.53,101.5,101.48,101.545,101.425,101.485,101.465,-0.015,-0.035,11916.0,1209192.36,40873.0,,T1612.CFX,
386,T.CFX,20161019,101.485,101.465,101.48,101.69,101.395,101.66,101.665,0.195,0.2,15557.0,1579865.295,41130.0,,T1612.CFX,
387,T.CFX,20161020,101.66,101.665,101.73,101.9,101.7,101.89,101.875,0.225,0.21,16958.0,1726626.47,40444.0,,T1612.CFX,
388,T.CFX,20161021,101.89,101.875,101.85,101.965,101.79,101.95,101.935,0.075,0.06,12729.0,1297026.835,40970.0,,T1612.CFX,
389,T.CFX,20161024,101.95,101.935,101.895,102.005,101.57,101.605,101.655,-0.33,-0.28,24611.0,2505059.62,39923.0,,T1612.CFX,
390,T.CFX,20161025,101.605,101.655,101.59,101.69,101.435,101.5,101.495,-0.155,-0.16,21481.0,2181780.9,38347.0,,T1612.CFX,
391,T.CFX,20161026,101.5,101.495,101.3,101.5,101.175,101.285,101.23,-0.21,-0.265,26380.0,2672895.495,35192.0,,T1612.CFX,
392,T.CFX,20161027,101.285,101.23,101.305,101.56,101.24,101.52,101.51,0.29,0.28,22811.0,2313190.345,35883.0,,T1612.CFX,
393,T.CFX,20161028,101.52,101.51,101.49,101.6,101.4,101.56,101.535,0.05,0.025,17340.0,1760022.21,35318.0,,T1612.CFX,
394,T.CFX,20161031,101.56,101.535,101.5,101.5,101.215,101.245,101.265,-0.29,-0.27,19350.0,1960985.185,35094.0,,T1612.CFX,
395,T.CFX,20161101,101.245,101.265,101.185,101.395,101.15,101.33,101.335,0.065,0.07,18060.0,1829265.44,32832.0,,T1612.CFX,
396,T.CFX,20161102,101.33,101.335,101.35,101.45,101.26,101.365,101.35,0.03,0.015,14309.0,1450090.305,32106.0,,T1612.CFX,
397,T.CFX,20161103,101.365,101.35,101.445,101.59,101.385,101.53,101.51,0.18,0.16,16213.0,1645590.265,29887.0,,T1612.CFX,
398,T.CFX,20161104,101.53,101.51,101.52,101.59,101.42,101.535,101.53,0.025,0.02,10341.0,1049665.24,28289.0,,T1612.CFX,
399,T.CFX,20161107,101.535,101.53,101.475,101.505,101.27,101.295,101.295,-0.235,-0.235,12962.0,1313858.4,25105.0,,T1612.CFX,
400,T.CFX,20161108,101.295,101.295,101.27,101.305,101.08,101.24,101.22,-0.055,-0.075,16705.0,1690179.86,20665.0,,T1612.CFX,
401,T.CFX,20161109,101.24,100.465,100.39,100.75,100.29,100.415,100.425,-0.05,-0.04,18545.0,1863517.34,30144.0,,T1703.CFX,101.26
402,T.CFX,20161110,100.415,100.425,100.225,100.3,100.06,100.085,100.1,-0.34,-0.325,21070.0,2110643.43,33762.0,,T1703.CFX,
403,T.CFX,20161111,100.085,100.1,100.075,100.075,99.825,99.87,99.875,-0.23,-0.225,23380.0,2336639.025,37392.0,,T1703.CFX,
404,T.CFX,20161114,99.87,99.875,99.98,100.07,99.62,99.67,99.7,-0.205,-0.175,28341.0,2828491.98,41153.0,,T1703.CFX,
405,T.CFX,20161115,99.67,99.7,99.72,99.855,99.44,99.84,99.775,0.14,0.075,30839.0,3073439.47,44058.0,,T1703.CFX,
406,T.CFX,20161116,99.84,99.775,99.8,99.945,99.61,99.61,99.68,-0.165,-0.095,24215.0,2416126.14,44902.0,,T1703.CFX,
407,T.CFX,20161117,99.61,99.68,99.58,99.76,99.49,99.495,99.55,-0.185,-0.13,27797.0,2769130.88,48027.0,,T1703.CFX,
408,T.CFX,20161118,99.495,99.55,99.405,99.67,99.355,99.44,99.495,-0.11,-0.055,30562.0,3041469.905,49542.0,,T1703.CFX,
409,T.CFX,20161121,99.44,99.495,99.49,99.65,99.47,99.535,99.55,0.04,0.055,16954.0,1687995.9,49719.0,,T1703.CFX,
410,T.CFX,20161122,99.535,99.55,99.635,99.775,99.47,99.55,99.525,0.0,-0.025,24110.0,2402192.505,50037.0,,T1703.CFX,
411,T.CFX,20161123,99.55,99.525,99.595,99.865,99.495,99.845,99.8,0.32,0.275,21437.0,2136752.095,48998.0,,T1703.CFX,
412,T.CFX,20161124,99.845,99.8,99.75,99.79,99.64,99.695,99.715,-0.105,-0.085,18002.0,1795037.165,49510.0,,T1703.CFX,
413,T.CFX,20161125,99.695,99.715,99.665,99.705,99.52,99.58,99.59,-0.135,-0.125,18330.0,1825491.365,50732.0,,T1703.CFX,
414,T.CFX,20161128,99.58,99.59,99.61,99.775,99.595,99.595,99.635,0.005,0.045,13425.0,1338296.885,51201.0,,T1703.CFX,
415,T.CFX,20161129,99.595,99.635,99.55,99.56,98.8,98.93,98.99,-0.705,-0.645,38482.0,3817108.375,53349.0,,T1703.CFX,
416,T.CFX,20161130,98.93,98.99,98.85,99.09,98.42,98.855,98.815,-0.135,-0.175,42391.0,4186342.485,53308.0,,T1703.CFX,
417,T.CFX,20161201,98.855,98.815,98.605,98.725,98.115,98.185,98.195,-0.63,-0.62,47292.0,4651493.89,53620.0,,T1703.CFX,
418,T.CFX,20161202,98.185,98.195,98.135,98.45,98.135,98.255,98.225,0.06,0.03,39139.0,3847205.745,51047.0,,T1703.CFX,
419,T.CFX,20161205,98.255,98.225,98.3,98.395,97.95,97.98,98.065,-0.245,-0.16,30794.0,3024832.85,51449.0,,T1703.CFX,
420,T.CFX,20161206,97.98,98.065,97.82,97.85,97.25,97.58,97.575,-0.485,-0.49,55950.0,5455388.85,49623.0,,T1703.CFX,
421,T.CFX,20161207,97.58,97.575,97.735,97.885,97.445,97.755,97.71,0.18,0.135,44824.0,4379725.94,49150.0,,T1703.CFX,
422,T.CFX,20161208,97.755,97.71,97.94,98.22,97.685,97.805,97.77,0.095,0.06,37756.0,3699046.385,49215.0,,T1703.CFX,
423,T.CFX,20161209,97.805,97.77,97.7,97.88,97.605,97.705,97.715,-0.065,-0.055,28789.0,2813947.375,49146.0,,T1703.CFX,
424,T.CFX,20161212,97.705,97.715,97.395,97.445,96.675,96.685,96.855,-1.03,-0.86,44121.0,4285198.515,50124.0,,T1703.CFX,
425,T.CFX,20161213,96.685,96.855,96.695,96.845,96.47,96.53,96.525,-0.325,-0.33,48148.0,4652008.83,51900.0,,T1703.CFX,
426,T.CFX,20161214,96.53,96.525,96.755,96.865,96.2,96.27,96.3,-0.255,-0.225,47503.0,4583689.94,53338.0,,T1703.CFX,
427,T.CFX,20161215,96.27,96.3,95.27,96.1,94.375,94.555,94.63,-1.745,-1.67,102747.0,9733278.755,52860.0,,T1703.CFX,
428,T.CFX,20161216,94.555,94.63,94.63,96.0,94.2,95.86,95.77,1.23,1.14,101058.0,9628027.8,51877.0,,T1703.CFX,
429,T.CFX,20161219,95.86,95.77,95.47,95.65,94.36,94.67,94.59,-1.1,-1.18,82045.0,7781642.36,49833.0,,T1703.CFX,
430,T.CFX,20161220,94.67,94.59,94.0,94.97,93.48,94.75,94.755,0.16,0.165,104546.0,9864957.74,54753.0,,T1703.CFX,
431,T.CFX,20161221,94.75,94.755,95.375,96.52,95.18,96.245,96.18,1.49,1.425,104726.0,10026960.055,44016.0,,T1703.CFX,
432,T.CFX,20161222,96.245,96.18,96.39,96.99,96.08,96.98,96.83,0.8,0.65,83802.0,8090793.49,41539.0,,T1703.CFX,
433,T.CFX,20161223,96.98,96.83,96.85,96.97,96.39,96.57,96.65,-0.26,-0.18,76508.0,7392626.66,41841.0,,T1703.CFX,
434,T.CFX,20161226,96.57,96.65,96.3,96.8,96.16,96.65,96.655,0.0,0.005,58180.0,5616596.175,41154.0,,T1703.CFX,
435,T.CFX,20161227,96.65,96.655,96.605,96.67,96.06,96.195,96.19,-0.46,-0.465,43405.0,4182636.59,41056.0,,T1703.CFX,
436,T.CFX,20161228,96.195,96.19,96.105,96.73,96.01,96.635,96.535,0.445,0.345,58964.0,5690364.47,41648.0,,T1703.CFX,
437,T.CFX,20161229,96.635,96.535,96.63,97.675,96.61,97.675,97.565,1.14,1.03,66392.0,6465131.695,40363.0,,T1703.CFX,
438,T.CFX,20161230,97.675,97.565,97.71,97.98,97.23,97.32,97.33,-0.245,-0.235,59144.0,5773737.56,41239.0,,T1703.CFX,
439,T.CFX,20170103,97.32,97.33,97.395,97.555,97.115,97.39,97.37,0.06,0.04,51458.0,5008078.88,40549.0,,T1703.CFX,
440,T.CFX,20170104,97.39,97.37,97.27,97.65,97.035,97.23,97.175,-0.14,-0.195,63421.0,6172358.205,41399.0,,T1703.CFX,
441,T.CFX,20170105,97.23,97.175,97.175,97.48,96.885,97.45,97.275,0.275,0.1,67878.0,6595749.465,40138.0,,T1703.CFX,
442,T.CFX,20170106,97.45,97.275,97.55,97.69,97.135,97.24,97.21,-0.035,-0.065,54594.0,5314773.095,38461.0,,T1703.CFX,
443,T.CFX,20170109,97.24,97.21,97.205,97.68,97.09,97.635,97.61,0.425,0.4,39970.0,3893453.14,38260.0,,T1703.CFX,
444,T.CFX,20170110,97.635,97.61,97.84,97.89,97.54,97.59,97.595,-0.02,-0.015,41416.0,4045675.32,36770.0,,T1703.CFX,
445,T.CFX,20170111,97.59,97.595,97.48,97.57,97.21,97.27,97.3,-0.325,-0.295,36552.0,3559511.415,36735.0,,T1703.CFX,
446,T.CFX,20170112,97.27,97.3,97.36,97.66,97.35,97.355,97.545,0.055,0.245,36601.0,3568452.925,35974.0,,T1703.CFX,
447,T.CFX,20170113,97.355,97.545,97.39,97.61,97.335,97.495,97.52,-0.05,-0.025,28979.0,2824348.655,34882.0,,T1703.CFX,
448,T.CFX,20170116,97.495,97.52,97.48,97.72,96.85,96.86,96.94,-0.66,-0.58,45653.0,4439915.46,34807.0,,T1703.CFX,
449,T.CFX,20170117,96.86,96.94,96.5,96.83,96.485,96.6,96.6,-0.34,-0.34,35413.0,3422154.585,33490.0,,T1703.CFX,
450,T.CFX,20170118,96.6,95.24,95.29,95.57,95.17,95.24,95.28,0.0,0.04,19466.0,1856977.66,34973.0,,T1706.CFX,96.65
451,T.CFX,20170119,95.24,95.28,95.085,95.6,94.965,95.495,95.53,0.215,0.25,28038.0,2672385.84,36345.0,,T1706.CFX,
452,T.CFX,20170120,95.495,95.53,95.47,95.98,95.41,95.77,95.8,0.24,0.27,28193.0,2696885.12,35615.0,,T1706.CFX,
453,T.CFX,20170123,95.77,95.8,95.79,95.84,95.6,95.705,95.68,-0.095,-0.12,13967.0,1336517.575,35411.0,,T1706.CFX,
454,T.CFX,20170124,95.705,95.68,95.75,95.98,94.8,94.895,95.35,-0.785,-0.33,32824.0,3138640.99,38790.0,,T1706.CFX,
455,T.CFX,20170125,94.895,95.35,94.565,94.765,94.29,94.6,94.51,-0.75,-0.84,53533.0,5060376.285,43781.0,,T1706.CFX,
456,T.CFX,20170126,94.6,94.51,94.56,94.67,94.17,94.27,94.27,-0.24,-0.24,28293.0,2671445.54,44270.0,,T1706.CFX,
457,T.CFX,20170203,94.27,94.27,94.27,94.52,92.96,93.495,93.36,-0.775,-0.91,48312.0,4521134.815,49563.0,,T1706.CFX,
458,T.CFX,20170206,93.495,93.36,93.32,93.765,93.305,93.365,93.415,0.005,0.055,43533.0,4072780.46,51187.0,,T1706.CFX,
459,T.CFX,20170207,93.365,93.415,93.2,93.805,93.125,93.68,93.645,0.265,0.23,60748.0,5684360.745,52586.0,,T1706.CFX,
460,T.CFX,20170208,93.68,93.645,93.73,94.18,93.725,94.18,93.92,0.535,0.275,57771.0,5426892.61,52354.0,,T1706.CFX,
461,T.CFX,20170209,94.18,93.92,94.37,94.635,94.21,94.55,94.55,0.63,0.63,54471.0,5143008.43,52679.0,,T1706.CFX,
462,T.CFX,20170210,94.55,94.55,94.49,94.52,94.265,94.355,94.32,-0.195,-0.23,40869.0,3857980.925,52892.0,,T1706.CFX,
463,T.CFX,20170213,94.355,94.32,94.315,94.79,94.22,94.75,94.72,0.43,0.4,44641.0,4220437.395,53011.0,,T1706.CFX,
464,T.CFX,20170214,94.75,94.72,94.69,94.9,94.315,94.495,94.405,-0.225,-0.315,62949.0,5954055.545,54126.0,,T1706.CFX,
465,T.CFX,20170215,94.495,94.405,94.335,94.45,94.18,94.305,94.34,-0.1,-0.065,50508.0,4763409.2,56357.0,,T1706.CFX,
466,T.CFX,20170216,94.305,94.34,94.34,95.145,94.305,95.145,94.845,0.805,0.505,52308.0,4951815.755,54827.0,,T1706.CFX,
467,T.CFX,20170217,95.145,94.845,95.025,95.375,94.92,95.12,95.095,0.275,0.25,66495.0,6326018.185,51446.0,,T1706.CFX,
468,T.CFX,20170220,95.12,95.095,95.295,95.66,95.215,95.625,95.595,0.53,0.5,51492.0,4915195.105,51371.0,,T1706.CFX,
469,T.CFX,20170221,95.625,95.595,95.55,95.55,94.975,95.06,95.105,-0.535,-0.49,55177.0,5254063.36,52474.0,,T1706.CFX,
470,T.CFX,20170222,95.06,95.105,94.805,95.67,94.805,95.62,95.56,0.515,0.455,65649.0,6258078.02,54432.0,,T1706.CFX,
471,T.CFX,20170223,95.62,95.56,95.6,95.93,95.42,95.61,95.64,0.05,0.08,60564.0,5794206.7,55209.0,,T1706.CFX,
472,T.CFX,20170224,95.61,95.64,95.61,95.96,95.38,95.655,95.745,0.015,0.105,64745.0,6196744.765,55092.0,,T1706.CFX,
473,T.CFX,20170227,95.655,95.745,95.76,96.115,95.5,95.565,95.63,-0.18,-0.115,55850.0,5352522.275,55485.0,,T1706.CFX,
474,T.CFX,20170228,95.565,95.63,95.5,95.915,95.45,95.83,95.765,0.2,0.135,49942.0,4778088.695,55753.0,,T1706.CFX,
475,T.CFX,20170301,95.83,95.765,95.7,95.74,95.15,95.175,95.22,-0.59,-0.545,63650.0,6073176.205,56456.0,,T1706.CFX,
476,T.CFX,20170302,95.175,95.22,95.095,95.3,94.96,95.115,95.09,-0.105,-0.13,49569.0,4715557.06,56953.0,,T1706.CFX,
477,T.CFX,20170303,95.115,95.09,95.115,95.32,94.935,94.975,95.04,-0.115,-0.05,44542.0,4235280.935,57627.0,,T1706.CFX,
478,T.CFX,20170306,94.975,95.04,95.0,95.085,94.86,94.935,94.98,-0.105,-0.06,37014.0,3515627.33,59511.0,,T1706.CFX,
479,T.CFX,20170307,94.935,94.98,94.91,95.195,94.865,95.155,95.14,0.175,0.16,44347.0,4216165.04,58911.0,,T1706.CFX,
480,T.CFX,20170308,95.155,95.14,95.16,95.235,94.635,94.675,94.73,-0.465,-0.41,54665.0,5188234.765,61157.0,,T1706.CFX,
481,T.CFX,20170309,94.675,94.73,94.61,95.04,94.485,94.55,94.57,-0.18,-0.16,59041.0,5591251.06,64672.0,,T1706.CFX,
482,T.CFX,20170310,94.55,94.57,94.505,94.75,94.47,94.685,94.665,0.115,0.095,40887.0,3869130.685,65492.0,,T1706.CFX,
483,T.CFX,20170313,94.685,94.665,94.65,95.68,94.6,95.48,95.265,0.815,0.6,63019.0,5987128.925,63282.0,,T1706.CFX,
484,T.CFX,20170314,95.48,95.265,95.38,95.61,95.295,95.55,95.53,0.285,0.265,53879.0,5143181.14,61712.0,,T1706.CFX,
485,T.CFX,20170315,95.55,95.53,95.55,95.71,95.37,95.67,95.63,0.14,0.1,48927.0,4675366.02,60428.0,,T1706.CFX,
486,T.CFX,20170316,95.67,95.63,95.91,96.68,95.815,96.355,96.295,0.725,0.665,109383.0,10528398.365,57954.0,,T1706.CFX,
487,T.CFX,20170317,96.355,96.295,96.25,96.525,96.15,96.28,96.38,-0.015,0.085,42851.0,4128227.495,59209.0,,T1706.CFX,
488,T.CFX,20170320,96.28,96.38,96.3,96.545,96.12,96.365,96.4,-0.015,0.02,43778.0,4218679.815,58726.0,,T1706.CFX,
489,T.CFX,20170321,96.365,96.4,96.2,96.62,96.01,96.58,96.48,0.18,0.08,54341.0,5231791.08,59709.0,,T1706.CFX,
490,T.CFX,20170322,96.58,96.48,96.66,96.765,96.425,96.58,96.515,0.1,0.035,42864.0,4140871.58,57754.0,,T1706.CFX,
491,T.CFX,20170323,96.58,96.515,96.6,96.775,96.305,96.7,96.655,0.185,0.14,49448.0,4772295.195,58514.0,,T1706.CFX,
492,T.CFX,20170324,96.7,96.655,96.655,97.45,96.57,97.315,97.33,0.66,0.675,65277.0,6336764.5,57339.0,,T1706.CFX,
493,T.CFX,20170327,97.315,97.33,97.315,97.44,97.11,97.31,97.3,-0.02,-0.03,41506.0,4037796.16,54920.0,,T1706.CFX,
494,T.CFX,20170328,97.31,97.3,97.4,97.48,96.87,96.91,96.945,-0.39,-0.355,55238.0,5365295.645,54483.0,,T1706.CFX,
495,T.CFX,20170329,96.91,96.945,96.87,97.285,96.73,96.905,97.075,-0.04,0.13,52717.0,5111648.295,53680.0,,T1706.CFX,
496,T.CFX,20170330,96.905,97.075,96.91,96.99,96.59,96.85,96.785,-0.225,-0.29,60013.0,5808690.055,53447.0,,T1706.CFX,
497,T.CFX,20170331,96.85,96.785,96.87,97.15,96.66,96.84,96.85,0.055,0.065,55970.0,5422071.82,54247.0,,T1706.CFX,
498,T.CFX,20170405,96.84,96.85,97.01,97.225,96.325,96.54,96.52,-0.31,-0.33,55792.0,5400393.405,53896.0,,T1706.CFX,
499,T.CFX,20170406,96.54,96.52,96.495,96.82,96.435,96.81,96.715,0.29,0.195,45997.0,4443909.81,54901.0,,T1706.CFX,
500,T.CFX,20170407,96.81,96.715,96.825,97.165,96.815,97.16,97.06,0.445,0.345,58611.0,5685263.195,55374.0,,T1706.CFX,
501,T.CFX,20170410,97.16,97.06,97.095,97.12,96.735,96.835,96.845,-0.225,-0.215,48719.0,4719710.705,54546.0,,T1706.CFX,
502,T.CFX,20170411,96.835,96.845,96.775,97.0,96.62,96.935,96.915,0.09,0.07,49011.0,4743051.135,54718.0,,T1706.CFX,
503,T.CFX,20170412,96.935,96.915,97.055,97.18,96.725,96.77,96.795,-0.145,-0.12,45579.0,4417044.11,53864.0,,T1706.CFX,
504,T.CFX,20170413,96.77,96.795,96.91,97.075,96.58,96.905,96.805,0.11,0.01,54506.0,5281820.11,54045.0,,T1706.CFX,
505,T.CFX,20170414,96.905,96.805,96.9,97.0,96.46,96.49,96.585,-0.315,-0.22,45223.0,4373106.355,54090.0,,T1706.CFX,
506,T.CFX,20170417,96.49,96.585,96.37,96.58,96.025,96.065,96.09,-0.52,-0.495,58016.0,5585921.425,56368.0,,T1706.CFX,
507,T.CFX,20170418,96.065,96.09,95.945,96.255,95.845,96.15,96.16,0.06,0.07,49868.0,4790778.13,54573.0,,T1706.CFX,
508,T.CFX,20170419,96.15,96.16,96.27,96.37,96.07,96.275,96.19,0.115,0.03,45194.0,4348425.005,52945.0,,T1706.CFX,
509,T.CFX,20170420,96.275,96.19,96.15,96.35,95.96,96.225,96.24,0.035,0.05,44695.0,4297522.8,52471.0,,T1706.CFX,
510,T.CFX,20170421,96.225,96.24,96.1,96.24,95.725,95.835,95.85,-0.405,-0.39,49903.0,4791165.745,52360.0,,T1706.CFX,
511,T.CFX,20170424,95.835,95.85,95.69,95.78,95.27,95.39,95.355,-0.46,-0.495,53953.0,5152913.865,52350.0,,T1706.CFX,
512,T.CFX,20170425,95.39,95.355,95.39,95.96,95.385,95.88,95.865,0.525,0.51,52088.0,4983765.81,49358.0,,T1706.CFX,
513,T.CFX,20170426,95.88,95.865,95.795,96.08,95.755,95.93,95.91,0.065,0.045,48499.0,4651526.68,48030.0,,T1706.CFX,
514,T.CFX,20170427,95.93,95.91,95.95,96.25,95.825,96.095,96.125,0.185,0.215,49323.0,4736583.02,45591.0,,T1706.CFX,
515,T.CFX,20170428,96.095,96.125,96.045,96.105,95.795,95.91,95.885,-0.215,-0.24,42757.0,4102974.16,44592.0,,T1706.CFX,
516,T.CFX,20170502,95.91,95.885,95.9,96.13,95.67,95.775,95.735,-0.11,-0.15,45897.0,4401372.005,43600.0,,T1706.CFX,
517,T.CFX,20170503,95.775,95.735,95.655,95.775,95.33,95.665,95.6,-0.07,-0.135,49962.0,4776700.815,42050.0,,T1706.CFX,
518,T.CFX,20170504,95.665,95.6,95.64,95.78,95.18,95.18,95.3,-0.42,-0.3,51021.0,4870384.835,38863.0,,T1706.CFX,
519,T.CFX,20170505,95.18,95.3,95.22,95.36,95.065,95.235,95.145,-0.065,-0.155,43937.0,4183612.625,34650.0,,T1706.CFX,
520,T.CFX,20170508,95.235,95.145,95.2,95.325,94.79,94.84,94.905,-0.305,-0.24,37729.0,3583943.065,32166.0,,T1706.CFX,
521,T.CFX,20170509,94.84,94.215,94.02,94.35,94.01,94.015,94.055,-0.2,-0.16,27113.0,2552801.625,38892.0,,T1709.CFX,94.7
522,T.CFX,20170510,94.015,94.055,94.1,94.27,93.505,93.65,93.605,-0.405,-0.45,48686.0,4567187.685,45641.0,,T1709.CFX,
523,T.CFX,20170511,93.65,93.605,93.785,94.41,93.62,94.315,94.295,0.71,0.69,60856.0,5720115.06,47322.0,,T1709.CFX,
524,T.CFX,20170512,94.315,94.295,94.3,94.64,93.97,93.995,94.09,-0.3,-0.205,65956.0,6219208.755,48093.0,,T1709.CFX,
525,T.CFX,20170515,93.995,94.09,94.3,94.75,94.28,94.515,94.49,0.425,0.4,65247.0,6165827.535,49521.0,,T1709.CFX,
526,T.CFX,20170516,94.515,94.49,94.455,94.505,94.15,94.325,94.245,-0.165,-0.245,56179.0,5298758.93,51796.0,,T1709.CFX,
527,T.CFX,20170517,94.325,94.245,94.36,94.525,94.065,94.445,94.365,0.2,0.12,64620.0,6093999.835,51632.0,,T1709.CFX,
528,T.CFX,20170518,94.445,94.365,94.68,94.875,94.5,94.705,94.76,0.34,0.395,67671.0,6406911.115,51241.0,,T1709.CFX,
529,T.CFX,20170519,94.705,94.76,94.65,94.755,94.38,94.66,94.6,-0.1,-0.16,66374.0,6276151.855,51655.0,,T1709.CFX,
530,T.CFX,20170522,94.66,94.6,94.52,94.595,94.085,94.085,94.175,-0.515,-0.425,60470.0,5702328.75,54697.0,,T1709.CFX,
531,T.CFX,20170523,94.085,94.175,94.08,94.335,94.025,94.065,94.13,-0.11,-0.045,54121.0,5096777.955,53972.0,,T1709.CFX,
532,T.CFX,20170524,94.065,94.13,94.065,94.41,93.915,94.305,94.3,0.175,0.17,64775.0,6100043.545,52626.0,,T1709.CFX,
533,T.CFX,20170525,94.305,94.3,94.4,94.535,94.21,94.395,94.3,0.095,0.0,54373.0,5131370.39,52234.0,,T1709.CFX,
534,T.CFX,20170526,94.395,94.3,94.305,94.35,94.105,94.3,94.27,0.0,-0.03,45340.0,4272615.295,51972.0,,T1709.CFX,
535,T.CFX,20170531,94.3,94.27,94.42,94.74,94.39,94.71,94.67,0.44,0.4,44116.0,4172713.665,53020.0,,T1709.CFX,
536,T.CFX,20170601,94.71,94.67,94.6,94.85,94.505,94.81,94.72,0.14,0.05,47424.0,4490906.48,53477.0,,T1709.CFX,
537,T.CFX,20170602,94.81,94.72,94.79,94.85,94.575,94.78,94.765,0.06,0.045,45473.0,4306571.175,53754.0,,T1709.CFX,
538,T.CFX,20170605,94.78,94.765,94.785,95.18,94.785,95.01,95.085,0.245,0.32,46525.0,4420907.96,55098.0,,T1709.CFX,
539,T.CFX,20170606,95.01,95.085,94.995,95.11,94.765,94.835,94.83,-0.25,-0.255,47613.0,4519524.32,56488.0,,T1709.CFX,
540,T.CFX,20170607,94.835,94.83,94.73,95.01,94.49,94.94,94.875,0.11,0.045,75352.0,7138383.68,56291.0,,T1709.CFX,
541,T.CFX,20170608,94.94,94.875,94.94,95.03,94.78,94.86,94.825,-0.015,-0.05,45876.0,4353383.65,56389.0,,T1709.CFX,
542,T.CFX,20170609,94.86,94.825,94.87,95.11,94.8,94.955,94.995,0.13,0.17,45807.0,4349993.415,56042.0,,T1709.CFX,
543,T.CFX,20170612,94.955,94.995,95.05,95.45,95.05,95.34,95.37,0.345,0.375,47067.0,4485795.485,56356.0,,T1709.CFX,
544,T.CFX,20170613,95.34,95.37,95.58,95.645,95.335,95.435,95.395,0.065,0.025,42871.0,4093075.255,56020.0,,T1709.CFX,
545,T.CFX,20170614,95.435,95.395,95.35,95.625,95.27,95.525,95.535,0.13,0.14,46119.0,4403319.39,55825.0,,T1709.CFX,
546,T.CFX,20170615,95.525,95.535,95.65,95.86,95.305,95.43,95.395,-0.105,-0.14,61794.0,5904974.75,54197.0,,T1709.CFX,
547,T.CFX,20170616,95.43,95.395,95.33,95.46,95.2,95.345,95.365,-0.05,-0.03,44074.0,4201887.205,53969.0,,T1709.CFX,
548,T.CFX,20170619,95.345,95.365,95.46,95.985,95.46,95.93,95.915,0.565,0.55,48991.0,4691433.56,53159.0,,T1709.CFX,
549,T.CFX,20170620,95.93,95.915,96.065,96.095,95.765,95.835,95.83,-0.08,-0.085,47822.0,4585194.39,53365.0,,T1709.CFX,
550,T.CFX,20170621,95.835,95.83,95.8,95.9,95.44,95.485,95.53,-0.345,-0.3,56934.0,5447754.2,53652.0,,T1709.CFX,
551,T.CFX,20170622,95.485,95.53,95.445,95.525,95.205,95.225,95.365,-0.305,-0.165,60833.0,5802271.885,55603.0,,T1709.CFX,
552,T.CFX,20170623,95.225,95.365,95.28,95.505,95.27,95.42,95.38,0.055,0.015,44345.0,4230236.965,54273.0,,T1709.CFX,
553,T.CFX,20170626,95.42,95.38,95.49,95.79,95.425,95.75,95.725,0.37,0.345,46936.0,4487562.66,52840.0,,T1709.CFX,
554,T.CFX,20170627,95.75,95.725,95.8,95.93,95.645,95.705,95.785,-0.02,0.06,42363.0,4056997.72,52979.0,,T1709.CFX,
555,T.CFX,20170628,95.705,95.785,95.6,95.8,95.55,95.585,95.64,-0.2,-0.145,43551.0,4166226.71,53560.0,,T1709.CFX,
556,T.CFX,20170629,95.585,95.64,95.52,95.69,95.35,95.415,95.48,-0.225,-0.16,49394.0,4716744.365,53071.0,,T1709.CFX,
557,T.CFX,20170630,95.415,95.48,95.3,95.33,95.14,95.275,95.24,-0.205,-0.24,51518.0,4905687.42,52778.0,,T1709.CFX,
558,T.CFX,20170703,95.275,95.24,95.31,95.39,94.9,94.9,94.985,-0.34,-0.255,49337.0,4693859.955,56208.0,,T1709.CFX,
559,T.CFX,20170704,94.9,94.985,94.85,95.065,94.85,94.995,94.98,0.01,-0.005,39771.0,3777271.385,55281.0,,T1709.CFX,
560,T.CFX,20170705,94.995,94.98,94.92,95.265,94.905,95.235,95.175,0.255,0.195,48825.0,4642572.23,53789.0,,T1709.CFX,
561,T.CFX,20170706,95.235,95.175,95.295,95.465,95.23,95.35,95.36,0.175,0.185,43286.0,4127441.395,53330.0,,T1709.CFX,
562,T.CFX,20170707,95.35,95.36,95.25,95.435,95.105,95.115,95.215,-0.245,-0.145,49234.0,4690304.045,53819.0,,T1709.CFX,
563,T.CFX,20170710,95.115,95.215,95.15,95.3,95.05,95.095,95.11,-0.12,-0.105,39517.0,3760090.71,53528.0,,T1709.CFX,
564,T.CFX,20170711,95.095,95.11,95.075,95.35,95.06,95.19,95.23,0.08,0.12,45964.0,4376999.035,51666.0,,T1709.CFX,
565,T.CFX,20170712,95.19,95.23,95.28,95.48,95.19,95.27,95.29,0.04,0.06,49165.0,4687602.975,50938.0,,T1709.CFX,
566,T.CFX,20170713,95.27,95.29,95.375,95.575,95.31,95.405,95.365,0.115,0.075,47810.0,4563646.77,50553.0,,T1709.CFX,
567,T.CFX,20170714,95.405,95.365,95.35,95.4,95.25,95.395,95.34,0.03,-0.025,30873.0,2943066.57,50854.0,,T1709.CFX,
568,T.CFX,20170717,95.395,95.34,95.44,95.66,95.35,95.41,95.395,0.07,0.055,45520.0,4347262.98,50138.0,,T1709.CFX,
569,T.CFX,20170718,95.41,95.395,95.3,95.3,95.03,95.135,95.115,-0.26,-0.28,42281.0,4023407.73,48931.0,,T1709.CFX,
570,T.CFX,20170719,95.135,95.115,95.2,95.28,95.07,95.1,95.125,-0.015,0.01,40537.0,3858416.24,48492.0,,T1709.CFX,
571,T.CFX,20170720,95.1,95.125,95.18,95.375,95.165,95.34,95.315,0.215,0.19,34370.0,3275063.75,47642.0,,T1709.CFX,
572,T.CFX,20170721,95.34,95.315,95.38,95.44,95.195,95.22,95.23,-0.095,-0.085,30053.0,2864137.075,47808.0,,T1709.CFX,
573,T.CFX,20170724,95.22,95.23,95.255,95.355,95.225,95.335,95.3,0.105,0.07,26075.0,2484948.78,47722.0,,T1709.CFX,
574,T.CFX,20170725,95.335,95.3,95.335,95.385,95.085,95.12,95.12,-0.18,-0.18,35911.0,3418510.325,47932.0,,T1709.CFX,
575,T.CFX,20170726,95.12,95.12,95.01,95.09,94.85,94.85,94.915,-0.27,-0.205,34048.0,3234113.485,48427.0,,T1709.CFX,
576,T.CFX,20170727,94.85,94.915,94.95,95.09,94.755,95.05,95.0,0.135,0.085,48243.0,4579532.48,46502.0,,T1709.CFX,
577,T.CFX,20170728,95.05,95.0,95.04,95.07,94.905,94.96,94.95,-0.04,-0.05,24772.0,2353036.335,45299.0,,T1709.CFX,
578,T.CFX,20170731,94.96,94.95,94.98,94.98,94.66,94.685,94.71,-0.265,-0.24,34672.0,3286580.305,45109.0,,T1709.CFX,
579,T.CFX,20170801,94.685,94.71,94.665,94.77,94.5,94.55,94.535,-0.16,-0.175,37342.0,3533687.115,41654.0,,T1709.CFX,
580,T.CFX,20170802,94.55,94.535,94.685,94.77,94.585,94.645,94.64,0.11,0.105,33191.0,3142240.22,39037.0,,T1709.CFX,
581,T.CFX,20170803,94.645,94.64,94.645,94.79,94.56,94.72,94.725,0.08,0.085,33168.0,3140335.02,35975.0,,T1709.CFX,
582,T.CFX,20170804,94.72,94.725,94.75,94.875,94.68,94.74,94.735,0.015,0.01,29973.0,2840893.81,31864.0,,T1709.CFX,
583,T.CFX,20170807,94.74,94.735,94.6,94.64,94.355,94.385,94.41,-0.35,-0.325,30420.0,2874591.52,28095.0,,T1709.CFX,
584,T.CFX,20170808,94.385,94.335,94.28,94.43,94.215,94.355,94.365,0.02,0.03,23549.0,2221544.715,41108.0,,T1712.CFX,94.455
585,T.CFX,20170809,94.355,94.365,94.415,94.475,94.28,94.345,94.34,-0.02,-0.025,26700.0,2519777.85,46649.0,,T1712.CFX,
586,T.CFX,20170810,94.345,94.34,94.41,94.555,94.405,94.49,94.455,0.15,0.115,31123.0,2940440.725,49787.0,,T1712.CFX,
587,T.CFX,20170811,94.49,94.455,94.61,94.76,94.61,94.65,94.67,0.195,0.215,29224.0,2766847.615,49932.0,,T1712.CFX,
588,T.CFX,20170814,94.65,94.67,94.64,94.96,94.52,94.95,94.9,0.28,0.23,41076.0,3894544.53,52994.0,,T1712.CFX,
589,T.CFX,20170815,94.95,94.9,95.04,95.085,94.905,94.975,94.97,0.075,0.07,31551.0,2996886.1,52545.0,,T1712.CFX,
590,T.CFX,20170816,94.975,94.97,94.88,94.97,94.84,94.92,94.92,-0.05,-0.05,31363.0,2976928.645,53190.0,,T1712.CFX,
591,T.CFX,20170817,94.92,94.92,94.98,94.985,94.8,94.955,94.935,0.035,0.015,28689.0,2722145.515,54029.0,,T1712.CFX,
592,T.CFX,20170818,94.955,94.935,95.015,95.11,94.905,94.92,94.935,-0.015,0.0,30682.0,2915028.5,55398.0,,T1712.CFX,
593,T.CFX,20170821,94.92,94.935,94.86,94.89,94.73,94.825,94.795,-0.11,-0.14,26797.0,2540439.32,56375.0,,T1712.CFX,
594,T.CFX,20170822,94.825,94.795,94.825,94.87,94.64,94.815,94.73,0.02,-0.065,34500.0,3268843.19,57436.0,,T1712.CFX,
595,T.CFX,20170823,94.815,94.73,94.85,94.95,94.735,94.74,94.765,0.01,0.035,32640.0,3095387.635,58039.0,,T1712.CFX,
596,T.CFX,20170824,94.74,94.765,94.77,94.785,94.585,94.695,94.665,-0.07,-0.1,32232.0,3051656.39,59186.0,,T1712.CFX,
597,T.CFX,20170825,94.695,94.665,94.64,94.735,94.575,94.61,94.63,-0.055,-0.035,24391.0,2308539.245,59896.0,,T1712.CFX,
598,T.CFX,20170828,94.61,94.63,94.635,94.67,94.505,94.505,94.55,-0.125,-0.08,27437.0,2594622.415,61313.0,,T1712.CFX,
599,T.CFX,20170829,94.505,94.55,94.46,94.695,94.42,94.68,94.65,0.13,0.1,28107.0,2658567.485,60577.0,,T1712.CFX,
600,T.CFX,20170830,94.68,94.65,94.65,94.78,94.575,94.77,94.745,0.12,0.095,30471.0,2884564.365,59916.0,,T1712.CFX,
601,T.CFX,20170831,94.77,94.745,94.71,94.87,94.705,94.85,94.84,0.105,0.095,27128.0,2571651.145,59774.0,,T1712.CFX,
602,T.CFX,20170901,94.85,94.84,94.8,94.85,94.725,94.725,94.75,-0.115,-0.09,20612.0,1953607.28,59283.0,,T1712.CFX,
603,T.CFX,20170904,94.725,94.75,94.68,94.805,94.625,94.695,94.74,-0.055,-0.01,25078.0,2375366.63,60223.0,,T1712.CFX,
604,T.CFX,20170905,94.695,94.74,94.67,94.68,94.495,94.495,94.54,-0.245,-0.2,32628.0,3086061.32,62119.0,,T1712.CFX,
605,T.CFX,20170906,94.495,94.54,94.57,94.74,94.55,94.71,94.71,0.17,0.17,32073.0,3035557.845,60794.0,,T1712.CFX,
606,T.CFX,20170907,94.71,94.71,94.715,95.01,94.695,94.995,94.91,0.285,0.2,35339.0,3351358.915,62909.0,,T1712.CFX,
607,T.CFX,20170908,94.995,94.91,95.13,95.26,95.03,95.155,95.165,0.245,0.255,38237.0,3637698.31,63968.0,,T1712.CFX,
608,T.CFX,20170911,95.155,95.165,95.125,95.195,95.045,95.045,95.075,-0.12,-0.09,26565.0,2526651.885,64841.0,,T1712.CFX,
609,T.CFX,20170912,95.045,95.075,95.0,95.225,94.955,95.13,95.17,0.055,0.095,34371.0,3268337.645,68321.0,,T1712.CFX,
610,T.CFX,20170913,95.13,95.17,95.12,95.16,94.98,94.995,95.005,-0.175,-0.165,29465.0,2800749.77,68231.0,,T1712.CFX,
611,T.CFX,20170914,94.995,95.005,95.0,95.405,94.99,95.39,95.34,0.385,0.335,46483.0,4426731.57,72314.0,,T1712.CFX,
612,T.CFX,20170915,95.39,95.34,95.4,95.465,95.285,95.355,95.355,0.015,0.015,29439.0,2807725.725,75172.0,,T1712.CFX,
613,T.CFX,20170918,95.355,95.355,95.38,95.395,95.05,95.08,95.105,-0.275,-0.25,36782.0,3501863.39,75501.0,,T1712.CFX,
614,T.CFX,20170919,95.08,95.105,95.075,95.22,95.065,95.185,95.18,0.08,0.075,24753.0,2355481.11,75334.0,,T1712.CFX,
615,T.CFX,20170920,95.185,95.18,95.22,95.23,95.05,95.12,95.11,-0.06,-0.07,27744.0,2638803.375,75091.0,,T1712.CFX,
616,T.CFX,20170921,95.12,95.11,95.075,95.2,94.77,94.97,94.96,-0.14,-0.15,35365.0,3359595.275,75017.0,,T1712.CFX,
617,T.CFX,20170922,94.97,94.96,94.985,95.14,94.985,95.115,95.11,0.155,0.15,22040.0,2095240.14,74306.0,,T1712.CFX,
618,T.CFX,20170925,95.115,95.11,95.18,95.335,95.17,95.23,95.25,0.12,0.14,27234.0,2594459.56,75738.0,,T1712.CFX,
619,T.CFX,20170926,95.23,95.25,95.21,95.26,95.155,95.225,95.2,-0.025,-0.05,19052.0,1813718.435,75624.0,,T1712.CFX,
620,T.CFX,20170927,95.225,95.2,95.18,95.18,95.07,95.16,95.135,-0.04,-0.065,24695.0,2349026.17,73326.0,,T1712.CFX,
621,T.CFX,20170928,95.16,95.135,95.235,95.3,95.205,95.26,95.26,0.125,0.125,22633.0,2155850.79,73177.0,,T1712.CFX,
622,T.CFX,20170929,95.26,95.26,95.3,95.33,95.14,95.19,95.21,-0.07,-0.05,19494.0,1855870.655,71544.0,,T1712.CFX,
623,T.CFX,20171009,95.19,95.21,95.165,95.17,94.86,94.865,94.905,-0.345,-0.305,25014.0,2375947.32,71353.0,,T1712.CFX,
624,T.CFX,20171010,94.865,94.905,94.92,94.995,94.845,94.935,94.945,0.03,0.04,21234.0,2015444.56,70913.0,,T1712.CFX,
625,T.CFX,20171011,94.935,94.945,94.925,94.985,94.83,94.885,94.915,-0.06,-0.03,23448.0,2225433.995,71809.0,,T1712.CFX,
626,T.CFX,20171012,94.885,94.915,94.89,94.95,94.605,94.615,94.645,-0.3,-0.27,31493.0,2983651.39,73022.0,,T1712.CFX,
627,T.CFX,20171013,94.615,94.645,94.68,94.77,94.615,94.615,94.66,-0.03,0.015,22901.0,2168637.625,71748.0,,T1712.CFX,
628,T.CFX,20171016,94.615,94.66,94.43,94.44,94.26,94.315,94.345,-0.345,-0.315,31054.0,2930239.83,71857.0,,T1712.CFX,
629,T.CFX,20171017,94.315,94.345,94.27,94.385,93.89,93.995,94.01,-0.35,-0.335,46056.0,4336375.485,72753.0,,T1712.CFX,
630,T.CFX,20171018,93.995,94.01,94.14,94.17,93.865,94.04,93.955,0.03,-0.055,41795.0,3930374.45,70078.0,,T1712.CFX,
631,T.CFX,20171019,94.04,93.955,94.16,94.5,94.075,94.175,94.155,0.22,0.2,45421.0,4279880.395,69131.0,,T1712.CFX,
632,T.CFX,20171020,94.175,94.155,94.15,94.315,94.07,94.08,94.15,-0.075,-0.005,32433.0,3054673.42,69188.0,,T1712.CFX,
633,T.CFX,20171023,94.08,94.15,94.06,94.205,93.935,94.16,94.15,0.01,0.0,32747.0,3080855.985,69980.0,,T1712.CFX,
634,T.CFX,20171024,94.16,94.15,94.155,94.22,94.06,94.145,94.11,-0.005,-0.04,20919.0,1969263.705,69225.0,,T1712.CFX,
635,T.CFX,20171025,94.145,94.11,94.06,94.075,93.57,93.575,93.645,-0.535,-0.465,46180.0,4333003.08,70158.0,,T1712.CFX,
636,T.CFX,20171026,93.575,93.645,93.62,93.78,93.32,93.77,93.69,0.125,0.045,51865.0,4851957.435,65413.0,,T1712.CFX,
637,T.CFX,20171027,93.77,93.69,93.75,93.76,93.26,93.275,93.385,-0.415,-0.305,37233.0,3482021.505,65235.0,,T1712.CFX,
638,T.CFX,20171030,93.275,93.385,93.07,93.085,92.23,92.56,92.395,-0.825,-0.99,81935.0,7594766.43,61877.0,,T1712.CFX,
639,T.CFX,20171031,92.56,92.395,92.745,92.88,92.51,92.68,92.725,0.285,0.33,58772.0,5448809.42,59934.0,,T1712.CFX,
640,T.CFX,20171101,92.68,92.725,92.725,93.085,92.71,92.935,93.025,0.21,0.3,51549.0,4791292.87,55783.0,,T1712.CFX,
641,T.CFX,20171102,92.935,93.025,92.9,93.07,92.78,92.83,92.85,-0.195,-0.175,40290.0,3743349.905,52396.0,,T1712.CFX,
642,T.CFX,20171103,92.83,92.85,92.805,92.985,92.645,92.905,92.885,0.055,0.035,45611.0,4233503.925,49004.0,,T1712.CFX,
643,T.CFX,20171106,92.905,92.885,92.88,93.105,92.81,93.065,93.005,0.18,0.12,32679.0,3037946.03,45284.0,,T1712.CFX,
644,T.CFX,20171107,93.065,93.005,93.03,93.06,92.575,92.7,92.69,-0.305,-0.315,43740.0,4058728.985,38828.0,,T1712.CFX,
645,T.CFX,20171108,92.7,92.69,92.7,92.97,92.51,92.85,92.89,0.16,0.2,41189.0,3820306.04,33298.0,,T1712.CFX,
646,T.CFX,20171109,92.85,92.945,92.99,93.05,92.75,92.805,92.815,-0.14,-0.13,21591.0,2005842.77,39475.0,,T1803.CFX,92.735
647,T.CFX,20171110,92.805,92.815,92.805,92.87,92.58,92.75,92.75,-0.065,-0.065,25643.0,2377631.52,43487.0,,T1803.CFX,
648,T.CFX,20171113,92.75,92.75,92.75,92.75,92.085,92.125,92.2,-0.625,-0.55,49940.0,4613744.53,53393.0,,T1803.CFX,
649,T.CFX,20171114,92.125,92.2,92.15,92.45,91.83,92.445,92.255,0.245,0.055,77340.0,7125630.97,56237.0,,T1803.CFX,
650,T.CFX,20171115,92.445,92.255,92.485,92.59,92.31,92.43,92.475,0.175,0.22,51001.0,4715376.98,58726.0,,T1803.CFX,
651,T.CFX,20171116,92.43,92.475,92.51,92.825,92.48,92.725,92.73,0.25,0.255,47756.0,4426396.86,58736.0,,T1803.CFX,
652,T.CFX,20171117,92.725,92.73,92.695,92.795,92.56,92.695,92.705,-0.035,-0.025,35073.0,3251362.39,60234.0,,T1803.CFX,
653,T.CFX,20171120,92.695,92.705,92.73,92.88,92.425,92.605,92.555,-0.1,-0.15,51677.0,4786477.415,62037.0,,T1803.CFX,
654,T.CFX,20171121,92.605,92.555,92.45,92.65,92.22,92.555,92.535,0.0,-0.02,67800.0,6265821.645,62447.0,,T1803.CFX,
655,T.CFX,20171122,92.555,92.535,92.27,92.34,92.01,92.05,92.12,-0.485,-0.415,55862.0,5149322.805,66075.0,,T1803.CFX,
656,T.CFX,20171123,92.05,92.12,92.075,92.355,92.035,92.105,92.125,-0.015,0.005,48063.0,4432364.645,64765.0,,T1803.CFX,
657,T.CFX,20171124,92.105,92.125,92.305,92.55,92.22,92.48,92.46,0.355,0.335,44399.0,4102516.41,63949.0,,T1803.CFX,
658,T.CFX,20171127,92.48,92.46,92.565,92.605,92.35,92.42,92.41,-0.04,-0.05,36510.0,3376406.925,63055.0,,T1803.CFX,
659,T.CFX,20171128,92.42,92.41,92.45,92.575,92.22,92.3,92.31,-0.11,-0.1,44992.0,4156518.95,64871.0,,T1803.CFX,
660,T.CFX,20171129,92.3,92.31,92.29,93.03,92.21,92.975,92.765,0.665,0.455,53986.0,4997245.895,62093.0,,T1803.CFX,
661,T.CFX,20171130,92.975,92.765,92.855,93.12,92.695,93.04,92.995,0.275,0.23,45815.0,4254754.01,60117.0,,T1803.CFX,
662,T.CFX,20171201,93.04,92.995,92.91,93.195,92.845,92.98,92.995,-0.015,0.0,52469.0,4879057.665,57694.0,,T1803.CFX,
663,T.CFX,20171204,92.98,92.995,92.945,93.1,92.7,92.99,93.005,-0.005,0.01,44809.0,4163259.905,58201.0,,T1803.CFX,
664,T.CFX,20171205,92.99,93.005,93.13,93.27,92.81,92.95,92.9,-0.055,-0.105,55371.0,5153173.86,57757.0,,T1803.CFX,
665,T.CFX,20171206,92.95,92.9,92.97,93.11,92.745,92.985,93.04,0.085,0.14,43523.0,4044586.895,56075.0,,T1803.CFX,
666,T.CFX,20171207,92.985,93.04,93.04,93.085,92.81,92.89,92.89,-0.15,-0.15,36200.0,3363961.21,57705.0,,T1803.CFX,
667,T.CFX,20171208,92.89,92.89,92.95,92.965,92.63,92.675,92.715,-0.215,-0.175,40358.0,3743493.08,58235.0,,T1803.CFX,
668,T.CFX,20171211,92.675,92.715,92.67,92.715,92.375,92.48,92.55,-0.235,-0.165,50294.0,4653702.635,59201.0,,T1803.CFX,
669,T.CFX,20171212,92.48,92.55,92.34,92.555,92.265,92.395,92.45,-0.155,-0.1,42978.0,3972693.785,60839.0,,T1803.CFX,
670,T.CFX,20171213,92.395,92.45,92.365,92.535,92.315,92.445,92.41,-0.005,-0.04,35122.0,3246033.45,60520.0,,T1803.CFX,
671,T.CFX,20171214,92.445,92.41,92.6,92.755,92.55,92.63,92.62,0.22,0.21,39281.0,3639000.97,59501.0,,T1803.CFX,
672,T.CFX,20171215,92.63,92.62,92.65,92.98,92.64,92.905,92.885,0.285,0.265,39611.0,3677869.94,59157.0,,T1803.CFX,
673,T.CFX,20171218,92.905,92.885,92.985,93.12,92.78,92.86,92.835,-0.025,-0.05,31245.0,2904182.485,59487.0,,T1803.CFX,
674,T.CFX,20171219,92.86,92.835,92.865,92.985,92.77,92.82,92.85,-0.015,0.015,33751.0,3134377.19,60051.0,,T1803.CFX,
675,T.CFX,20171220,92.82,92.85,92.75,92.905,92.705,92.875,92.86,0.025,0.01,31808.0,2951776.375,60375.0,,T1803.CFX,
676,T.CFX,20171221,92.875,92.86,92.83,92.9,92.71,92.895,92.845,0.035,-0.015,31143.0,2889722.73,60192.0,,T1803.CFX,
677,T.CFX,20171222,92.895,92.845,92.905,93.235,92.87,93.22,93.17,0.375,0.325,37665.0,3506405.34,60633.0,,T1803.CFX,
678,T.CFX,20171225,93.22,93.17,93.21,93.295,93.05,93.08,93.09,-0.09,-0.08,31172.0,2903881.47,59680.0,,T1803.CFX,
679,T.CFX,20171226,93.08,93.09,93.095,93.135,92.915,92.94,92.99,-0.15,-0.1,29362.0,2731882.91,60142.0,,T1803.CFX,
680,T.CFX,20171227,92.94,92.99,92.95,93.03,92.905,92.99,92.985,0.0,-0.005,18054.0,1678428.495,59664.0,,T1803.CFX,
681,T.CFX,20171228,92.99,92.985,93.035,93.25,93.005,93.09,93.13,0.105,0.145,22210.0,2068544.145,59980.0,,T1803.CFX,
682,T.CFX,20171229,93.09,93.13,93.09,93.23,92.885,93.165,93.175,0.035,0.045,32403.0,3015624.775,59259.0,,T1803.CFX,
