ts_code,mapping_ts_code,trade_date,pre_close,pre_settle,open,high,low,close,settle,change1,change2,vol,amount,oi,oi_chg,pre_main_close,roll_factor,adj_close,adj_open,adj_high,adj_low,adj_settle
AD.SHF,AD2511.SHF,20250610,,18365.0,19400.0,19500.0,19070.0,19190.0,19225.0,825.0,860.0,52297.0,1005669.645,9723.0,,,1.0,19190.0,19400.0,19500.0,19070.0,19225.0
AD.SHF,AD2511.SHF,20250611,19190.0,19225.0,19200.0,19525.0,19200.0,19400.0,19355.0,175.0,130.0,27911.0,540254.945,10419.0,696.0,,1.0,19400.0,19200.0,19525.0,19200.0,19355.0
AD.SHF,AD2511.SHF,20250612,19400.0,19355.0,19435.0,19490.0,19355.0,19460.0,19425.0,105.0,70.0,12742.0,247572.965,10862.0,443.0,,1.0,19460.0,19435.0,19490.0,19355.0,19425.0
AD.SHF,AD2511.SHF,20250613,19460.0,19425.0,19455.0,19520.0,19330.0,19430.0,19410.0,5.0,-15.0,11290.0,219183.285,9162.0,-1700.0,,1.0,19430.0,19455.0,19520.0,19330.0,19410.0
AD.SHF,AD2511.SHF,20250616,19430.0,19410.0,19400.0,19480.0,19355.0,19470.0,19420.0,60.0,10.0,5526.0,107319.365,8673.0,-489.0,,1.0,19470.0,19400.0,19480.0,19355.0,19420.0
AD.SHF,AD2511.SHF,20250617,19470.0,19420.0,19500.0,19630.0,19440.0,19565.0,19545.0,145.0,125.0,9114.0,178147.42,8964.0,291.0,,1.0,19565.0,19500.0,19630.0,19440.0,19545.0
AD.SHF,AD2511.SHF,20250618,19565.0,19545.0,19590.0,19740.0,19580.0,19730.0,19660.0,185.0,115.0,7319.0,143923.08,9124.0,160.0,,1.0,19730.0,19590.0,19740.0,19580.0,19660.0
AD.SHF,AD2511.SHF,20250619,19730.0,19660.0,19720.0,19840.0,19620.0,19780.0,19745.0,120.0,85.0,11085.0,218892.1,8389.0,-735.0,,1.0,19780.0,19720.0,19840.0,19620.0,19745.0
AD.SHF,AD2511.SHF,20250620,19780.0,19745.0,19715.0,19780.0,19625.0,19640.0,19695.0,-105.0,-50.0,5622.0,110735.03,8378.0,-11.0,,1.0,19640.0,19715.0,19780.0,19625.0,19695.0
AD.SHF,AD2511.SHF,20250623,19640.0,19695.0,19665.0,19800.0,19640.0,19680.0,19695.0,-15.0,0.0,4196.0,82659.51,8243.0,-135.0,,1.0,19680.0,19665.0,19800.0,19640.0,19695.0
AD.SHF,AD2511.SHF,20250624,19680.0,19695.0,19700.0,19740.0,19520.0,19625.0,19625.0,-70.0,-70.0,4796.0,94124.26,8063.0,-180.0,,1.0,19625.0,19700.0,19740.0,19520.0,19625.0
AD.SHF,AD2511.SHF,20250625,19625.0,19625.0,19625.0,19700.0,19530.0,19700.0,19600.0,75.0,-25.0,3694.0,72412.935,7903.0,-160.0,,1.0,19700.0,19625.0,19700.0,19530.0,19600.0
AD.SHF,AD2511.SHF,20250626,19700.0,19600.0,19700.0,19750.0,19640.0,19715.0,19690.0,115.0,90.0,2805.0,55243.055,7964.0,61.0,,1.0,19715.0,19700.0,19750.0,19640.0,19690.0
AD.SHF,AD2511.SHF,20250627,19715.0,19690.0,19705.0,19885.0,19705.0,19790.0,19805.0,100.0,115.0,6043.0,119698.005,8226.0,262.0,,1.0,19790.0,19705.0,19885.0,19705.0,19805.0
AD.SHF,AD2511.SHF,20250630,19790.0,19805.0,19835.0,19835.0,19715.0,19800.0,19775.0,-5.0,-30.0,2740.0,54192.935,8279.0,53.0,,1.0,19800.0,19835.0,19835.0,19715.0,19775.0
AD.SHF,AD2511.SHF,20250701,19800.0,19775.0,19785.0,19860.0,19720.0,19825.0,19795.0,50.0,20.0,3098.0,61326.435,8539.0,260.0,,1.0,19825.0,19785.0,19860.0,19720.0,19795.0
AD.SHF,AD2511.SHF,20250702,19825.0,19795.0,19830.0,19945.0,19810.0,19885.0,19900.0,90.0,105.0,5305.0,105576.63,8930.0,391.0,,1.0,19885.0,19830.0,19945.0,19810.0,19900.0
AD.SHF,AD2511.SHF,20250703,19885.0,19900.0,19880.0,19985.0,19880.0,19965.0,19935.0,65.0,35.0,4575.0,91203.53,9367.0,437.0,,1.0,19965.0,19880.0,19985.0,19880.0,19935.0
AD.SHF,AD2511.SHF,20250704,19965.0,19935.0,19950.0,19965.0,19825.0,19885.0,19905.0,-50.0,-30.0,3705.0,73760.23,9250.0,-117.0,,1.0,19885.0,19950.0,19965.0,19825.0,19905.0
AD.SHF,AD2511.SHF,20250707,19885.0,19905.0,19885.0,19885.0,19685.0,19750.0,19760.0,-155.0,-145.0,4207.0,83149.065,8448.0,-802.0,,1.0,19750.0,19885.0,19885.0,19685.0,19760.0
AD.SHF,AD2511.SHF,20250708,19750.0,19760.0,19755.0,19895.0,19735.0,19850.0,19810.0,90.0,50.0,3096.0,61346.29,8685.0,237.0,,1.0,19850.0,19755.0,19895.0,19735.0,19810.0
AD.SHF,AD2511.SHF,20250709,19850.0,19810.0,19855.0,19885.0,19770.0,19830.0,19835.0,20.0,25.0,2249.0,44609.405,8571.0,-114.0,,1.0,19830.0,19855.0,19885.0,19770.0,19835.0
AD.SHF,AD2511.SHF,20250710,19830.0,19835.0,19820.0,20000.0,19780.0,19940.0,19935.0,105.0,100.0,4446.0,88646.555,8813.0,242.0,,1.0,19940.0,19820.0,20000.0,19780.0,19935.0
AD.SHF,AD2511.SHF,20250711,19940.0,19935.0,19945.0,20050.0,19915.0,19930.0,19980.0,-5.0,45.0,3038.0,60702.855,8851.0,38.0,,1.0,19930.0,19945.0,20050.0,19915.0,19980.0
AD.SHF,AD2511.SHF,20250714,19930.0,19980.0,19880.0,19950.0,19700.0,19805.0,19790.0,-175.0,-190.0,4628.0,91608.395,8293.0,-558.0,,1.0,19805.0,19880.0,19950.0,19700.0,19790.0
AD.SHF,AD2511.SHF,20250715,19805.0,19790.0,19790.0,19830.0,19720.0,19790.0,19775.0,0.0,-15.0,2193.0,43368.145,8308.0,15.0,,1.0,19790.0,19790.0,19830.0,19720.0,19775.0
AD.SHF,AD2511.SHF,20250716,19790.0,19775.0,19785.0,19865.0,19750.0,19820.0,19810.0,45.0,35.0,1985.0,39323.455,8393.0,85.0,,1.0,19820.0,19785.0,19865.0,19750.0,19810.0
AD.SHF,AD2511.SHF,20250717,19820.0,19810.0,19780.0,19875.0,19755.0,19845.0,19835.0,35.0,25.0,1825.0,36200.17,8279.0,-114.0,,1.0,19845.0,19780.0,19875.0,19755.0,19835.0
AD.SHF,AD2511.SHF,20250718,19845.0,19835.0,19810.0,19950.0,19810.0,19875.0,19885.0,40.0,50.0,2598.0,51667.345,8445.0,166.0,,1.0,19875.0,19810.0,19950.0,19810.0,19885.0
AD.SHF,AD2511.SHF,20250721,19875.0,19885.0,19885.0,20225.0,19885.0,20165.0,20100.0,280.0,215.0,6973.0,140191.165,10019.0,1574.0,,1.0,20165.0,19885.0,20225.0,19885.0,20100.0
AD.SHF,AD2511.SHF,20250722,20165.0,20100.0,20125.0,20300.0,20125.0,20280.0,20215.0,180.0,115.0,4377.0,88488.975,9938.0,-81.0,,1.0,20280.0,20125.0,20300.0,20125.0,20215.0
AD.SHF,AD2511.SHF,20250723,20280.0,20215.0,20300.0,20350.0,20080.0,20155.0,20210.0,-60.0,-5.0,3812.0,77058.33,9445.0,-493.0,,1.0,20155.0,20300.0,20350.0,20080.0,20210.0
AD.SHF,AD2511.SHF,20250724,20155.0,20210.0,20150.0,20210.0,20060.0,20135.0,20130.0,-75.0,-80.0,2731.0,54977.76,9191.0,-254.0,,1.0,20135.0,20150.0,20210.0,20060.0,20130.0
AD.SHF,AD2511.SHF,20250725,20135.0,20130.0,20135.0,20205.0,20090.0,20135.0,20150.0,5.0,20.0,2103.0,42377.595,9207.0,16.0,,1.0,20135.0,20135.0,20205.0,20090.0,20150.0
AD.SHF,AD2511.SHF,20250728,20135.0,20150.0,20110.0,20170.0,19960.0,20025.0,20035.0,-125.0,-115.0,3505.0,70223.76,9085.0,-122.0,,1.0,20025.0,20110.0,20170.0,19960.0,20035.0
AD.SHF,AD2511.SHF,20250729,20025.0,20035.0,20050.0,20090.0,19990.0,20020.0,20040.0,-15.0,5.0,1744.0,34953.265,8864.0,-221.0,,1.0,20020.0,20050.0,20090.0,19990.0,20040.0
AD.SHF,AD2511.SHF,20250730,20020.0,20040.0,19945.0,20085.0,19945.0,20070.0,20035.0,30.0,-5.0,1594.0,31942.005,8850.0,-14.0,,1.0,20070.0,19945.0,20085.0,19945.0,20035.0
AD.SHF,AD2511.SHF,20250731,20070.0,20035.0,20090.0,20095.0,19910.0,19950.0,19980.0,-85.0,-55.0,2079.0,41540.335,8479.0,-371.0,,1.0,19950.0,20090.0,20095.0,19910.0,19980.0
AD.SHF,AD2511.SHF,20250801,19950.0,19980.0,19950.0,19950.0,19850.0,19920.0,19890.0,-60.0,-90.0,2098.0,41735.715,8431.0,-48.0,,1.0,19920.0,19950.0,19950.0,19850.0,19890.0
AD.SHF,AD2511.SHF,20250804,19920.0,19890.0,19870.0,19975.0,19800.0,19930.0,19880.0,40.0,-10.0,1599.0,31788.715,8246.0,-185.0,,1.0,19930.0,19870.0,19975.0,19800.0,19880.0
AD.SHF,AD2511.SHF,20250805,19930.0,19880.0,19915.0,20020.0,19865.0,20005.0,19940.0,125.0,60.0,1167.0,23274.935,8295.0,49.0,,1.0,20005.0,19915.0,20020.0,19865.0,19940.0
AD.SHF,AD2511.SHF,20250806,20005.0,19940.0,20010.0,20100.0,19945.0,20075.0,20020.0,135.0,80.0,2037.0,40788.04,8333.0,38.0,,1.0,20075.0,20010.0,20100.0,19945.0,20020.0
AD.SHF,AD2511.SHF,20250807,20075.0,20020.0,20160.0,20215.0,20115.0,20135.0,20160.0,115.0,140.0,1954.0,39393.735,8695.0,362.0,,1.0,20135.0,20160.0,20215.0,20115.0,20160.0
AD.SHF,AD2511.SHF,20250808,20135.0,20160.0,19980.0,20115.0,19980.0,20110.0,20065.0,-50.0,-95.0,1125.0,22576.475,8574.0,-121.0,,1.0,20110.0,19980.0,20115.0,19980.0,20065.0
AD.SHF,AD2511.SHF,20250811,20110.0,20065.0,20110.0,20165.0,20050.0,20135.0,20105.0,70.0,40.0,1008.0,20268.335,8606.0,32.0,,1.0,20135.0,20110.0,20165.0,20050.0,20105.0
AD.SHF,AD2511.SHF,20250812,20135.0,20105.0,20090.0,20160.0,20020.0,20140.0,20090.0,35.0,-15.0,1005.0,20195.39,8616.0,10.0,,1.0,20140.0,20090.0,20160.0,20020.0,20090.0
AD.SHF,AD2511.SHF,20250813,20140.0,20090.0,20210.0,20270.0,20165.0,20200.0,20210.0,110.0,120.0,2238.0,45230.25,8644.0,28.0,,1.0,20200.0,20210.0,20270.0,20165.0,20210.0
AD.SHF,AD2511.SHF,20250814,20200.0,20210.0,20175.0,20195.0,20080.0,20140.0,20130.0,-70.0,-80.0,1639.0,33000.31,8312.0,-332.0,,1.0,20140.0,20175.0,20195.0,20080.0,20130.0
AD.SHF,AD2511.SHF,20250815,20140.0,20130.0,20115.0,20225.0,20115.0,20165.0,20165.0,35.0,35.0,1392.0,28069.785,8161.0,-151.0,,1.0,20165.0,20115.0,20225.0,20115.0,20165.0
AD.SHF,AD2511.SHF,20250818,20165.0,20165.0,20250.0,20250.0,19950.0,20090.0,20060.0,-75.0,-105.0,2389.0,47931.415,7988.0,-173.0,,1.0,20090.0,20250.0,20250.0,19950.0,20060.0
AD.SHF,AD2511.SHF,20250819,20090.0,20060.0,20100.0,20145.0,20025.0,20095.0,20085.0,35.0,25.0,1452.0,29166.185,7912.0,-76.0,,1.0,20095.0,20100.0,20145.0,20025.0,20085.0
AD.SHF,AD2511.SHF,20250820,20095.0,20085.0,20050.0,20095.0,20000.0,20075.0,20045.0,-10.0,-40.0,1762.0,35326.605,7889.0,-23.0,,1.0,20075.0,20050.0,20095.0,20000.0,20045.0
AD.SHF,AD2511.SHF,20250821,20075.0,20045.0,20090.0,20185.0,20075.0,20125.0,20130.0,80.0,85.0,1361.0,27399.43,7973.0,84.0,,1.0,20125.0,20090.0,20185.0,20075.0,20130.0
AD.SHF,AD2511.SHF,20250822,20125.0,20130.0,20130.0,20240.0,20105.0,20175.0,20190.0,45.0,60.0,1549.0,31280.67,7894.0,-79.0,,1.0,20175.0,20130.0,20240.0,20105.0,20190.0
AD.SHF,AD2511.SHF,20250825,20175.0,20190.0,20170.0,20340.0,20170.0,20330.0,20280.0,140.0,90.0,2355.0,47760.035,8185.0,291.0,,1.0,20330.0,20170.0,20340.0,20170.0,20280.0
AD.SHF,AD2511.SHF,20250826,20330.0,20280.0,20320.0,20325.0,20260.0,20265.0,20285.0,-15.0,5.0,1557.0,31590.53,8128.0,-57.0,,1.0,20265.0,20320.0,20325.0,20260.0,20285.0
AD.SHF,AD2511.SHF,20250827,20265.0,20285.0,20270.0,20555.0,20270.0,20365.0,20440.0,80.0,155.0,5296.0,108252.835,8454.0,326.0,,1.0,20365.0,20270.0,20555.0,20270.0,20440.0
AD.SHF,AD2511.SHF,20250828,20365.0,20440.0,20350.0,20360.0,20230.0,20350.0,20290.0,-90.0,-150.0,1883.0,38207.26,8229.0,-225.0,,1.0,20350.0,20350.0,20360.0,20230.0,20290.0
AD.SHF,AD2511.SHF,20250829,20350.0,20290.0,20370.0,20420.0,20275.0,20350.0,20320.0,60.0,30.0,1368.0,27800.7,8348.0,119.0,,1.0,20350.0,20370.0,20420.0,20275.0,20320.0
AD.SHF,AD2511.SHF,20250901,20350.0,20320.0,20350.0,20365.0,20235.0,20275.0,20275.0,-45.0,-45.0,1959.0,39725.925,8221.0,-127.0,,1.0,20275.0,20350.0,20365.0,20235.0,20275.0
AD.SHF,AD2511.SHF,20250902,20275.0,20275.0,20275.0,20375.0,20275.0,20300.0,20330.0,25.0,55.0,1760.0,35782.76,8140.0,-81.0,,1.0,20300.0,20275.0,20375.0,20275.0,20330.0
AD.SHF,AD2511.SHF,20250903,20300.0,20330.0,20280.0,20450.0,20230.0,20285.0,20330.0,-45.0,0.0,2789.0,56706.735,8016.0,-124.0,,1.0,20285.0,20280.0,20450.0,20230.0,20330.0
AD.SHF,AD2511.SHF,20250904,20285.0,20330.0,20285.0,20330.0,20175.0,20215.0,20235.0,-115.0,-95.0,1814.0,36712.62,7725.0,-291.0,,1.0,20215.0,20285.0,20330.0,20175.0,20235.0
AD.SHF,AD2511.SHF,20250905,20215.0,20235.0,20220.0,20315.0,20205.0,20280.0,20260.0,45.0,25.0,1233.0,24985.86,7744.0,19.0,,1.0,20280.0,20220.0,20315.0,20205.0,20260.0
AD.SHF,AD2511.SHF,20250908,20280.0,20260.0,20315.0,20375.0,20250.0,20295.0,20305.0,35.0,45.0,1058.0,21486.575,7710.0,-34.0,,1.0,20295.0,20315.0,20375.0,20250.0,20305.0
AD.SHF,AD2511.SHF,20250909,20295.0,20305.0,20295.0,20360.0,20200.0,20305.0,20320.0,0.0,15.0,962.0,19549.485,7825.0,115.0,,1.0,20305.0,20295.0,20360.0,20200.0,20320.0
AD.SHF,AD2511.SHF,20250910,20305.0,20320.0,20325.0,20385.0,20315.0,20350.0,20350.0,30.0,30.0,1667.0,33930.07,7979.0,154.0,,1.0,20350.0,20325.0,20385.0,20315.0,20350.0
AD.SHF,AD2511.SHF,20250911,20350.0,20350.0,20350.0,20480.0,20250.0,20475.0,20410.0,125.0,60.0,2645.0,53988.325,8251.0,272.0,,1.0,20475.0,20350.0,20480.0,20250.0,20410.0
AD.SHF,AD2511.SHF,20250912,20475.0,20410.0,20505.0,20650.0,20475.0,20645.0,20570.0,235.0,160.0,2883.0,59307.025,8598.0,347.0,,1.0,20645.0,20505.0,20650.0,20475.0,20570.0
AD.SHF,AD2511.SHF,20250915,20645.0,20570.0,20670.0,20675.0,20515.0,20545.0,20580.0,-25.0,10.0,2358.0,48538.6,8535.0,-63.0,,1.0,20545.0,20670.0,20675.0,20515.0,20580.0
AD.SHF,AD2512.SHF,20250916,20530.0,20600.0,20595.0,20630.0,20430.0,20505.0,20525.0,-95.0,-75.0,3511.0,72074.34,9183.0,1175.0,20480.0,0.9987807851743478,20480.0,20569.89027066569,20604.847598146796,20405.091441111927,20499.975615703486
AD.SHF,AD2512.SHF,20250917,20505.0,20525.0,20590.0,20595.0,20435.0,20460.0,20515.0,-65.0,-10.0,4374.0,89749.025,10154.0,971.0,,0.9987807851743478,20435.05486466716,20564.89636673982,20569.89027066569,20410.0853450378,20489.987807851743
AD.SHF,AD2512.SHF,20250918,20460.0,20515.0,20400.0,20420.0,20270.0,20320.0,20355.0,-195.0,-160.0,4651.0,94671.78,10134.0,-20.0,,0.9987807851743478,20295.225554742745,20375.128017556694,20395.10363326018,20245.28651548403,20330.18288222385
AD.SHF,AD2512.SHF,20250919,20320.0,20355.0,20320.0,20480.0,20310.0,20355.0,20350.0,0.0,-5.0,3419.0,69581.63,10416.0,282.0,,0.9987807851743478,20330.18288222385,20295.225554742745,20455.03048037064,20285.237746891,20325.188978297974
AD.SHF,AD2512.SHF,20250922,20355.0,20350.0,20300.0,20395.0,20300.0,20340.0,20340.0,-10.0,-10.0,2705.0,55025.125,10767.0,351.0,,0.9987807851743478,20315.201170446235,20275.24993903926,20370.134113630826,20275.24993903926,20315.201170446235
AD.SHF,AD2512.SHF,20250923,20340.0,20340.0,20310.0,20310.0,20220.0,20280.0,20260.0,-60.0,-80.0,2863.0,58016.33,11186.0,419.0,,0.9987807851743478,20255.27432333577,20285.237746891,20285.237746891,20195.34747622531,20235.29870763229
AD.SHF,AD2512.SHF,20250924,20280.0,20260.0,20275.0,20390.0,20275.0,20330.0,20315.0,70.0,55.0,4136.0,84028.485,11532.0,346.0,,0.9987807851743478,20305.21336259449,20250.2804194099,20365.14020970495,20250.2804194099,20290.231650816877
AD.SHF,AD2512.SHF,20250925,20330.0,20315.0,20320.0,20470.0,20320.0,20385.0,20405.0,70.0,90.0,3950.0,80602.895,11767.0,235.0,,0.9987807851743478,20360.14630577908,20295.225554742745,20445.0426725189,20295.225554742745,20380.121921482565
AD.SHF,AD2512.SHF,20250926,20385.0,20405.0,20385.0,20450.0,20320.0,20325.0,20370.0,-80.0,-35.0,2067.0,42109.185,11833.0,66.0,,0.9987807851743478,20300.21945866862,20360.14630577908,20425.067056815413,20295.225554742745,20345.164594001464
AD.SHF,AD2512.SHF,20250929,20325.0,20370.0,20325.0,20360.0,20240.0,20270.0,20280.0,-100.0,-90.0,2799.0,56764.605,11805.0,-28.0,,0.9987807851743478,20245.28651548403,20300.21945866862,20335.17678614972,20215.3230919288,20255.27432333577
AD.SHF,AD2512.SHF,20250930,20270.0,20280.0,20280.0,20370.0,20205.0,20210.0,20290.0,-70.0,10.0,1760.0,35715.99,11876.0,71.0,,0.9987807851743478,20185.359668373567,20255.27432333577,20345.164594001464,20180.36576444769,20265.262131187515
AD.SHF,AD2512.SHF,20251009,20210.0,20290.0,20320.0,20640.0,20310.0,20615.0,20535.0,325.0,245.0,3198.0,65685.075,12169.0,293.0,,0.9987807851743478,20589.865886369174,20295.225554742745,20614.83540599854,20285.237746891,20509.963423555237
AD.SHF,AD2512.SHF,20251010,20615.0,20535.0,20680.0,20775.0,20495.0,20540.0,20635.0,5.0,100.0,3638.0,75079.3,12716.0,547.0,,0.9987807851743478,20514.957327481105,20654.786637405512,20749.670811997075,20470.012192148257,20609.841502072664
AD.SHF,AD2512.SHF,20251013,20540.0,20635.0,20560.0,20630.0,19605.0,20410.0,20385.0,-225.0,-250.0,4788.0,97603.65,12927.0,211.0,,0.9987807851743478,20385.11582540844,20534.93294318459,20604.847598146796,19581.09729334309,20360.14630577908
AD.SHF,AD2512.SHF,20251014,20410.0,20385.0,20475.0,20550.0,20360.0,20380.0,20440.0,-5.0,55.0,4174.0,85325.6,13234.0,307.0,,0.9987807851743478,20355.152401853207,20450.03657644477,20524.945135332848,20335.17678614972,20415.07924896367
AD.SHF,AD2512.SHF,20251015,20380.0,20440.0,20305.0,20465.0,20305.0,20410.0,20400.0,-30.0,-40.0,2237.0,45639.335,13349.0,115.0,,0.9987807851743478,20385.11582540844,20280.24384296513,20440.048768593027,20280.24384296513,20375.128017556694
AD.SHF,AD2512.SHF,20251016,20410.0,20400.0,20395.0,20500.0,20365.0,20490.0,20435.0,90.0,35.0,2380.0,48644.44,13296.0,-53.0,,0.9987807851743478,20465.018288222385,20370.134113630826,20475.00609607413,20340.170690075596,20410.0853450378
AD.SHF,AD2512.SHF,20251017,20490.0,20435.0,20495.0,20560.0,20300.0,20390.0,20475.0,-45.0,40.0,2698.0,55248.735,13220.0,-76.0,,0.9987807851743478,20365.14020970495,20470.012192148257,20534.93294318459,20275.24993903926,20450.03657644477
AD.SHF,AD2512.SHF,20251020,20390.0,20475.0,20440.0,20445.0,20350.0,20350.0,20400.0,-125.0,-75.0,2643.0,53927.185,13079.0,-141.0,,0.9987807851743478,20325.188978297974,20415.07924896367,20420.07315288954,20325.188978297974,20375.128017556694
AD.SHF,AD2512.SHF,20251021,20350.0,20400.0,20420.0,20465.0,20315.0,20460.0,20400.0,60.0,0.0,3221.0,65721.535,12810.0,-269.0,,0.9987807851743478,20435.05486466716,20395.10363326018,20440.048768593027,20290.231650816877,20375.128017556694
AD.SHF,AD2512.SHF,20251022,20460.0,20400.0,20460.0,20530.0,20410.0,20515.0,20475.0,115.0,75.0,3313.0,67843.29,12836.0,26.0,,0.9987807851743478,20489.987807851743,20435.05486466716,20504.96951962936,20385.11582540844,20450.03657644477
AD.SHF,AD2512.SHF,20251023,20515.0,20475.0,20570.0,20655.0,20550.0,20625.0,20595.0,150.0,120.0,4126.0,84986.76,12683.0,-153.0,,0.9987807851743478,20599.85369422092,20544.92075103633,20629.817117776154,20524.945135332848,20569.89027066569
AD.SHF,AD2512.SHF,20251024,20625.0,20595.0,20705.0,20775.0,20600.0,20705.0,20680.0,110.0,85.0,6663.0,137807.965,10124.0,-2559.0,,0.9987807851743478,20679.75615703487,20679.75615703487,20749.670811997075,20574.884174591563,20654.786637405512
AD.SHF,AD2601.SHF,20251027,20705.0,20730.0,20710.0,20835.0,20645.0,20790.0,20745.0,60.0,15.0,3005.0,62343.535,11344.0,1344.0,20715.0,0.995177679888726,20689.743964886613,20610.129750495515,20734.52696048161,20545.443201302747,20644.96096929162
AD.SHF,AD2601.SHF,20251028,20790.0,20745.0,20735.0,20775.0,20605.0,20615.0,20680.0,-130.0,-65.0,1774.0,36690.49,11795.0,451.0,,0.995177679888726,20515.587870906085,20635.009192492733,20674.81629968828,20505.6360941072,20580.274420098853
AD.SHF,AD2601.SHF,20251029,20615.0,20680.0,20650.0,20775.0,20620.0,20745.0,20720.0,65.0,40.0,2435.0,50453.77,12510.0,715.0,,0.995177679888726,20644.96096929162,20550.41908970219,20674.81629968828,20520.56375930553,20620.0815272944
AD.SHF,AD2601.SHF,20251030,20745.0,20720.0,20755.0,20815.0,20670.0,20705.0,20730.0,-15.0,10.0,3577.0,74159.75,13046.0,536.0,,0.995177679888726,20605.15386209607,20654.912746090507,20714.62340688383,20570.322643299965,20630.03330409329
AD.SHF,AD2601.SHF,20251031,20705.0,20730.0,20690.0,20920.0,20620.0,20805.0,20775.0,75.0,45.0,4885.0,101509.255,13721.0,675.0,,0.995177679888726,20704.671630084944,20590.22619689774,20819.117063272148,20520.56375930553,20674.81629968828
AD.SHF,AD2601.SHF,20251103,20805.0,20775.0,20920.0,21155.0,20875.0,21065.0,21000.0,290.0,225.0,7807.0,163958.415,14956.0,1235.0,,0.995177679888726,20963.417826856014,20819.117063272148,21052.983818046,20774.334067677155,20898.73127766325
AD.SHF,AD2601.SHF,20251104,21065.0,21000.0,21065.0,21090.0,20840.0,20960.0,20965.0,-40.0,-35.0,5796.0,121526.45,14615.0,-341.0,,0.995177679888726,20858.924170467697,20963.417826856014,20988.29726885323,20739.50284888105,20863.90005886714
AD.SHF,AD2601.SHF,20251105,20960.0,20965.0,20860.0,20930.0,20705.0,20830.0,20830.0,-135.0,-135.0,5212.0,108569.21,14645.0,30.0,,0.995177679888726,20729.55107208216,20759.406402478824,20829.068840071035,20605.15386209607,20729.55107208216
AD.SHF,AD2601.SHF,20251106,20830.0,20830.0,20815.0,21130.0,20770.0,21095.0,20975.0,265.0,145.0,4566.0,95781.46,14982.0,337.0,,0.995177679888726,20993.273157252675,20714.62340688383,21028.10437604878,20669.84041128884,20873.851835666028
AD.SHF,AD2601.SHF,20251107,21095.0,20975.0,21095.0,21165.0,20950.0,21010.0,21045.0,35.0,70.0,4610.0,97028.215,14956.0,-26.0,,0.995177679888726,20908.683054462133,20993.273157252675,21062.935594844887,20848.97239366881,20943.51427325824
AD.SHF,AD2601.SHF,20251110,21010.0,21045.0,21010.0,21120.0,20925.0,21105.0,21025.0,60.0,-20.0,5030.0,105780.795,14909.0,-47.0,,0.995177679888726,21003.224934051563,20908.683054462133,21018.152599249894,20824.09295167159,20923.610719660464
AD.SHF,AD2601.SHF,20251111,21105.0,21025.0,21140.0,21145.0,21015.0,21040.0,21070.0,15.0,45.0,4323.0,91091.215,14938.0,29.0,,0.995177679888726,20938.538384858795,21038.05615284767,21043.032041247112,20913.658942861577,20968.393715255457
AD.SHF,AD2601.SHF,20251112,21040.0,21070.0,21030.0,21270.0,20995.0,21245.0,21155.0,175.0,85.0,6280.0,132863.95,15573.0,635.0,,0.995177679888726,21142.549809235985,20928.586608059908,21167.4292512332,20893.7553892638,21052.983818046
AD.SHF,AD2601.SHF,20251113,21245.0,21155.0,21220.0,21390.0,21145.0,21340.0,21270.0,185.0,115.0,9674.0,205796.015,15134.0,-439.0,,0.995177679888726,21237.09168882541,21117.670367238767,21286.850572819847,21043.032041247112,21167.4292512332
AD.SHF,AD2601.SHF,20251114,21340.0,21270.0,21350.0,21375.0,21065.0,21095.0,21225.0,-175.0,-45.0,7459.0,158338.1,14236.0,-898.0,,0.995177679888726,20993.273157252675,21247.043465624294,21271.92290762152,20963.417826856014,21122.64625563821
AD.SHF,AD2601.SHF,20251117,21095.0,21225.0,21185.0,21185.0,20880.0,20990.0,20975.0,-235.0,-250.0,6613.0,138736.715,13699.0,-537.0,,0.995177679888726,20888.77950086436,21082.83914844266,21082.83914844266,20779.3099560766,20873.851835666028
AD.SHF,AD2601.SHF,20251118,20990.0,20975.0,20930.0,20945.0,20710.0,20730.0,20800.0,-245.0,-175.0,5780.0,120239.44,13191.0,-508.0,,0.995177679888726,20630.03330409329,20829.068840071035,20843.99650526937,20610.129750495515,20699.6957416855
AD.SHF,AD2601.SHF,20251119,20730.0,20800.0,20720.0,20875.0,20710.0,20815.0,20815.0,15.0,15.0,4357.0,90692.905,12702.0,-489.0,,0.995177679888726,20714.62340688383,20620.0815272944,20774.334067677155,20610.129750495515,20714.62340688383
AD.SHF,AD2601.SHF,20251120,20815.0,20815.0,20870.0,20905.0,20765.0,20780.0,20835.0,-35.0,20.0,4864.0,101352.155,12349.0,-353.0,,0.995177679888726,20679.79218808773,20769.35817927771,20804.189398073817,20664.864522889395,20734.52696048161
AD.SHF,AD2601.SHF,20251121,20780.0,20835.0,20800.0,20895.0,20225.0,20595.0,20690.0,-240.0,-145.0,5656.0,117025.805,12024.0,-325.0,,0.995177679888726,20495.68431730831,20699.6957416855,20794.23762127493,20127.46857574948,20590.22619689774
AD.SHF,AD2601.SHF,20251124,20595.0,20690.0,20615.0,20705.0,20535.0,20635.0,20650.0,-55.0,-40.0,4666.0,96364.73,11192.0,-832.0,,0.995177679888726,20535.49142450386,20515.587870906085,20605.15386209607,20435.973656514987,20550.41908970219
AD.SHF,AD2601.SHF,20251125,20635.0,20650.0,20695.0,20795.0,20635.0,20705.0,20715.0,55.0,65.0,3472.0,71924.535,10428.0,-764.0,,0.995177679888726,20605.15386209607,20595.202085297184,20694.719853286057,20535.49142450386,20615.10563889496
AD.SHF,AD2602.SHF,20251126,20760.0,20770.0,20765.0,20810.0,20690.0,20750.0,20750.0,-20.0,-20.0,2076.0,43084.65,10157.0,909.0,20695.0,0.9925398595323944,20595.202085297184,20610.09018319017,20654.75447686913,20535.64969372524,20595.202085297184
AD.SHF,AD2602.SHF,20251127,20750.0,20750.0,20880.0,20920.0,20700.0,20700.0,20845.0,-50.0,95.0,3240.0,67544.185,11928.0,1771.0,,0.9925398595323944,20545.575092320563,20724.2322670364,20763.93386141769,20545.575092320563,20689.49337195276
AD.SHF,AD2602.SHF,20251128,20700.0,20845.0,20685.0,20880.0,20685.0,20880.0,20810.0,35.0,-35.0,3505.0,72953.9,13555.0,1627.0,,0.9925398595323944,20724.2322670364,20530.68699442758,20724.2322670364,20530.68699442758,20654.75447686913
AD.SHF,AD2602.SHF,20251201,20880.0,20810.0,20875.0,21150.0,20850.0,21110.0,21040.0,300.0,230.0,6306.0,132691.7,14793.0,1238.0,,0.9925398595323944,20952.516434728845,20719.26956773873,20992.218029110143,20694.456071250424,20883.03864456158
AD.SHF,AD2602.SHF,20251202,21110.0,21040.0,21130.0,21195.0,21000.0,21095.0,21110.0,55.0,70.0,5751.0,121404.215,15759.0,966.0,,0.9925398595323944,20937.62833683586,20972.367231919496,21036.8823227891,20843.33705018028,20952.516434728845
AD.SHF,AD2602.SHF,20251203,21095.0,21110.0,21145.0,21190.0,21030.0,21145.0,21105.0,35.0,-5.0,3997.0,84361.045,15983.0,224.0,,0.9925398595323944,20987.25532981248,20987.25532981248,21031.91962349144,20873.11324596625,20947.553735431185
AD.SHF,AD2602.SHF,20251204,21145.0,21105.0,21160.0,21205.0,20900.0,21070.0,21060.0,-35.0,-45.0,7304.0,153839.135,16333.0,350.0,,0.9925398595323944,20912.81484034755,21002.143427705465,21046.807721384423,20744.083064227045,20902.889441752228
AD.SHF,AD2602.SHF,20251205,21070.0,21060.0,21040.0,21320.0,20970.0,21190.0,21155.0,130.0,95.0,8304.0,175683.55,16876.0,543.0,,0.9925398595323944,21031.91962349144,20883.03864456158,21160.949805230648,20813.560854394316,20997.18072840781
AD.SHF,AD2602.SHF,20251208,21190.0,21155.0,21070.0,21175.0,20910.0,21135.0,21045.0,-20.0,-110.0,5056.0,106425.28,17202.0,326.0,,0.9925398595323944,20977.329931217155,20912.81484034755,21017.031525598453,20754.008462822367,20888.00134385924
AD.SHF,AD2602.SHF,20251209,21135.0,21045.0,21025.0,21095.0,20750.0,20810.0,20940.0,-235.0,-105.0,5382.0,112713.395,17319.0,117.0,,0.9925398595323944,20654.75447686913,20868.150546668592,20937.62833683586,20595.202085297184,20783.78465860834
AD.SHF,AD2602.SHF,20251210,20810.0,20940.0,20875.0,21070.0,20730.0,20930.0,20890.0,-10.0,-50.0,4157.0,86844.475,17403.0,84.0,,0.9925398595323944,20773.85926001301,20719.26956773873,20912.81484034755,20575.351288106536,20734.15766563172
AD.SHF,AD2602.SHF,20251211,20930.0,20890.0,20900.0,21050.0,20795.0,20965.0,20950.0,75.0,60.0,3506.0,73459.18,17569.0,166.0,,0.9925398595323944,20808.59815509665,20744.083064227045,20892.964043156902,20639.86637897614,20793.71005720366
AD.SHF,AD2602.SHF,20251212,20965.0,20950.0,21040.0,21210.0,21040.0,21115.0,21130.0,165.0,180.0,4280.0,90444.165,17664.0,95.0,,0.9925398595323944,20957.479134026507,20883.03864456158,21051.770420682085,20883.03864456158,20972.367231919496
AD.SHF,AD2602.SHF,20251215,21115.0,21130.0,21080.0,21170.0,20630.0,21020.0,20920.0,-110.0,-210.0,6007.0,125693.01,17839.0,175.0,,0.9925398595323944,20863.18784737093,20922.740238942875,21012.06882630079,20476.097302153292,20763.93386141769
AD.SHF,AD2602.SHF,20251216,21020.0,20920.0,21090.0,21090.0,20805.0,20950.0,20915.0,30.0,-5.0,4230.0,88483.735,17626.0,-213.0,,0.9925398595323944,20793.71005720366,20932.6656375382,20932.6656375382,20649.791777571467,20758.97116212003
AD.SHF,AD2602.SHF,20251217,20950.0,20915.0,20880.0,21135.0,20880.0,21045.0,21015.0,130.0,100.0,3574.0,75112.485,17404.0,-222.0,,0.9925398595323944,20888.00134385924,20724.2322670364,20977.329931217155,20724.2322670364,20858.22514807327
AD.SHF,AD2602.SHF,20251218,21045.0,21015.0,21100.0,21195.0,21005.0,21110.0,21120.0,95.0,105.0,4632.0,97835.885,17190.0,-214.0,,0.9925398595323944,20952.516434728845,20942.591036133523,21036.8823227891,20848.299749477945,20962.44183332417
AD.SHF,AD2602.SHF,20251219,21110.0,21120.0,21080.0,21285.0,21025.0,21235.0,21150.0,115.0,30.0,4335.0,91698.18,17216.0,26.0,,0.9925398595323944,21076.5839171704,20922.740238942875,21126.210910147016,20868.150546668592,20992.218029110143
AD.SHF,AD2602.SHF,20251222,21235.0,21150.0,21300.0,21395.0,21205.0,21290.0,21300.0,140.0,150.0,4594.0,97870.77,17184.0,-32.0,,0.9925398595323944,21131.17360944468,21141.09900804,21235.39029469558,21046.807721384423,21141.09900804
AD.SHF,AD2602.SHF,20251223,21290.0,21300.0,21280.0,21290.0,21105.0,21265.0,21220.0,-35.0,-80.0,5739.0,121801.875,16018.0,-1166.0,,0.9925398595323944,21106.36011295637,21121.248210849357,21131.17360944468,20947.553735431185,21061.69581927741
AD.SHF,AD2602.SHF,20251224,21265.0,21220.0,21275.0,21485.0,21130.0,21480.0,21260.0,260.0,40.0,7414.0,157651.845,15141.0,-877.0,,0.9925398595323944,21319.75618275583,21116.28551155169,21324.71888205349,20972.367231919496,21101.397413658706
AD.SHF,AD2602.SHF,20251225,21480.0,21260.0,21475.0,21480.0,21135.0,21345.0,21260.0,85.0,0.0,6506.0,138330.395,13719.0,-1422.0,,0.9925398595323944,21185.76330171896,21314.79348345817,21319.75618275583,20977.329931217155,21101.397413658706
AD.SHF,AD2603.SHF,20251226,21365.0,21320.0,21445.0,21650.0,21305.0,21425.0,21450.0,105.0,130.0,5030.0,107903.62,12657.0,1319.0,21390.0,0.9909184408587124,21230.42759539792,21250.24596421509,21453.384244591125,21111.51738249487,21255.200556419382
AD.SHF,AD2603.SHF,20251229,21425.0,21450.0,21445.0,21830.0,21250.0,21645.0,21580.0,195.0,130.0,10227.0,220716.395,13777.0,1120.0,,0.9909184408587124,21448.429652386832,21250.24596421509,21631.749563945694,21057.01686824764,21384.01995373101
AD.SHF,AD2603.SHF,20251230,21645.0,21580.0,21585.0,21670.0,21320.0,21475.0,21480.0,-105.0,-100.0,9685.0,208053.225,15866.0,2089.0,,0.9909184408587124,21279.97351744085,21388.97454593531,21473.2026134083,21126.38115910775,21284.928109645145
AD.SHF,AD2603.SHF,20251231,21475.0,21480.0,21485.0,21865.0,21425.0,21855.0,21625.0,375.0,145.0,7304.0,157949.325,16784.0,918.0,,0.9909184408587124,21656.52252496716,21289.88270184944,21666.43170937575,21230.42759539792,21428.61128356966
AD.SHF,AD2603.SHF,20260105,21855.0,21625.0,21875.0,22695.0,21875.0,22520.0,22480.0,895.0,855.0,11820.0,265755.13,18299.0,1515.0,,0.9909184408587124,22315.483288138206,21676.34089378433,22488.89401528848,21676.34089378433,22275.84655050386
AD.SHF,AD2603.SHF,20260106,22520.0,22480.0,22490.0,23060.0,22450.0,22995.0,22875.0,515.0,395.0,18270.0,417934.76,20162.0,1863.0,,0.9909184408587124,22786.16954754609,22285.755734912444,22850.57924620191,22246.118997278096,22667.259334643048
AD.SHF,AD2603.SHF,20260107,22995.0,22875.0,22915.0,23490.0,22705.0,23035.0,23090.0,160.0,215.0,19559.0,451623.09,20618.0,456.0,,0.9909184408587124,22825.806285180443,22706.896072277395,23276.67417577116,22498.803199697068,22880.30679942767
AD.SHF,AD2603.SHF,20260108,23035.0,23090.0,23050.0,23120.0,22405.0,22585.0,22820.0,-505.0,-270.0,19770.0,451238.55,21008.0,390.0,,0.9909184408587124,22379.89298679402,22840.670061793324,22910.034352653434,22201.52766743945,22612.75882039582
AD.SHF,AD2603.SHF,20260109,22585.0,22820.0,22720.0,23320.0,22180.0,22985.0,22815.0,165.0,-5.0,20035.0,457169.18,21648.0,640.0,,0.9909184408587124,22776.260363137502,22513.66697630995,23108.218040825177,21978.571018246243,22607.80422819153
AD.SHF,AD2603.SHF,20260112,22985.0,22815.0,22985.0,23450.0,22945.0,23340.0,23205.0,525.0,390.0,17266.0,400683.99,21990.0,342.0,,0.9909184408587124,23128.03640964235,22776.260363137502,23237.03743813681,22736.62362550316,22994.262420126423
AD.SHF,AD2603.SHF,20260113,23340.0,23205.0,23400.0,23940.0,23010.0,23165.0,23430.0,-40.0,225.0,27925.0,654290.96,22099.0,109.0,,0.9909184408587124,22954.625682492075,23187.491516093876,23722.58747415758,22801.033324158976,23217.219069319635
AD.SHF,AD2603.SHF,20260114,23165.0,23430.0,23265.0,23810.0,23260.0,23380.0,23540.0,-50.0,110.0,19803.0,466249.8,22010.0,-89.0,,0.9909184408587124,23167.6731472767,23053.717526577948,23593.768076845943,23048.76293437365,23326.220097814094
AD.SHF,AD2603.SHF,20260115,23380.0,23540.0,23395.0,23550.0,22905.0,23155.0,23260.0,-385.0,-280.0,18793.0,437133.64,21628.0,-382.0,,0.9909184408587124,22944.71649808349,23182.53692388958,23336.12928222268,22696.98688786881,23048.76293437365
AD.SHF,AD2603.SHF,20260116,23155.0,23260.0,23165.0,23250.0,22605.0,22735.0,22915.0,-525.0,-345.0,18527.0,424585.5,20886.0,-742.0,,0.9909184408587124,22528.53075292283,22954.625682492075,23038.853749965067,22399.711355611194,22706.896072277395
AD.SHF,AD2603.SHF,20260119,22735.0,22915.0,22735.0,22920.0,22540.0,22890.0,22735.0,-25.0,-180.0,10416.0,236818.8,20205.0,-681.0,,0.9909184408587124,22682.12311125593,22528.53075292283,22711.85066448169,22335.30165695538,22528.53075292283
AD.SHF,AD2603.SHF,20260120,22890.0,22735.0,22970.0,23010.0,22565.0,22765.0,22800.0,30.0,65.0,10762.0,245379.19,19520.0,-685.0,,0.9909184408587124,22558.25830614859,22761.396586524625,22801.033324158976,22360.074617976847,22592.940451578645
AD.SHF,AD2603.SHF,20260121,22765.0,22800.0,22885.0,22965.0,22525.0,22895.0,22715.0,95.0,-85.0,10760.0,244434.69,18772.0,-748.0,,0.9909184408587124,22687.07770346022,22677.16851905164,22756.44199432033,22320.4378803425,22508.712384105653
AD.SHF,AD2603.SHF,20260122,22895.0,22715.0,23010.0,23010.0,22650.0,22855.0,22805.0,140.0,90.0,8386.0,191274.04,17914.0,-858.0,,0.9909184408587124,22647.440965825877,22801.033324158976,22801.033324158976,22444.30268544984,22597.895043782937
AD.SHF,AD2603.SHF,20260123,22855.0,22805.0,22800.0,23095.0,22660.0,22995.0,22900.0,190.0,95.0,9779.0,223948.9,16595.0,-1319.0,,0.9909184408587124,22786.16954754609,22592.940451578645,22885.261391631964,22454.211869858424,22692.03229566452
AD.SHF,AD2603.SHF,20260126,22995.0,22900.0,23065.0,23320.0,22905.0,23010.0,23105.0,110.0,205.0,15112.0,349175.94,11389.0,-5206.0,,0.9909184408587124,22801.033324158976,22855.533838406205,23108.218040825177,22696.98688786881,22895.170576040557
AD.SHF,AD2603.SHF,20260127,23010.0,23105.0,23060.0,23200.0,22830.0,23055.0,23015.0,-50.0,-90.0,10342.0,238033.89,9459.0,-1930.0,,0.9909184408587124,22845.624653997616,22850.57924620191,22989.30782792213,22622.668004804407,22805.98791636327
AD.SHF,AD2603.SHF,20260128,23055.0,23015.0,23120.0,24090.0,22925.0,23785.0,23545.0,770.0,530.0,23390.0,550718.39,8845.0,-614.0,,0.9909184408587124,23568.99511582448,22910.034352653434,23871.225240286385,22716.805256685984,23331.174690018383
AD.SHF,AD2604.SHF,20260129,23835.0,23625.0,23790.0,24205.0,23540.0,23935.0,23910.0,310.0,285.0,5375.0,128520.32,10878.0,2149.0,23850.0,0.9873994073315352,23633.40481448029,23490.231900417224,23900.002654459808,23243.38204858434,23608.71982929701
AD.SHF,AD2604.SHF,20260130,23935.0,23910.0,24125.0,24485.0,22885.0,22885.0,23575.0,-1025.0,-335.0,6301.0,148572.81,11670.0,792.0,,0.9873994073315352,22596.635436782184,23821.010701873285,24176.47448851264,22596.635436782184,23277.94102784094
AD.SHF,AD2604.SHF,20260202,22885.0,23575.0,22655.0,23055.0,21920.0,21920.0,22625.0,-1655.0,-950.0,6367.0,144068.36,12138.0,468.0,,0.9873994073315352,21643.795008707253,22369.53357309593,22764.493336028543,21643.795008707253,22339.911590875985
AD.SHF,AD2604.SHF,20260203,21920.0,22625.0,22380.0,22410.0,21755.0,22275.0,22070.0,-350.0,-555.0,6858.0,151375.16,12792.0,654.0,,0.9873994073315352,21994.321798309946,22097.99873607976,22127.620718299702,21480.874106497547,21791.90491980698
AD.SHF,AD2604.SHF,20260204,22275.0,22070.0,22380.0,22580.0,22300.0,22475.0,22430.0,405.0,360.0,3335.0,74809.96,12896.0,104.0,,0.9873994073315352,22191.80167977625,22097.99873607976,22295.478617546065,22019.006783493234,22147.368706446334
AD.SHF,AD2604.SHF,20260205,22475.0,22430.0,22360.0,22535.0,21945.0,22020.0,22265.0,-410.0,-165.0,5035.0,112108.91,13207.0,311.0,,0.9873994073315352,21742.534949440404,22078.250747933125,22251.045644216145,21668.47999389054,21984.44780423663
AD.SHF,AD2604.SHF,20260206,22020.0,22265.0,22000.0,22215.0,21780.0,22045.0,22020.0,-220.0,-245.0,5931.0,130614.03,13219.0,12.0,,0.9873994073315352,21767.21993462369,21722.786961293776,21935.07783387005,21505.55909168084,21742.534949440404
AD.SHF,AD2604.SHF,20260209,22045.0,22020.0,22195.0,22340.0,22010.0,22165.0,22200.0,145.0,180.0,7243.0,160803.66,13808.0,589.0,,0.9873994073315352,21885.70786350348,21915.329845723423,22058.502759786497,21732.66095536709,21920.26684276008
AD.SHF,AD2604.SHF,20260210,22165.0,22200.0,22175.0,22310.0,21995.0,22120.0,22175.0,-80.0,-25.0,5966.0,132301.57,14127.0,319.0,,0.9873994073315352,21841.27489017356,21895.58185757679,22028.880777566552,21717.849964257115,21895.58185757679
AD.SHF,AD2604.SHF,20260211,22120.0,22175.0,22095.0,22255.0,22035.0,22205.0,22155.0,30.0,-20.0,5554.0,123048.9,14349.0,222.0,,0.9873994073315352,21925.20383979674,21816.58990499027,21974.573810163314,21757.345940550375,21875.833869430164
AD.SHF,AD2604.SHF,20260212,22205.0,22155.0,22255.0,22360.0,22090.0,22260.0,22230.0,105.0,75.0,9009.0,200305.28,12761.0,-1588.0,,0.9873994073315352,21979.51080719997,21974.573810163314,22078.250747933125,21811.65290795361,21949.888824980026
AD.SHF,AD2604.SHF,20260213,22260.0,22230.0,22305.0,22385.0,21875.0,22040.0,22125.0,-190.0,-105.0,9400.0,208010.41,11955.0,-806.0,,0.9873994073315352,21762.282937587035,22023.94378052989,22102.935733116414,21599.362035377333,21846.21188721021
AD.SHF,AD2604.SHF,20260224,22040.0,22125.0,22070.0,22465.0,22070.0,22320.0,22370.0,195.0,245.0,5471.0,122406.76,11540.0,-415.0,,0.9873994073315352,22038.754771639866,21791.90491980698,22181.92768570294,21791.90491980698,22088.124742006443
AD.SHF,AD2604.SHF,20260225,22320.0,22370.0,22305.0,22740.0,22235.0,22650.0,22510.0,280.0,140.0,6865.0,154547.11,11479.0,-61.0,,0.9873994073315352,22364.596576059277,22023.94378052989,22453.46252271911,21954.825822016686,22226.360659032856
AD.SHF,AD2605.SHF,20260226,22740.0,22620.0,22755.0,22980.0,22685.0,22815.0,22785.0,195.0,165.0,3308.0,75376.51,9425.0,2006.0,22710.0,0.9828551628533494,22423.840540499168,22364.869230727967,22586.01164236997,22296.06936932823,22394.354885613568
AD.SHF,AD2605.SHF,20260227,22815.0,22785.0,22675.0,22780.0,22540.0,22775.0,22660.0,-10.0,-125.0,3576.0,81044.64,11194.0,1769.0,,0.9828551628533494,22384.52633398503,22286.240817699698,22389.440609799298,22153.555370714494,22271.497990256896
AD.SHF,AD2605.SHF,20260302,22775.0,22660.0,22775.0,23245.0,22660.0,23225.0,22960.0,565.0,300.0,6131.0,140776.44,12484.0,1290.0,,0.9828551628533494,22826.81115726904,22384.52633398503,22846.468260526108,22271.497990256896,22566.3545391129
AD.SHF,AD2605.SHF,20260303,23225.0,22960.0,23260.0,23355.0,22725.0,22795.0,23080.0,-165.0,120.0,6194.0,142983.92,12745.0,261.0,,0.9828551628533494,22404.1834372421,22861.211087968903,22954.58232843997,22335.383575842367,22684.297158655303
AD.SHF,AD2605.SHF,20260304,22795.0,23080.0,23000.0,23495.0,22830.0,23445.0,23220.0,365.0,140.0,5154.0,119695.83,13405.0,660.0,,0.9828551628533494,23043.039293096776,22605.66874562704,23092.182051239444,22438.583367941967,22821.896881454773
AD.SHF,AD2605.SHF,20260305,23445.0,23220.0,23650.0,24015.0,23335.0,23460.0,23775.0,240.0,555.0,6036.0,143516.18,13445.0,40.0,,0.9828551628533494,23057.782120539578,23244.524601481717,23603.266735923185,22934.92522518291,23367.38149683838
AD.SHF,AD2605.SHF,20260306,23460.0,23775.0,23245.0,23500.0,23045.0,23345.0,23270.0,-430.0,-505.0,3919.0,91200.02,13351.0,-94.0,,0.9828551628533494,22944.75377681144,22846.468260526108,23097.09632705371,22649.89722795544,22871.03963959744
AD.SHF,AD2605.SHF,20260309,23345.0,23270.0,23500.0,24460.0,23405.0,23630.0,23825.0,360.0,555.0,7136.0,170023.56,13294.0,-57.0,,0.9828551628533494,23224.867498224645,23097.09632705371,24040.637283392927,23003.725086582643,23416.52425498105
AD.SHF,AD2605.SHF,20260310,23630.0,23825.0,23420.0,23780.0,23320.0,23750.0,23540.0,-75.0,-285.0,3967.0,93400.84,13400.0,106.0,,0.9828551628533494,23342.810117767047,23018.46791402544,23372.295772652647,22920.182397740107,23136.410533567843
AD.SHF,AD2605.SHF,20260311,23750.0,23540.0,23750.0,24160.0,23745.0,23980.0,23970.0,440.0,430.0,4210.0,100914.75,13519.0,119.0,,0.9828551628533494,23568.86680522332,23342.810117767047,23745.78073453692,23337.89584195278,23559.038253594787
AD.SHF,AD2605.SHF,20260312,23980.0,23970.0,24075.0,24320.0,23965.0,24010.0,24110.0,40.0,140.0,4888.0,117861.31,13822.0,303.0,,0.9828551628533494,23598.35246010892,23662.238045694387,23903.037560593457,23554.12397778052,23696.637976394253
AD.SHF,AD2605.SHF,20260313,24010.0,24110.0,24110.0,24110.0,23665.0,23725.0,23940.0,-385.0,-170.0,4324.0,103526.01,14186.0,364.0,,0.9828551628533494,23318.23873869572,23696.637976394253,23696.637976394253,23259.267428924515,23529.552598709182
AD.SHF,AD2605.SHF,20260316,23725.0,23940.0,23745.0,23955.0,23590.0,23845.0,23770.0,-95.0,-170.0,4957.0,117837.64,14273.0,87.0,,0.9828551628533494,23436.181358238115,23337.89584195278,23544.295426151984,23185.553291710512,23362.467221024115
AD.SHF,AD2605.SHF,20260317,23845.0,23770.0,23640.0,23965.0,23620.0,23750.0,23775.0,-20.0,5.0,3885.0,92372.42,14275.0,2.0,,0.9828551628533494,23342.810117767047,23234.69604985318,23554.12397778052,23215.038946596116,23367.38149683838
AD.SHF,AD2605.SHF,20260318,23750.0,23775.0,23800.0,23840.0,23415.0,23570.0,23585.0,-205.0,-190.0,4232.0,99819.55,14360.0,85.0,,0.9828551628533494,23165.896188453444,23391.95287590972,23431.26708242385,23013.55363821117,23180.63901589625
AD.SHF,AD2605.SHF,20260319,23570.0,23585.0,23590.0,23610.0,22945.0,23025.0,23305.0,-560.0,-280.0,6238.0,145400.26,14379.0,19.0,,0.9828551628533494,22630.240124698368,23185.553291710512,23205.21039496758,22551.611711670103,22905.43957029731
AD.SHF,AD2605.SHF,20260320,23025.0,23305.0,22720.0,23175.0,22260.0,22830.0,22725.0,-475.0,-580.0,6564.0,149172.48,13831.0,-548.0,,0.9828551628533494,22438.583367941967,22330.469300028097,22777.66839912637,21878.35592511556,22335.383575842367
AD.SHF,AD2605.SHF,20260323,22830.0,22725.0,22950.0,23020.0,22350.0,22520.0,22585.0,-205.0,-140.0,5741.0,129670.61,13847.0,16.0,,0.9828551628533494,22133.89826745743,22556.52598748437,22625.325848884106,21966.81288977236,22197.783853042896
AD.SHF,AD2605.SHF,20260324,22520.0,22585.0,22775.0,22830.0,22585.0,22645.0,22710.0,60.0,125.0,3682.0,83621.25,13531.0,-316.0,,0.9828551628533494,22256.755162814097,22384.52633398503,22438.583367941967,22197.783853042896,22320.640748399564
AD.SHF,AD2605.SHF,20260325,22645.0,22710.0,22645.0,23020.0,22570.0,22885.0,22875.0,175.0,165.0,3392.0,77601.45,13191.0,-340.0,,0.9828551628533494,22492.6404018989,22256.755162814097,22625.325848884106,22183.04102560009,22482.81185027037
AD.SHF,AD2605.SHF,20260326,22885.0,22875.0,22990.0,22990.0,22715.0,22760.0,22825.0,-115.0,-50.0,4536.0,103544.87,12232.0,-959.0,,0.9828551628533494,22369.783506542237,22595.8401939985,22595.8401939985,22325.55502421383,22433.6690921277
AD.SHF,AD2605.SHF,20260327,22760.0,22825.0,22960.0,23025.0,22830.0,22960.0,22945.0,135.0,120.0,6308.0,144752.76,10651.0,-1581.0,,0.9828551628533494,22566.3545391129,22566.3545391129,22630.240124698368,22438.583367941967,22551.611711670103
AD.SHF,AD2605.SHF,20260330,22960.0,22945.0,22860.0,24050.0,22835.0,23630.0,23515.0,685.0,570.0,10401.0,244587.67,8987.0,-1664.0,,0.9828551628533494,23224.867498224645,22468.069022827567,23637.66666662305,22443.497643756236,23111.839154496512
AD.SHF,AD2606.SHF,20260331,23660.0,23500.0,23505.0,23700.0,23455.0,23680.0,23615.0,180.0,115.0,3466.0,81860.82,8412.0,1141.0,23695.0,0.983477748471711,23288.75308381012,23116.644477827565,23308.42263877955,23067.47059040398,23224.827030159457
AD.SHF,AD2606.SHF,20260401,23680.0,23615.0,23950.0,23950.0,23520.0,23520.0,23685.0,-95.0,70.0,6584.0,155958.905,10113.0,1701.0,,0.983477748471711,23131.396644054643,23554.29207589748,23554.29207589748,23131.396644054643,23293.67047255248
AD.SHF,AD2606.SHF,20260402,23520.0,23685.0,23800.0,23895.0,23630.0,23645.0,23745.0,-40.0,60.0,8426.0,200096.79,11777.0,1664.0,,0.983477748471711,23254.331362613608,23406.77041362672,23500.20079973153,23239.57919638653,23352.67913746078
AD.SHF,AD2606.SHF,20260403,23645.0,23745.0,23565.0,23760.0,23450.0,23580.0,23625.0,-165.0,-120.0,5395.0,127471.75,12165.0,388.0,,0.983477748471711,23190.405308962945,23175.653142735868,23367.43130368785,23062.553201661623,23234.661807644174
