,GMV
20180102,0.0
20180103,563.6146864527827
20180104,484.1532845393443
20180105,455.859589123337
20180108,425.9016441704157
20180109,420.54597127170814
20180110,399.1936355440069
20180111,362.28397454975044
20180112,323.9416972355094
20180115,300.5584231652109
20180116,269.78824744879336
20180117,247.2063042840192
20180118,238.8099206102392
20180119,237.28546204598808
20180122,243.99528242097884
20180123,255.2862837768687
20180124,259.47515170395104
20180125,263.07703558279644
20180126,271.885083369271
20180129,265.41446309345395
20180130,266.9145092889935
20180131,264.54915373319494
20180201,264.87873334532406
20180202,268.6800951405408
20180205,273.81081527870595
20180206,278.62579758224734
20180207,278.1506686653444
20180208,277.6818734791429
20180209,273.73764580825474
20180212,261.2470999699768
20180213,239.63377105513007
20180214,231.34132180029272
20180222,222.92799194919672
20180223,199.65794350402373
20180226,190.8100423352072
20180227,197.4248124452504
20180228,199.8639283177656
20180301,196.16214663781264
20180302,188.2145782546551
20180305,184.15454232206943
20180306,185.65390443974434
20180307,190.8159133171145
20180308,190.4588357662287
20180309,195.76622518806792
20180312,198.56725953740192
20180313,195.63863934321006
20180314,193.7235107199611
20180315,187.11497765856706
20180316,186.50864779580732
20180319,186.51995422616338
20180320,191.74085328780498
20180321,199.45248741208155
20180322,207.4164340277187
20180323,222.41519886752002
20180326,236.0992949212171
20180327,246.39466651658253
20180328,254.16075635731323
20180329,259.2600993999472
20180330,256.1195580358132
20180402,260.5583918274219
20180403,265.0662529059846
20180404,264.51033609396944
20180409,258.6961106595195
20180410,242.79712067591635
20180411,227.68032944075065
20180412,209.02589769755
20180413,194.1143283667265
20180416,200.87696284698316
20180417,204.25548675373906
20180418,219.34508986976107
20180419,219.12422708030965
20180420,214.3366475497968
20180423,209.65431888097822
20180424,211.90365314428684
20180425,220.4864482606934
20180426,227.88717496489633
20180427,236.35815473909435
20180502,243.71124747284537
20180503,251.38224779705916
20180504,265.126817153336
20180507,274.95769810219224
20180508,278.7950960013794
20180509,279.5055846049154
20180510,280.9712467616332
20180511,265.1524992156974
20180514,252.65541018020588
20180515,240.52221232819713
20180516,210.6140434006896
20180517,215.75278595691307
20180518,196.25639018752832
20180521,181.0301747176948
20180522,174.85690243539105
20180523,181.46944697634916
20180524,172.86504991476207
20180525,164.23979496863652
20180528,185.6593028720935
20180529,194.24979443456579
20180530,198.16462532489734
20180531,206.00702227684144
20180601,218.44054757045984
20180604,228.14213007900688
20180605,235.51341735534749
20180606,240.95772669096846
20180607,245.27565010185972
20180608,242.8847941137744
20180611,241.47552889396727
20180612,241.98618439738775
20180613,245.24923957863462
20180614,247.6082391101447
20180615,251.33651354655012
20180619,244.75467076177938
20180620,239.15941392363092
20180621,234.41201935485208
20180622,234.92577453595683
20180625,234.6310047319145
20180626,234.9738233605798
20180627,234.37228527557357
20180628,236.7350925333437
20180629,235.8247865639487
20180702,237.9581561031874
20180703,237.3838847284394
20180704,233.61971939768648
20180705,224.91210968158413
20180706,220.80226900368888
20180709,224.19047443767496
20180710,227.99810375577422
20180711,228.19683639835262
20180712,222.17542155865598
20180713,221.7986622372868
20180716,219.41677440903706
20180717,221.84471580401103
20180718,235.4650408864871
20180719,250.98815419280777
20180720,260.8946657867907
20180723,258.08627626145886
20180724,252.45268914268607
20180725,250.0885067411361
20180726,253.64231422097725
20180727,253.3973974682704
20180730,260.3512221163946
20180731,258.08518749123454
20180801,255.59914811094637
20180802,262.15152925658333
20180803,266.74576786753533
20180806,266.4783146824855
20180807,271.57461390083796
20180808,269.6211040344285
20180809,261.2626215967625
20180810,251.15040752145077
20180813,252.8369289223022
20180814,234.84300669938867
20180815,219.8896145791106
20180816,207.2131387572353
20180817,202.23844578796496
20180820,200.8093711143353
20180821,191.5153283620763
20180822,189.58884908267052
20180823,182.24199036642716
20180824,166.73719756659213
20180827,160.08830623936564
20180828,158.1481508801801
20180829,153.91639095238912
20180830,150.4607543102356
20180831,144.12479680730647
20180903,151.54441965486944
20180904,162.7673960293542
20180905,178.33210612668273
20180906,183.23466676198797
20180907,183.32821156668555
20180910,184.65314402956867
20180911,185.98917155441572
20180912,187.56660215538437
20180913,191.9101159255724
20180914,196.44977032472696
20180917,207.44316748267707
20180918,211.49670737881198
20180919,216.74748864806458
20180920,217.5831863193761
20180921,216.0154830424291
20180925,219.90820500850216
20180926,218.7529335195008
20180927,211.1370323155365
20180928,208.45074265373296
20181008,206.53024300168255
20181009,194.7651448548189
20181010,188.8798427183573
20181011,187.6832031733763
20181012,189.37837762367585
20181015,184.68102304634442
20181016,173.91570714165454
20181017,180.3000962177276
20181018,174.1869105581835
20181019,173.37469822740584
20181022,160.3466169169498
20181023,154.62348744261885
20181024,158.12530282386695
20181025,165.5614707628826
20181026,167.2407731993543
20181029,158.02241639436863
20181030,148.45098201629938
20181031,150.29964448811785
20181101,155.5548089086631
20181102,157.86738095543788
20181105,159.6468925794435
20181106,166.5865834926166
20181107,177.07959019152864
20181108,184.8066165436719
20181109,185.4790760693345
20181112,187.85848074357466
20181113,198.476119894156
20181114,206.19216622553733
20181115,211.7262159760872
20181116,207.49986283146552
20181119,209.3773738357248
20181120,207.17379847353934
20181121,205.36103265700933
20181122,205.61247946307665
20181123,208.34901271278804
20181126,207.76055888989623
20181127,201.69444191742184
20181128,201.2803545483716
20181129,200.08812509301669
20181130,211.72118786683538
20181203,216.4818522671548
20181204,219.6384398827399
20181205,218.33265228832832
20181206,216.21210386247668
20181207,219.33167183075216
20181210,217.48800032004522
20181211,218.221399118938
20181212,220.13169079298086
20181213,218.35411889748838
20181214,212.7786144223344
20181217,215.54766307330397
20181218,222.4042257897742
20181219,230.89672522571095
20181220,237.3406415657165
20181221,242.37107059137162
20181224,247.8399542398469
20181225,251.55268760502562
20181226,255.74212003428593
20181227,259.44491675786054
20181228,263.9516222646302
20190102,266.9097469191601
20190103,270.5043986242909
20190104,273.1990392506583
20190107,274.8087457209126
20190108,273.3677041737737
20190109,272.8891189123643
20190110,272.6124277731845
20190111,263.00421361239734
20190114,259.0837817202899
20190115,257.4537617889737
20190116,248.64104361160477
20190117,248.26400826985267
20190118,241.00379402221705
20190121,226.0704444156524
20190122,221.56686415558528
20190123,220.62860040183648
20190124,220.9837308046147
20190125,218.98841624264057
20190128,216.89923324831418
20190129,215.53006667110995
20190130,210.82606793472834
20190131,216.74495240275078
20190201,231.36781089485703
20190211,232.67351894825748
20190212,239.64133979895576
20190213,239.6377798875066
20190214,237.70683624093198
20190215,233.60530914329323
20190218,239.7032580495523
20190219,243.38288740118924
20190220,236.64743518568656
20190221,234.58645594240656
20190222,235.26123659325518
20190225,237.51928808861294
20190226,235.49630767371303
20190227,236.1958167058434
20190228,241.9148767946914
20190301,242.95120712020946
20190304,240.42750212739102
20190305,235.3307921813172
20190306,223.49603098697253
20190307,207.95773124242874
20190308,201.82339296250603
20190311,202.91737985501433
20190312,195.41835096561203
20190313,193.70337177662162
20190314,188.87064318480202
20190315,180.32086811963705
20190318,173.14092433139515
20190319,169.424285541763
20190320,163.20746012128788
20190321,153.3036704744512
20190322,154.46342576320882
20190325,155.5341729078687
20190326,167.78827984714027
20190327,187.1566845659914
20190328,202.875528845247
20190329,217.2220369467819
20190401,224.83831474572455
20190402,228.23905182898335
20190403,240.94445787784974
20190404,254.03287910350147
20190408,259.5119840518569
20190409,258.16255384534156
20190410,258.7519131894801
20190411,252.79205633605898
20190412,251.2065324781587
20190415,245.37413943629406
20190416,240.4989972971892
20190417,241.64519024187103
20190418,230.73408639346232
20190419,233.4857221019458
20190422,242.33151431103516
20190423,252.02243425320313
20190424,255.40756259524355
20190425,253.69063077540994
20190426,258.7045967367743
20190429,256.85709925817457
20190430,252.37513781784966
20190506,251.02130773355472
20190507,256.422895394362
20190508,262.1619231174178
20190509,261.71442703400976
20190510,262.0379970570149
20190513,255.69960552656903
20190514,249.07585253583264
20190515,243.06209155604557
20190516,238.3600055649079
20190517,230.2419625159412
20190520,223.7635370421525
20190521,221.8115329352538
20190522,211.5835346334055
20190523,210.07868786840362
20190524,215.00644891233452
20190527,218.98413520835933
20190528,216.19417584266034
20190529,208.1832353670582
20190530,201.88020025535891
20190531,196.79732575141423
20190603,189.73247588468686
20190604,183.8386886383526
20190605,187.2660729580063
20190606,186.24874050248877
20190610,185.437368923524
20190611,185.7775303959573
20190612,186.11082847239135
20190613,184.78779304911072
20190614,191.040614596936
20190617,196.85392265861063
20190618,201.79435817392985
20190619,200.1147447682303
20190620,201.39024590417037
20190621,200.82740806018094
20190624,200.2050044674024
20190625,206.47988938400582
20190626,211.60471650264168
20190627,216.1352193342633
20190628,221.89426493139626
20190701,218.22016049573642
20190702,212.7620955745756
20190703,196.32972373439594
20190704,191.96612067133816
20190705,189.3358424550299
20190708,187.69016427837408
20190709,178.33856423059459
20190710,177.28901598984032
20190711,177.94716038309306
20190712,185.66842628394667
20190715,194.97115111063852
20190716,207.18222804969946
20190717,216.88082882459528
20190718,228.78267097082283
20190719,238.9594143165569
20190722,239.36015529727507
20190723,233.801437247903
20190724,223.32124658348047
20190725,207.4890597244589
20190726,205.97906975676855
20190729,214.47650760482213
20190730,224.39932905522502
20190731,237.7620429055378
20190801,246.5751755931812
20190802,250.6709438099606
20190805,236.88724727995194
20190806,235.35909942465938
20190807,230.03130007139495
20190808,220.22428160732838
20190809,211.23632231814935
20190812,200.15842941600528
20190813,189.71520472666612
20190814,182.45600103664344
20190815,193.4223079103765
20190816,200.93056470250545
20190819,207.63477322871518
20190820,212.53662177843756
20190821,213.7279115429549
20190822,215.71092880754168
20190823,210.655948767604
20190826,199.17333087381013
20190827,192.63635214754612
20190828,186.0426391634875
20190829,180.56962827203333
20190830,179.693746993766
20190902,183.96047451526152
20190903,186.14333528466537
20190904,190.43282840547568
20190905,199.27643095380097
20190906,203.01079998464343
20190909,200.54735152303817
20190910,204.15585185282617
20190911,205.24882013472657
20190912,206.23039347161983
20190916,206.4964579571495
20190917,210.64616932597744
20190918,216.17637094962853
20190919,215.46636003541653
20190920,213.7255677188685
20190923,212.86092347545667
20190924,216.92607338668938
20190925,224.55649024267947
20190926,230.53706431462118
20190927,234.3948085346201
20190930,240.8062147233251
20191008,246.0019337188479
20191009,248.38214492182064
20191010,248.3128603942387
20191011,249.95150598113455
20191014,241.18359627328982
20191015,235.7892630891609
20191016,219.46430498789505
20191017,209.82672103304432
20191018,202.95698904859506
20191021,195.02716591002806
20191022,197.19984802487357
20191023,204.66431424861005
20191024,208.1260084229094
20191025,218.82067354726362
20191028,223.04720517166166
20191029,224.96862251713895
20191030,225.6608254916719
20191031,221.16188533315167
20191101,205.89523499648334
20191104,207.9877689332474
20191105,201.79865778356705
20191106,210.55419781430766
20191107,220.73128431743015
20191108,230.60555552115508
20191111,236.31534388902335
20191112,236.8604541423169
20191113,236.15168483299126
20191114,244.19759635019372
20191115,250.0991936431703
20191118,254.1086727870229
20191119,255.06831508131688
20191120,249.5589894387393
20191121,245.81329097064133
20191122,246.87924650939206
20191125,248.5634814797725
20191126,258.5220661145591
20191127,257.13378600301206
20191128,253.35497261840246
20191129,244.66535013066016
20191202,238.50168686217964
20191203,230.57878970598833
20191204,217.6815467657828
20191205,209.7626283436102
20191206,213.64616265904667
20191209,212.1724983373459
20191210,218.26755585339836
20191211,229.22939618798657
20191212,232.71325241228564
20191213,240.00294979380683
20191216,246.3628690948077
20191217,256.02158177390095
20191218,264.5784203322838
20191219,265.80155868342706
20191220,266.2826109165272
20191223,267.28915002934286
20191224,259.225291550887
20191225,256.02699282059643
20191226,269.26200576172926
20191227,275.99699219950423
20191230,277.14522996521583
20191231,275.8438537531476
20200102,270.2091745102951
20200103,262.81363898711464
20200106,267.7279990891199
20200107,262.47109859662726
20200108,246.55318785361635
20200109,251.1138809498938
20200110,253.15866689176815
20200113,258.714873738092
20200114,260.81275802348455
20200115,261.26254143876656
20200116,262.5368646175698
20200117,261.7926084527129
20200120,256.69388603774644
20200121,247.00813040596015
20200122,241.6900119718981
20200123,232.90113822681607
20200203,212.57902485538915
20200204,195.03984678519805
20200205,184.84081290178992
20200206,176.70431286578648
20200207,171.76103301926588
20200210,164.35036896234746
20200211,157.79695637040427
20200212,150.23027429090448
20200213,147.5081967945541
20200214,143.5920299784979
20200217,141.11514563597765
20200218,132.82541704387086
20200219,137.17583903050627
20200220,140.73753676677202
20200221,147.0536111348798
20200224,146.53116728087497
20200225,152.13188534457365
20200226,157.48303190210893
20200227,159.42754165255408
20200228,161.03942971193842
20200302,162.85445852778122
20200303,170.01927895080127
20200304,175.14243400562282
20200305,181.39217552731776
20200306,188.8151875404857
20200309,190.7954778184714
20200310,191.41958416096287
20200311,188.54824301328293
20200312,183.30284783050044
20200313,178.93030167764593
20200316,173.5924059753929
20200317,167.29943316109583
20200318,167.57989421009225
20200319,171.18257637484882
20200320,168.8348832387779
20200323,163.94791518394635
20200324,161.40072881023272
20200325,159.6192883346558
20200326,158.86046889428349
20200327,155.3758383668174
20200330,153.3665948319246
20200331,155.1370009203118
20200401,155.45199559991912
20200402,161.656126247558
20200403,159.27494206714772
20200407,157.6131487553499
20200408,158.01882720264672
20200409,151.95075015097498
20200410,155.85661992275976
20200413,163.57623293842403
20200414,169.9395116954457
20200415,174.32052335033046
20200416,178.26178900530462
20200417,181.97849856559776
20200420,183.09015466007108
20200421,186.8551996608597
20200422,189.72107206321903
20200423,193.61538632915955
20200424,192.94076778419858
20200427,193.8724619552349
20200428,193.21315006221056
20200429,190.89244962872587
20200430,187.5649881284225
20200506,186.91386203606518
20200507,185.36740144684953
20200508,190.1344409845606
20200511,188.46535091195943
20200512,190.96648648869075
20200513,186.57630816379253
20200514,185.75168636009985
20200515,184.78566387118528
20200518,184.11468821119243
20200519,184.13221711744578
20200520,178.41762802897713
20200521,170.89917906576113
20200522,168.07880439283446
20200525,170.73212827967188
20200526,176.6344777273156
20200527,182.8538919448676
20200528,190.27335569363606
20200529,190.8514870247622
20200601,188.87215746833706
20200602,188.20384917191723
20200603,189.52176068499452
20200604,179.57031035057636
20200605,176.9248451041766
20200608,180.08092694817174
20200609,188.6095766895618
20200610,196.8192087521223
20200611,204.02986682216877
20200612,209.69549764857916
20200615,213.34638608371694
20200616,212.2494873869805
20200617,213.90392073807038
20200618,216.42242548406358
20200619,223.91729251798077
20200622,222.81936044951232
20200623,215.33941879848715
20200624,204.46525480762367
20200629,202.56525552705813
20200630,190.09299475698185
20200701,188.3586301126301
20200702,189.53307693079907
20200703,183.52924611036147
20200706,183.3832448743913
20200707,191.44536181189937
20200708,198.92938301958532
20200709,199.730045374206
20200710,204.89772536321044
20200713,212.68437967883597
20200714,214.035762668403
20200715,212.9944769071161
20200716,215.9881749282523
20200717,221.6029710198288
20200720,223.95121720961714
20200721,221.2232447428999
20200722,217.26343418525266
20200723,212.97350742863313
20200724,213.58224635926044
20200727,212.28900633414233
20200728,211.0707602831384
20200729,210.33612238772744
20200730,209.88558341362233
20200731,205.85480743492195
20200803,201.60265094274405
20200804,195.74133926440703
20200805,189.50532675323106
20200806,184.57885845789792
20200807,179.87589767064543
20200810,176.76534238581954
20200811,174.0308976480091
20200812,171.97111454895438
20200813,169.51920524741124
20200814,167.10857934802297
20200817,163.6010024778164
20200818,162.18595863308542
20200819,160.8802757574328
20200820,161.9554072985268
20200821,161.704076522252
20200824,168.1315273637521
20200825,175.80270388190684
20200826,182.1004409653056
20200827,187.33257701463006
20200828,191.64186133914032
20200831,195.1698762466983
20200901,195.42865718821358
20200902,199.88702724841247
20200903,195.36767256445697
20200904,194.87364321592423
20200907,197.2243177378529
20200908,198.0471398635983
20200909,193.44641227428903
20200910,195.77668094004366
20200911,200.27183284129822
20200914,203.12458445680892
20200915,205.14449484031343
20200916,203.9116058835296
20200917,206.35169328270064
20200918,206.45545833911044
20200921,206.59090332736073
20200922,203.75543658545783
20200923,200.44169944460157
20200924,197.70592042139953
20200925,195.61977605056413
20200928,191.35844968158762
20200929,182.7045349936511
20200930,180.28568347154868
20201009,172.24377752082984
20201012,165.07281171893348
20201013,156.37678527596879
20201014,154.42006965455147
20201015,154.685348761089
20201016,154.8521323986648
20201019,151.79414260635616
20201020,147.87303606189565
20201021,146.70112903184494
20201022,146.27808529054738
20201023,145.78989793299496
20201026,143.31156158861563
20201027,145.70750777330426
20201028,149.09926844764303
20201029,152.71303432066236
20201030,155.58649904607253
20201102,152.83092398593885
20201103,153.3971637550628
20201104,152.30414943161406
20201105,151.14265024354435
20201106,153.24125779061194
20201109,157.90597779360206
20201110,161.62382299630428
20201111,163.1573491019117
20201112,161.46038156330036
20201113,168.5465134693456
20201116,175.6463725428069
20201117,182.00417354985058
20201118,187.75073587128222
20201119,191.54133439390722
20201120,194.88684965510615
20201123,196.28184872625877
20201124,196.91834727261372
20201125,197.6945142445813
20201126,198.75325309033573
20201127,199.66666874391385
20201130,201.2125782961225
20201201,203.19361529316038
20201202,204.2602541791746
20201203,205.2238469549814
20201204,204.27128960475835
20201207,198.64186537553334
20201208,192.578101158076
20201209,185.5907873530951
20201210,185.83892565565375
20201211,174.57180818664045
20201214,165.59305946163883
20201215,150.27487424728125
20201216,145.25848105649257
20201217,142.17897887679658
20201218,140.5960831473799
20201221,144.22062846934367
20201222,146.15589464537578
20201223,143.7022760769003
20201224,149.5699677109473
20201225,146.51639839426596
20201228,142.22571547453305
20201229,146.12537955391883
20201230,149.5432393668209
20201231,152.07734719289502
20210104,150.76056991844308
20210105,152.45310068134893
20210106,158.92098250373192
20210107,164.56050152364344
20210108,169.41259665281154
20210111,172.52031126723742
20210112,176.9491868020958
20210113,180.67621651126385
20210114,181.17349593684628
20210115,180.8457451417153
20210118,180.05864750382042
20210119,180.33505084733306
20210120,179.71665799878772
20210121,179.28948354817103
20210122,178.7552550340728
20210125,177.00855582741553
20210126,175.97714509840887
20210127,174.61400495440415
20210128,171.34872312485825
20210129,170.85721300776493
20210201,170.0399877427532
20210202,169.28017772645399
20210203,168.86078288652755
20210204,168.11027076194753
20210205,166.77907897319542
20210208,166.29337375483524
20210209,165.23271179213535
20210210,164.70392131917555
20210218,163.51285870954163
20210219,163.2544812659061
20210222,163.30480705935827
20210223,163.28165908639716
20210224,164.3729488220067
20210225,165.1641790053836
20210226,164.56829105941534
20210301,163.39634065670117
20210302,162.02252111431721
20210303,161.1684728194628
20210304,158.76455366595323
20210305,154.65161380329303
20210308,152.19490409156515
20210309,147.84583675057348
20210310,137.84578213898402
20210311,134.85490772484664
20210312,130.55133704937194
20210315,121.16755985684773
20210316,117.95010234799798
20210317,117.26978663102247
20210318,120.59035740649597
20210319,118.30205876487284
20210322,114.80296325661118
20210323,111.83569545034621
20210324,109.29664188379823
20210325,109.1874663334022
20210326,108.97594055259765
20210329,111.44487194472997
20210330,113.34943086675624
20210331,110.72057369739169
20210401,113.34989832177688
20210402,116.91588206161641
20210406,117.31532035013309
20210407,117.30629859759233
20210408,121.20517715619106
20210409,126.16174469622007
20210412,124.53296888651217
20210413,126.61872055651726
20210414,129.71234990904347
20210415,132.0229172320399
20210416,131.01356275272693
20210419,130.9670962028672
20210420,134.50580363797664
20210421,134.12604694632995
20210422,137.25924947931261
20210423,141.51830032415646
20210426,136.5147302058924
20210427,137.85462276004048
20210428,134.53773550375064
20210429,138.23723330903738
20210430,142.4944731453662
20210506,143.82324131812135
20210507,137.92036292245416
20210510,130.87390047218963
20210511,129.9312338993637
20210512,127.22234861030749
20210513,132.11777328290793
20210514,136.32278846194313
20210517,135.7796980516401
20210518,133.2642535647837
20210519,130.34414851041228
20210520,130.69542456374722
20210521,125.87524884454363
20210524,121.87390027687222
20210525,122.47450013691903
20210526,123.35101109755128
20210527,118.02623654774425
20210528,119.29640882693201
20210531,122.07557507350414
20210601,124.34786189188713
20210602,128.49344502840327
20210603,136.61245424283513
20210604,141.93064751207072
20210607,144.59924040041588
20210608,143.6029005564835
20210609,145.05714462812176
20210610,154.0871695551167
20210611,159.80984419636658
20210615,158.8646416079546
20210616,141.4912800220498
20210617,123.67501149395358
20210618,104.13078137288703
20210621,87.73509532523285
20210622,81.64562149350827
20210623,88.68523224762043
20210624,100.07969229319535
20210625,114.60296152757873
20210628,127.72307260610143
20210629,135.1206007076213
20210630,141.39647451484103
20210701,138.22550914614766
20210702,139.2104756334651
20210705,143.5469818152363
20210706,147.1149653704155
20210707,147.19874484931623
20210708,153.933436632986
20210709,159.46734219766705
20210712,164.10152841383433
20210713,164.83031927254748
20210714,168.23221125285147
20210715,168.76887172809361
20210716,162.9533590133802
20210719,154.5629728858511
20210720,142.93464558638198
20210721,143.6323622400216
20210722,138.29113158263183
20210723,130.81785852332223
20210726,125.93830175724082
20210727,126.77915536894602
20210728,131.98643013395505
20210729,144.0526424671514
20210730,146.59224700375236
20210802,154.33788429168632
20210803,155.74588405286548
20210804,156.2065353678399
20210805,154.0777525988889
20210806,152.22202656264017
20210809,156.4750211277163
20210810,163.42026285235872
20210811,169.14328922399898
20210812,172.36479527559885
20210813,161.88380949305346
20210816,156.1095484346042
20210817,154.05334994603135
20210818,166.3525694496347
20210819,176.5198740509373
20210820,180.60766737336533
20210823,187.1187531278574
20210824,192.87724101755418
20210825,195.99907826076029
20210826,189.41106351209817
20210827,182.95761137501273
20210830,180.3227971013986
20210831,178.00923324904207
20210901,175.0959738367814
20210902,169.15406253788532
20210903,164.35542547393857
20210906,168.7996386405424
20210907,175.5170396508738
20210908,183.23991454456922
20210909,187.21092605504415
20210910,193.514715497751
20210913,188.74624058384327
20210914,191.53746641993862
20210915,192.32387889077827
20210916,192.60425897070402
20210917,184.41701500022765
20210922,177.11593945098093
20210923,170.9064202904257
20210924,161.53483510347107
20210927,159.9653351809321
20210928,160.98907552089952
20210929,168.23511311114927
20210930,170.49634127926774
20211008,170.0002343768224
20211011,162.24201335315112
20211012,156.11359830157426
20211013,147.7582151284896
20211014,142.16103663018356
20211015,138.23767949951696
20211018,140.6184391557187
20211019,145.94366640075134
20211020,147.91914943975257
20211021,152.27516473833123
20211022,148.61927128614448
20211025,148.1768621683962
20211026,141.82973644009013
20211027,134.60149177958576
20211028,131.25557284379505
20211029,130.14473123479854
20211101,123.95857657019484
20211102,122.17748946841769
20211103,124.52390047734168
20211104,128.6645240602408
20211105,133.4025560251401
20211108,135.96398511606805
20211109,135.24731062733298
20211110,137.15659936247744
20211111,139.5742755947466
20211112,142.52130081894185
20211115,145.4132188677336
20211116,149.29580081611212
20211117,153.49715313331285
20211118,157.42167112840605
20211119,161.27622371391362
20211122,164.8319804082188
20211123,167.75175764142463
20211124,171.0088017068256
20211125,174.54283067741096
20211126,178.36321474672621
20211129,182.52698787455557
20211130,182.77452007423804
20211201,180.5409000490262
20211202,175.793664105521
20211203,163.76124063143428
20211206,154.2715146996967
20211207,147.22753432831595
20211208,146.02258906025193
20211209,140.0458952094306
20211210,136.43557104049398
20211213,132.4560327558599
20211214,123.44800068678657
20211215,127.0435115734219
20211216,137.5307247292775
20211217,139.53266654933026
20211220,137.22887243272916
20211221,140.30278596189598
20211222,144.77010855082696
20211223,140.32381920284323
20211224,138.09552136312567
20211227,139.9694703793496
20211228,139.85448834446981
20211229,137.020735528901
20211230,136.00742942069647
20211231,135.5947201093896
20220104,133.144182286238
20220105,135.969364717957
20220106,138.34820653531378
20220107,142.68254029337564
20220110,153.3723454738158
20220111,166.4428084074049
20220112,175.47359620265664
20220113,187.1435367829904
20220114,191.41964618860817
20220117,199.82648906534837
20220118,206.06385130883098
20220119,208.71712842113723
20220120,203.91284127088912
20220121,204.29689619678234
20220124,211.03472824095974
20220125,210.93478617415016
20220126,208.65284984544596
20220127,209.53935167467463
20220128,206.3728262648679
20220207,199.24801074434114
20220208,193.93882426358462
20220209,186.9688754234339
20220210,190.12173617430793
20220211,190.89352194783967
20220214,189.22048358864578
20220215,187.42451388651517
20220216,185.71420140656488
20220217,184.3751187979491
20220218,179.3694461566565
20220221,180.25492562443458
20220222,180.76115065454044
20220223,184.82173571566037
20220224,185.88478095552765
20220225,184.9816417253276
20220228,188.8662602920254
20220301,191.18438419978375
20220302,187.76420511951753
20220303,185.19770760064222
20220304,182.40302515027096
20220307,180.70911150010116
20220308,175.4482290723387
20220309,174.74856258078057
20220310,175.74338713586945
20220311,176.53597280292556
20220314,176.8064199398242
20220315,171.96711565642983
20220316,167.05869198527705
20220317,159.9173975596918
20220318,156.6940471272666
20220321,147.8899950206063
20220322,143.57318496170325
20220323,137.14956668467036
20220324,135.65345079136856
20220325,139.06788837744847
20220328,142.1707117794283
20220329,145.4091063119719
20220330,148.26048483066037
20220331,155.2818711315613
20220401,151.99826015385472
20220406,158.9784342904613
20220407,165.37247410514505
20220408,170.43416036841435
20220411,165.19374541774994
20220412,162.2388631399533
20220413,163.41400713663754
20220414,159.15721531663843
20220415,169.7005604325919
20220418,177.75025494549587
20220419,185.24052248714762
20220420,193.51181544280826
20220421,197.91427898318597
20220422,198.21130344731003
20220425,196.15929003909574
20220426,196.27692017466586
20220427,197.50396292134573
20220428,192.38428541168753
20220429,191.44380421066873
20220505,183.7336979225503
20220506,168.3505216021911
20220509,152.12961070687527
20220510,136.41480276976102
20220511,134.84684070332725
20220512,137.82043963271667
20220513,142.34133195379573
20220516,144.5196181273383
20220517,147.91594029422933
20220518,155.8037126207859
20220519,157.48545143917045
20220520,159.10958225095555
20220523,160.3787126264774
20220524,155.97802192384805
20220525,159.6032838613997
20220526,163.95524536844843
20220527,170.661871889835
20220530,173.522414260284
20220531,178.74211252266616
20220601,186.0899255961836
20220602,189.07187772344926
20220606,195.83339932678868
20220607,202.923137081137
20220608,210.97449883335722
20220609,213.48587656069807
20220610,210.74104873839764
20220613,209.71912050097262
20220614,209.46080402050006
20220615,205.16221592479224
20220616,198.0565679442646
20220617,196.80960740235332
20220620,186.34259954988252
20220621,172.8324347067589
20220622,159.16607628669217
20220623,145.6780120417585
20220624,132.7160009614354
20220627,117.92341575012458
20220628,116.6141092078485
20220629,109.58547737458949
20220630,120.52537758651927
20220701,131.71229749675882
20220704,142.76752248066063
20220705,149.95162063903942
20220706,157.68313080704772
20220707,163.13947711569065
20220708,167.44470434945367
20220711,172.16020100646367
20220712,176.04230781004046
20220713,178.53941121190604
20220714,180.0110519184283
20220715,181.45313644907185
20220718,179.8430879512011
20220719,178.01900137047346
20220720,176.56708611611202
20220721,176.23090879378603
20220722,176.31477535924103
20220725,175.59610678183265
20220726,173.944309349626
20220727,172.22383543249407
20220728,169.42230400601986
20220729,166.4797990112166
20220801,162.50333528276937
20220802,159.62418326108278
20220803,160.61254951666933
20220804,161.3298881549086
20220805,158.92124473749786
20220808,156.69380142060064
20220809,154.97809355134163
20220810,153.4341553605476
20220811,152.2769877647649
20220812,151.5161374553743
20220815,148.5225979654508
20220816,151.12415193261307
20220817,151.52539709975383
20220818,148.92577663350673
20220819,142.1174243680885
20220822,137.0539309126016
20220823,134.29953664499925
20220824,131.55883109816867
20220825,136.74106507979516
20220826,133.0473813079605
20220829,128.00959852232472
20220830,130.731212149214
20220831,137.01595768176057
20220901,138.91081995729618
20220902,142.50856887675562
20220905,142.2851089256517
20220906,141.774868436621
20220907,148.32275308054332
20220908,153.2222399548248
20220909,161.63602960390384
20220913,161.44280173642272
20220914,159.81293233976092
20220915,159.1218790389916
20220916,162.67251446745547
20220919,159.7762133983108
20220920,152.90970724402695
20220921,151.51849484787556
20220922,147.13093459261782
20220923,140.38728117369953
20220926,138.92034732913982
20220927,142.2004066713238
20220928,146.65774317789612
20220929,157.52381380314412
20220930,165.22076043801172
20221010,164.91514594584942
20221011,167.3856502986803
20221012,161.42813697164698
20221013,156.36176949959668
20221014,158.55168798181757
20221017,158.3022818098524
20221018,160.2836283495479
20221019,157.2479322861182
20221020,160.01633898695908
20221021,162.86485117538973
20221024,166.66335007319594
20221025,169.3977101365376
20221026,166.7011011425571
20221027,164.6557336080306
20221028,166.61131907759685
20221031,164.53002505694545
20221101,162.5609909329253
20221102,169.54660114955786
20221103,177.56093332535687
20221104,180.25924072671071
20221107,184.39903900420347
20221108,188.24333628619715
20221109,190.7508051398074
20221110,183.57316908489076
20221111,183.70189577559108
20221114,185.67865986866323
20221115,187.85374049076268
20221116,187.4680760106107
20221117,185.10683934289764
20221118,175.8964450084314
20221121,177.28988911526326
20221122,177.3118539185058
20221123,179.70338246262614
20221124,178.04339719952986
20221125,181.79150554469464
20221128,185.04934261159286
20221129,186.34932715491155
20221130,182.45905759322358
20221201,179.1959443321952
20221202,182.28456300195273
20221205,172.93261670199192
20221206,168.15076649259186
20221207,159.6036842073768
20221208,150.91591827538576
20221209,143.54278116403773
20221212,136.93885045437773
20221213,137.34861018278187
20221214,136.62008025459724
20221215,137.69647814768442
20221216,130.88253568656765
20221219,132.27340956954336
20221220,142.7800963938395
20221221,156.57320458249976
20221222,169.82043487521076
20221223,175.03761635376205
20221226,182.68692586792113
20221227,188.97810132502897
20221228,192.54532699301703
20221229,195.8937236731556
20221230,196.20540337764655
20230103,199.26074418557067
20230104,195.16650094780303
20230105,188.08606390944453
20230106,183.49414943745558
20230109,179.20061769753116
20230110,176.86358022875095
20230111,175.29006055520887
20230112,178.74737790527035
20230113,173.5582006525751
20230116,169.43689993795508
20230117,167.38499532961657
20230118,168.76853512562093
20230119,179.08023994696973
20230120,181.84180708345812
20230130,183.13003189304447
20230131,184.7403271436506
20230201,185.84127767939788
20230202,182.86308252648104
20230203,169.8806887323775
20230206,176.02717341359582
20230207,176.90079234683355
20230208,178.7717817068503
20230209,180.0044791187314
20230210,183.1650723255722
20230213,177.30495032761917
20230214,176.1420187254261
20230215,183.64375591807607
20230216,195.15003423445518
20230217,200.03561225695873
20230220,200.07532383594636
20230221,195.58499564168545
20230222,195.50436985461985
20230223,204.85073476508862
20230224,207.53065234856916
20230227,216.54734633765588
20230228,220.0566017099982
20230301,223.6583236974614
20230302,230.3528357650353
20230303,238.00113214555353
20230306,227.5508106695126
20230307,222.04002714265528
20230308,219.05479749898032
20230309,224.13709490898742
20230310,210.17834177364753
20230313,211.18669368938257
20230314,217.51633329303078
20230315,225.82326023194074
20230316,224.4118160998864
20230317,227.4640582460136
20230320,229.2343848155082
20230321,225.22933177681884
20230322,218.2546066196709
20230323,209.95094432008554
20230324,209.773655129889
20230327,211.8862062115193
20230328,211.32918209223922
20230329,206.99732946776723
20230330,207.8314501154822
20230331,210.80664813805527
20230403,212.72498123011349
20230404,215.770361308789
20230406,217.47341008961445
20230407,221.22200834772883
20230410,217.80731482160172
20230411,206.88244338481758
20230412,209.45570784905198
20230413,211.25673573436546
20230414,213.42758024774696
20230417,210.99415808508073
20230418,207.5385419172904
20230419,202.58301910917484
20230420,205.83696767510443
20230421,207.43024566522675
20230424,207.589029962209
20230425,208.78351746093392
20230426,210.89239178806557
20230427,212.29228086772804
20230428,213.17667046875937
20230504,212.20631502293568
20230505,211.52141681815098
20230508,209.2897889350466
20230509,207.52770422630493
20230510,205.90118775173482
20230511,205.25726567681235
20230512,204.4394184954169
20230515,203.97578467371162
20230516,199.82735396790804
20230517,199.9439843972741
20230518,199.4828918201493
20230519,198.12684992430124
20230522,195.34213604251352
20230523,196.29502604092843
20230524,197.22172355508167
20230525,198.6726184860045
20230526,196.9332076378783
20230529,195.969853701643
20230530,195.28917727586472
20230531,193.89836192086054
20230601,192.66261952354546
20230602,193.35673747628442
20230605,194.27728190593615
20230606,197.1657409688124
20230607,201.18144112548194
20230608,206.43997776004647
20230609,210.98687137162798
20230612,212.92326249440558
20230613,214.31449873272834
20230614,215.76557383922338
20230615,213.24603165271756
20230616,206.00565958590815
20230619,198.41295944862105
20230620,176.06859758116582
20230621,159.84908649053776
20230626,152.16430615773413
20230627,141.78450635599077
20230628,129.68492102035256
20230629,132.87683245754386
20230630,137.35415186720473
20230703,135.9196159883477
20230704,129.769284869414
20230705,136.9413651011856
20230706,145.72656845522036
20230707,152.92294981375267
20230710,153.06690643371024
20230711,154.62785241268634
20230712,162.99804246296364
20230713,160.76642169374696
20230714,159.12986582819494
20230717,167.40120135859434
20230718,175.53064531084402
20230719,181.7952936674172
20230720,191.5057840953871
20230721,199.05133290578772
20230724,203.26446400584058
20230725,203.99079416939796
20230726,204.60255394288362
20230727,207.35285797447716
20230728,210.37532643596725
20230731,218.96298406990155
20230801,221.690837902453
20230802,224.79039303211968
20230803,225.83950815282998
20230804,230.63835322383392
20230807,232.82764120460266
20230808,237.57611932702494
20230809,235.9242664528667
20230810,234.85980924905593
20230811,229.6974969817608
20230814,225.31319715904496
20230815,230.37780883312635
20230816,232.58689776657874
20230817,224.97222874616176
20230818,221.93366525586802
20230821,220.2687484474973
20230822,216.59114164385983
20230823,213.87061511066227
20230824,207.93326680559665
20230825,204.08454219284064
20230828,208.30270627673735
20230829,211.3019147270522
20230830,213.8149039904874
20230831,217.16754193225177
20230901,219.87842513208497
20230904,215.96438200750205
20230905,217.1622847098079
20230906,216.6059512146614
20230907,212.80043882505151
20230908,202.83882409092405
20230911,194.51547410145344
20230912,193.7321678503149
20230913,192.91058667964478
20230914,193.7841678938282
20230915,190.42858630284658
20230918,192.9605685106492
20230919,191.96694479291932
20230920,195.13636197162302
20230921,186.85230329468655
20230922,184.2916225107693
20230925,182.73889432891346
20230926,179.7393247380545
20230927,174.58006250149498
20230928,170.58208717884392
20231009,164.61317911848528
20231010,158.99517986131966
20231011,165.36200171709504
20231012,159.2253219438233
20231013,159.6425502789771
20231016,161.07143978169017
20231017,160.48728014746095
20231018,156.50567676556088
20231019,157.97963983786315
20231020,153.2355985418248
20231023,151.2843678687518
20231024,154.9872822430399
20231025,169.18682877131005
20231026,179.6700979346961
20231027,190.43856856081192
20231030,198.19831667149748
20231031,203.92003398690355
20231101,204.2502079470382
20231102,204.14514460443505
20231103,205.98030246104673
20231106,211.3870595636347
20231107,210.45521609534177
20231108,204.43969619187263
20231109,204.39026272617224
20231110,212.03525664071068
20231113,219.30600153788853
20231114,215.9976457582696
20231115,210.357898712921
20231116,202.94070980672117
20231117,194.29968824610845
20231120,188.2320193223163
20231121,186.4726666725205
20231122,183.83533576659062
20231123,190.9090056403863
20231124,197.35613717932173
20231127,206.2363916143721
20231128,208.13086938034104
20231129,209.13552395490672
20231130,216.76178585499787
20231201,215.93877655840888
20231204,222.28915190044665
20231205,224.7099345654599
20231206,222.85972718830033
20231207,221.34968042745987
20231208,216.67616246033623
20231211,212.91995793362565
20231212,208.7305186180166
20231213,210.22818826670996
20231214,209.9826259298823
20231215,210.35265537989346
20231218,220.1531353596061
20231219,225.99140929472932
20231220,226.42191697066352
20231221,233.69300904575644
20231222,229.59545981614275
20231225,217.6643797055431
20231226,201.25359841503172
20231227,188.22628610780365
20231228,185.20380043058728
20231229,199.06969245537618
20240102,206.27322494508212
20240103,205.59553443853932
20240104,200.33494278958602
20240105,209.58419184196632
20240108,220.1625044715457
20240109,222.86773211240174
20240110,225.2292163996289
20240111,233.37957033312986
20240112,235.676144939112
20240115,242.4167058852574
20240116,250.35112605318693
20240117,257.65744346424447
20240118,258.3499397744111
20240119,259.0341147264056
20240122,259.77789518206123
20240123,263.31016311058846
20240124,261.9588567690438
20240125,255.86423571340353
20240126,250.9999092876047
20240129,248.13073554410403
20240130,248.4267457841723
20240131,248.21386083173113
20240201,237.46198920938383
20240202,232.27866708712895
20240205,227.09686768976468
20240206,223.22296074519107
20240207,224.05357077953664
20240208,233.6377006964414
20240219,240.3251497193311
20240220,245.50986689855188
20240221,244.77931052803953
20240222,239.13506443606232
20240223,236.3833145457662
20240226,236.47335894138553
20240227,234.22546777635498
20240228,232.3006304112753
20240229,224.69157049727738
20240301,221.19379930689263
20240304,213.52285670369577
20240305,213.5904644689644
20240306,209.29668344413628
20240307,204.3331168468964
20240308,198.05674047902068
20240311,197.05950615514848
20240312,200.7407374993433
20240313,200.95429049789215
20240314,193.7171020970008
20240315,177.92713266034522
20240318,174.651576021115
20240319,173.1346275208162
20240320,176.22937440860196
20240321,177.62431535262843
20240322,190.67245458900032
20240325,195.87237504111206
20240326,200.81169130239903
20240327,210.1450066558578
20240328,205.40368395942485
20240329,208.77370751859422
20240401,215.43368492179533
20240402,227.0061579057212
20240403,240.66744799931172
20240408,250.5543315702158
20240409,260.1044665225722
20240410,268.895243425444
20240411,270.8732026638935
20240412,268.25504928751735
20240415,267.52522604932386
20240416,258.1667064541475
20240417,240.46973602580024
20240418,224.3273905205644
20240419,225.9495011970255
20240422,232.9290335090071
20240423,239.79124927825833
20240424,250.52825797666463
20240425,252.4845747102049
20240426,252.3502320940286
20240429,253.48344585844575
20240430,254.84743182396167
20240506,252.79348243145716
20240507,255.25420862641317
20240508,256.0778834138268
20240509,258.6230420508294
20240510,247.63267261051305
20240513,242.0883213571937
20240514,234.62729271987803
20240515,224.35796688498857
20240516,209.17433073738658
20240517,199.78518791245773
20240520,193.9192322323954
20240521,201.86369784480817
20240522,202.25307327677905
20240523,196.30224541477756
20240524,199.80531643206777
20240527,204.99856314639152
20240528,209.95306394885262
20240529,205.49593768955452
20240530,201.6562049105605
20240531,195.2134132074257
20240603,193.90160096052267
20240604,199.76325650695065
20240605,211.34402435129644
20240606,223.30114725748876
20240607,240.62033767338616
20240611,255.76577439383695
20240612,266.9509689635832
20240613,274.9672613282222
20240614,276.3534120176618
20240617,277.17550154148984
20240618,275.9618863861823
20240619,271.599853083413
20240620,269.887315452153
20240621,265.421049132213
20240624,254.51320418818736
20240625,245.16756878015013
20240626,236.96458388184388
20240627,224.93077207418816
20240628,205.72535143639365
20240701,202.49197677474058
20240702,209.67215414603126
20240703,215.11709217298787
20240704,216.40502457574303
20240705,217.4995404938753
20240708,218.20530428521784
20240709,214.80690321491926
20240710,204.11813737270109
20240711,196.13297060289975
20240712,180.95136093886765
20240715,179.17067967653804
20240716,173.05420507272243
20240717,178.2623521252165
20240718,190.18791597054596
20240719,197.07795103495621
20240722,204.22219980879782
20240723,205.9528824760499
20240724,212.7976189823071
20240725,220.4088498970686
20240726,233.1134506817359
20240729,236.86949228715878
20240730,253.96294444331193
20240731,266.8423911391248
20240801,277.0290408877282
20240802,271.93459669212075
20240805,271.66141661741165
20240806,273.6636944107152
20240807,275.4499714220832
20240808,271.1695459015526
20240809,264.6809259850137
20240812,258.4364628133915
20240813,240.313001208633
20240814,243.20369703918348
20240815,244.51772363822784
20240816,245.47026558563627
20240819,247.96001942260034
20240820,246.7563661136478
20240821,245.8427626802405
20240822,245.02174715654763
20240823,245.97958545386388
20240826,245.6390448414044
20240827,244.77320148266304
20240828,243.91851984491774
20240829,243.8265966045881
20240830,245.95634293359942
20240902,244.39165877299092
20240903,243.9856018175049
20240904,241.67554304581677
20240905,236.65623334070827
20240906,229.5622383244188
20240909,224.5842885561053
20240910,222.37829842874106
20240911,220.98950910424958
20240912,218.43330013129258
20240913,215.51339234189183
20240918,214.47614678473533
20240919,205.23706971904141
20240920,194.70163404245497
20240923,185.86941697922617
20240924,183.27926257536924
20240925,176.27794688917928
20240926,169.89102160555564
20240927,170.04194528792374
20240930,162.81226453813866
20241008,163.8381619083928
20241009,163.31118183571778
20241010,164.84087046668412
20241011,164.84778978442282
20241014,172.16552900620735
20241015,178.59978192370508
20241016,184.487867779567
20241017,188.80783156503443
20241018,190.3840591746714
20241021,190.63986558226918
20241022,188.58398682928944
20241023,189.8409153186074
20241024,191.96748508687398
20241025,191.8841052698193
20241028,194.2053443042912
20241029,198.58271023387493
20241030,199.25913877599385
20241031,200.90484412948175
20241101,199.9431702943259
20241104,203.0441508569006
20241105,206.95911605970656
20241106,215.61566570357454
20241107,222.2520813205926
20241108,223.36577081239233
20241111,222.6198934000517
20241112,224.1417897264446
20241113,216.96122498674256
20241114,208.3505966941424
20241115,206.3574838230823
20241118,204.55144522205592
20241119,198.16227954958325
20241120,201.15135974540877
20241121,198.1380937561237
20241122,189.60845907903777
20241125,183.7425717015584
20241126,179.8377681154291
20241127,177.00701013587582
20241128,170.92642574356182
20241129,174.0212987805073
20241202,184.0017925594494
20241203,191.4090696020055
20241204,195.72714222417792
20241205,208.80179546739768
20241206,218.38978680610285
20241209,226.0412134796552
20241210,234.8536666762339
20241211,240.31137101635122
20241212,245.45099877968187
20241213,250.5416195461396
20241216,257.15903110385443
20241217,261.94935813501985
20241218,266.0396889722693
20241219,265.3310386959318
20241220,262.03784311561077
20241223,262.8507943887805
20241224,261.4964035727174
20241225,257.28369863619224
20241226,253.94233644697928
20241227,252.06988089556927
20241230,250.8660227221429
20241231,245.01105483471602
20250102,246.8404365755435
20250103,250.04001246961107
20250106,252.56416196077578
20250107,253.36987688425515
20250108,255.1325085052696
20250109,252.283402773697
20250110,253.03191296827387
20250113,244.64564729662726
20250114,241.2678144240743
20250115,235.91213081842795
20250116,234.88854776053356
20250117,230.44559106419482
20250120,220.7110223320794
20250121,208.33105577738388
20250122,214.52833049401505
20250123,217.59470388153198
20250124,217.51102721921475
20250127,219.8780142481374
20250205,210.03667312184422
20250206,195.20330327604592
20250207,188.20381042209883
20250210,184.33094555341637
20250211,183.4116397863254
20250212,182.7563200088719
20250213,197.38961208437658
20250214,206.87072180124764
20250217,203.2674893956226
20250218,206.6620565448152
20250219,199.8703374760404
20250220,187.83663076361097
20250221,176.99668664453165
20250224,180.9341889600559
20250225,191.85691420168217
20250226,196.90291215523723
20250227,201.14506633532537
20250228,213.38974014483634
20250303,223.17998960200134
20250304,227.65872409101382
20250305,227.15188584367039
20250306,229.58076716860202
20250307,234.7936231970441
20250310,235.62783672875244
20250311,231.94193416780965
20250312,237.3010968154714
20250313,241.2976228479862
20250314,245.59422080005308
20250317,254.86825319914027
20250318,261.0881610729248
20250319,263.04719297913005
20250320,263.5280198496559
20250321,263.53581971878117
20250324,251.5347228899769
20250325,241.74791109161845
20250326,228.73454012732233
20250327,215.01391387284085
20250328,212.92877065313738
20250331,205.4699986023123
20250401,204.07523037443335
20250402,202.40690711973775
20250403,214.5958282633928
20250407,214.4736064432484
20250408,212.70242553857895
20250409,207.55023464719883
20250410,199.93576736555536
20250411,194.1513710968663
20250414,193.38245123679368
20250415,198.703216792864
20250416,204.6706057513563
20250417,200.30889118329569
20250418,191.88314422114263
20250421,187.33858456128257
20250422,185.47363696282596
20250423,181.46335638397835
20250424,175.73945951939842
20250425,167.4488967180526
20250428,165.75599245440162
20250429,167.99993039963041
20250430,168.81339506159685
20250506,174.3256763926977
20250507,181.94551545644376
20250508,183.53950174921226
20250509,199.6438658015469
20250512,202.00653836308965
20250513,203.33258052049823
20250514,218.68442147653013
20250515,210.43259491942896
20250516,209.57048333135847
20250519,205.3823709266043
20250520,192.71784135954834
20250521,192.28653597664177
20250522,202.96485296669243
20250523,218.7517198629675
20250526,230.07881313271838
20250527,236.1153136415503
20250528,242.6220369738856
20250529,258.02256328319754
20250530,272.08558058637647
20250603,284.9572552131103
20250604,295.58738558008
20250605,294.33929776277057
20250606,287.6759041111973
20250609,281.66587480295806
20250610,269.7245606412288
20250611,271.6748283173225
20250612,291.59983010226534
20250613,310.6580775543857
20250616,313.1325161900532
20250617,300.4346656029964
20250618,295.384146586763
20250619,288.83915125982253
20250620,290.70840946239895
20250623,299.8404556604285
20250624,290.1622488160195
20250625,276.31880161018944
20250626,259.4251692909744
20250627,247.0259340648543
20250630,250.89187159577705
20250701,246.48708903425978
20250702,249.41356461408282
20250703,252.79571615099798
20250704,262.15696962123207
20250707,258.5351784666781
20250708,263.6526556664231
20250709,273.3256629566686
20250710,281.0555817676019
20250711,290.0882995704171
20250714,306.3832777599922
20250715,320.6203778971756
20250716,327.21884663603083
20250717,333.5053337532666
20250718,344.6422358740074
20250721,343.9988975266856
20250722,355.19094743795245
20250723,370.95536042692686
20250724,360.9879837947335
20250725,350.35993224774677
20250728,347.25737225252436
20250729,355.0345601479569
20250730,358.90392617305577
20250731,359.388147130903
20250801,349.59844371905615
20250804,341.8693756282711
20250805,335.1409090128325
20250806,325.80627157650514
20250807,325.38322683673726
20250808,312.2635203054434
20250811,294.7778496520349
20250812,290.3794208559429
20250813,293.3828102478209
20250814,295.98949454467135
20250815,298.04275861485877
20250818,302.5013709615532
20250819,305.42421627412597
20250820,303.10368269670056
20250821,295.57165682659223
20250822,289.21890243316676
20250825,281.4828479978082
20250826,274.24223081812937
20250827,279.0789669870231
20250828,281.1412639760816
20250829,282.94002539716706
20250901,288.8381194188098
20250902,298.86421648792407
20250903,296.5677879717141
20250904,294.37194536170557
20250905,291.7448380345656
20250908,292.62394354817536
20250909,301.20050471247254
20250910,308.19811572398123
20250911,314.87103186519585
20250912,316.9135765828008
20250915,317.4297340089009
20250916,318.5685899995647
20250917,313.4764160443243
20250918,314.6482370444735
20250919,315.3579455806125
20250922,316.90412831166896
20250923,316.0328136186149
20250924,312.5649881524294
20250925,315.0851028196965
20250926,312.77968539027546
20250929,313.74336335727315
20250930,308.462969364803
20251009,298.0985834306494
20251010,288.50310690008445
20251013,284.00232358951143
20251014,282.81965097136913
20251015,281.2845262690144
20251016,277.6101754810717
20251017,277.74004766958694
20251020,269.3790191986862
20251021,260.8518217380961
20251022,251.8189932361086
20251023,247.1418087862669
20251024,244.50714219348555
20251027,237.89260508978722
20251028,234.9132560245951
20251029,243.64809447398758
20251030,251.41591875924945
20251031,254.61066539875887
20251103,263.3969276445078
20251104,270.1530578623122
20251105,265.64764887419943
20251106,269.99534433138547
20251107,273.9620670533233
20251110,287.96320273791287
20251111,301.71554364521893
20251112,309.91938081288214
20251113,296.9126232690185
20251114,291.3891629636007
20251117,300.2896898337177
20251118,299.63810945078814
20251119,305.2804104891088
20251120,303.24763504856764
20251121,295.43140014268835
20251124,286.39293940161326
20251125,266.69068039919046
20251126,255.61805518567076
20251127,246.9373000554565
20251128,242.8736658100125
20251201,227.56160266354664
20251202,222.46583872484325
20251203,238.90131381572093
20251204,260.7435646823623
20251205,277.1938680435302
20251208,285.77153297004656
20251209,295.5239872381332
20251210,302.36381554992835
20251211,308.4357460462669
20251212,314.0437219105461
20251215,317.8684167251949
20251216,324.9964729636914
20251217,330.5196827052942
20251218,332.05555369394676
20251219,329.0559234510902
20251222,326.6505726605684
20251223,320.8391847302237
20251224,314.551154650397
20251225,305.8216395322105
20251226,296.50931340088476
20251229,275.2149896220677
20251230,257.9736933780543
20251231,248.60551911271676
20260105,248.92247098845036
20260106,256.23488891434954
20260107,258.20390442644344
20260108,262.2786720049064
20260109,270.62366411460454
20260112,277.5374052443973
20260113,277.67413944071666
20260114,277.1420621865221
20260115,280.1667547150094
20260116,281.49186940811046
20260119,279.32996776834557
20260120,271.7761685485087
20260121,266.6824596952601
20260122,260.9146373133486
20260123,261.0843620101199
20260126,259.42346969987045
20260127,259.33747911409347
20260128,253.46218479477025
20260129,253.77969373836328
20260130,253.9490007419735
20260202,246.7379603411555
20260203,240.65112246972086
20260204,239.45294000680664
20260205,245.48606755992782
20260206,242.6103190754034
20260209,246.28132177560101
20260210,241.97740980450087
20260211,236.49592375278954
20260212,236.8167916564629
20260213,238.40262006536372
20260224,240.41800638500246
20260225,237.7632550690422
20260226,239.2145134319236
20260227,249.11134183796568
20260302,259.23976574167676
20260303,267.49462916532997
20260304,274.8743754554669
20260305,281.6226967865058
20260306,282.25071704649554
20260309,276.1263625047606
20260310,273.9783726581542
20260311,268.56718501451877
20260312,264.34915148252657
20260313,261.5634170178667
20260316,258.75566640600596
20260317,255.1583769479546
20260318,253.68782147052946
20260319,253.50125521199624
20260320,251.06949158475504
20260323,248.0187242125418
20260324,245.05501132232206
20260325,242.77793279085623
20260326,237.6702233993123
20260327,236.24664275835124
20260330,235.81303490118788
20260331,235.45576372661685
20260401,233.1060424597075
20260402,231.29157118003445
20260403,230.18963325896962
20260407,229.7436467923945
20260408,226.2692288455621
20260409,225.22548014247627
20260410,223.12969204432582
20260413,230.55446209124912
20260414,238.70738329450526
20260415,245.13888977559748
20260416,242.24417626594482
20260417,242.23227861336096
20260420,248.9163095319667
20260421,250.44595418210113
20260422,250.47123357141837
20260423,257.6196602945564
20260424,264.21275838862243
20260427,269.3942172714894
20260428,275.06060721477894
20260429,276.3742717764119
20260430,275.31248995063225
20260506,264.79059453095016
20260507,251.30410953190486
20260508,210.8144674180263
20260511,207.23006829763736
20260512,191.45376805287978
20260513,178.22854956358591
20260514,177.65324635759544
20260515,170.85344115837185
20260518,165.39824347194167
20260519,157.52199756429374
20260520,142.56688175401723
20260521,139.3393869344943
20260522,164.17513698833892
20260525,190.35196723944182
20260526,207.75117299617435
20260527,225.62062224151128
20260528,234.12945629358353
20260529,241.4623244854
20260601,239.6742278670928
20260602,233.52276254957383
20260603,230.65708661660088
20260604,241.46565449291936
20260605,248.7296370753095
20260608,254.40905006730844
20260609,247.3688050051571
20260610,238.23227219439264
20260611,230.3166007138164
20260612,232.12319637389018
20260615,239.5693083617522
20260616,241.03608340868286
20260617,246.11586862312785
20260618,246.63340977574052
20260622,255.97975299382722
20260623,256.21576642635716
20260624,258.57787781194645
20260625,256.74607198946296
20260626,261.38815538634884
20260629,262.51970111761
20260630,263.23966337308605
20260701,263.77764908574886
