trade_date,PnL
20180102,0.0
20180103,0.0
20180104,1.2945961615452706
20180105,0.12738248501062588
20180108,-1.41436891933173
20180109,1.6176609757178804
20180110,-0.7854616454581435
20180111,1.3672605921282728
20180112,-1.0502150968077497
20180115,0.11891373665112254
20180116,-3.530251583383311
20180117,-0.8004705172726974
20180118,-0.31395056977526925
20180119,1.8538643177584317
20180122,0.6593808642608844
20180123,0.8906774109583253
20180124,-1.0487295593036903
20180125,1.940498030693135
20180126,-0.12949225153748564
20180129,3.5872556676066707
20180130,-0.8787190036539718
20180131,-0.5256795547182151
20180201,0.025620111794430342
20180202,0.23041069247311746
20180205,0.18764445371280297
20180206,-0.07630494408754034
20180207,-0.0435061622493154
20180208,-0.7760021214546974
20180209,-0.722829427854217
20180212,-0.680714383538844
20180213,0.40698075972326125
20180214,1.8284901578020836
20180222,-0.8913212462889495
20180223,-0.515784024094386
20180226,0.3741010784361456
20180227,0.28996530746018073
20180228,0.17847152588389906
20180301,0.1545006472818399
20180302,-0.19742990229622578
20180305,0.56858014970018
20180306,-0.21489940892991882
20180307,0.3936960551413436
20180308,0.6107904738107652
20180309,1.2313598629089775
20180312,-0.19921035882415808
20180313,1.1715963445552482
20180314,-0.8329242521170732
20180315,0.07842976092844273
20180316,-0.20771854027546524
20180319,0.6957375266293838
20180320,0.3822982603075539
20180321,1.0491203224746264
20180322,-2.5070700858348935
20180323,3.497247867542539
20180326,0.7885023809794197
20180327,-1.3618541810122589
20180328,1.0191236432715025
20180329,-1.5813867645608854
20180330,-1.2369212818050352
20180402,-1.3897413086688208
20180403,0.24387526142611318
20180404,0.5771321950907272
20180409,-0.29448329800380457
20180410,-0.8043127574341032
20180411,-0.18641795696160382
20180412,1.6907328793210716
20180413,-0.2777883847571347
20180416,-0.412950964121418
20180417,0.1271012719286312
20180418,-0.45648870893305216
20180419,-0.46208632621569
20180420,-0.38479448048905845
20180423,-0.07548748320391808
20180424,-1.1620083830798391
20180425,0.4598057537314497
20180426,0.571525223299752
20180427,-0.031789124232042026
20180502,-0.6684753069703921
20180503,0.39796135657000475
20180504,0.4314296677743749
20180507,-0.75937242999907
20180508,-0.028086871451125497
20180509,-0.831711196065972
20180510,0.1822363456574642
20180511,0.6363218321661885
20180514,1.0093481902668342
20180515,-0.24175564153619972
20180516,-0.04658121137679014
20180517,0.12682479298077026
20180518,1.0780532915319345
20180521,-0.4711944027654896
20180522,1.1679956657177788
20180523,-0.45028149315810007
20180524,0.5548006581929608
20180525,0.6970340767177519
20180528,-1.741547546622848
20180529,-0.2543105850722221
20180530,-0.46667760598357516
20180531,0.6213685507510065
20180601,0.26287385314110123
20180604,0.25647846935665025
20180605,1.7092858942700409
20180606,1.3083184680111335
20180607,0.11464290882939697
20180608,-1.4536293826126399
20180611,0.8719853601497674
20180612,-0.13522542210192887
20180613,-1.639506588582727
20180614,-0.2571634609833687
20180615,-0.5563299817673484
20180619,-3.363649152402474
20180620,0.28659988102072004
20180621,-0.2578103551310373
20180622,0.23691078885022404
20180625,-0.46902011797878457
20180626,0.18389839059699645
20180627,0.0865230403988646
20180628,0.8524683145567489
20180629,0.0007684189314450436
20180702,-0.2409089299019838
20180703,-0.2135621381119992
20180704,0.8925799654892664
20180705,0.7874426391136335
20180706,-0.39949860267779824
20180709,-0.8257684337740352
20180710,0.1887515680433888
20180711,2.528068779357021
20180712,-2.0446247237528774
20180713,0.6750488336399717
20180716,0.6527112146974807
20180717,0.40877302918842773
20180718,-0.24930268650204412
20180719,-0.6922394584437102
20180720,-0.27979860925657485
20180723,-0.9570781171051284
20180724,-0.1412603166437358
20180725,-1.253764546598367
20180726,-0.023205923276656902
20180727,-0.16509419939159733
20180730,1.2938333046495205
20180731,-0.7806692403589363
20180801,-0.05854634725013166
20180802,0.3275376786171577
20180803,0.3074807810489353
20180806,0.3442097977931737
20180807,-0.10318462943932419
20180808,-0.41743781390212276
20180809,1.0272182420807214
20180810,-1.0955802861037276
20180813,0.5380841895793537
20180814,-1.1921338614915407
20180815,-1.8409062850506315
20180816,-1.1441399967102464
20180817,0.17180439999481062
20180820,0.48500318093305933
20180821,0.7594164753478531
20180822,-0.24593642561569168
20180823,-0.6037274475386791
20180824,-0.845452672006847
20180827,-0.4913176125911926
20180828,0.35503150650423937
20180829,0.19173906120696535
20180830,-0.1473723461157368
20180831,-0.09932862679105807
20180903,1.0571620386362788
20180904,0.9406112786743924
20180905,-0.5459210685683076
20180906,0.13714972123441643
20180907,0.5500293380004893
20180910,-0.2057604408870961
20180911,-0.8047325100871975
20180912,0.3829289587635911
20180913,-1.0537263769484255
20180914,0.5588713471181032
20180917,-0.13713623221814217
20180918,-0.06832520741503802
20180919,-0.4215694846397028
20180920,-0.09101396535041735
20180921,-1.5675749186379349
20180925,0.18859914335011824
20180926,-0.27786463966726554
20180927,0.2364147625116123
20180928,0.5806325649416506
20181008,-0.20513579729827688
20181009,0.32150919163806024
20181010,0.8059099150287072
20181011,-0.11329836817138271
20181012,0.31175393620835645
20181015,-0.40354987844017465
20181016,-0.624112930641317
20181017,0.3788362277943278
20181018,-0.12484917955100056
20181019,0.24846492185939048
20181022,0.3545308375732123
20181023,-0.6946327264105344
20181024,0.7518848304691829
20181025,-0.5172408247806536
20181026,0.07082366587474828
20181029,-0.17598917968387134
20181030,-0.15199096756209474
20181031,0.03852168676196807
20181101,0.669168414596059
20181102,-0.5436908116265957
20181105,0.09592162877892095
20181106,-0.5450829490667654
20181107,0.1949421360705212
20181108,-0.18245818991072593
20181109,-0.024234578478078257
20181112,0.15151003787068018
20181113,-0.3388491084909591
20181114,1.0193594753161224
20181115,-1.1382288698417955
20181116,-0.07202316303300721
20181119,-0.07324919532849293
20181120,0.6755053119717741
20181121,0.2645784698902943
20181122,-0.0864652394505849
20181123,0.614319545480536
20181126,-1.0666211541661599
20181127,0.5423864150266137
20181128,0.25577640895406073
20181129,-0.07739727779078569
20181130,-0.22787618714521232
20181203,-1.2050965028697922
20181204,-0.37402486807280666
20181205,0.6229245599456186
20181206,0.5279518982146528
20181207,-0.08878545694093919
20181210,0.2342632550302002
20181211,-0.1358510557595858
20181212,0.6318867763897874
20181213,-0.6304384191526502
20181214,0.03164249932263194
20181217,-0.6437847281674172
20181218,-0.3516960553614463
20181219,1.2059442427319509
20181220,-0.24667146511359705
20181221,-0.47246802742940114
20181224,-0.37088605850426787
20181225,0.0675955102331771
20181226,0.25578968592719753
20181227,0.19266179538195877
20181228,0.2908281131050416
20190102,1.4427213658750149
20190103,-0.014547075632898653
20190104,-0.6653974194260117
20190107,-0.750113737980912
20190108,0.6661427028330416
20190109,-1.8344158903144412
20190110,0.9523981197196274
20190111,-0.1870652238792105
20190114,0.7661588893209275
20190115,-1.127890203851787
20190116,-1.012469629675507
20190117,-0.09609179326721844
20190118,-1.1205469255869727
20190121,0.0027469365706258367
20190122,0.8063511646451854
20190123,-0.735033276407098
20190124,0.09467283095246112
20190125,0.3966511235717404
20190128,-0.25734429429631706
20190129,0.20870338002355712
20190130,1.0743122979825674
20190131,0.36286143278576544
20190201,0.9592945167880618
20190211,-0.5757063684731097
20190212,-0.5042144527991411
20190213,-1.1955102227441605
20190214,0.6750943657998995
20190215,-1.1684583101441113
20190218,2.0806317650223947
20190219,1.023124589499101
20190220,0.9674333451270747
20190221,-0.10518252962378276
20190222,0.12081194937535294
20190225,1.5937300653215953
20190226,-0.8905776546015125
20190227,-0.7164591714582432
20190228,0.09061090536196383
20190301,0.9578647514079109
20190304,-0.6205195522282705
20190305,-0.6076153591183898
20190306,-0.40300233945733016
20190307,-0.7352884295470536
20190308,-1.343857533867909
20190311,0.5727007998629848
20190312,0.38090693626789723
20190313,0.15982111169138716
20190314,0.00059711036934485
20190315,-0.4665376562151809
20190318,-0.7465256007701078
20190319,0.8166440170251962
20190320,0.26464158179895714
20190321,0.05754337516390995
20190322,0.27800920357598435
20190325,0.11957997031030596
20190326,0.5620951908531164
20190327,-0.1470004424658855
20190328,0.7871388352312607
20190329,-0.6425094258920039
20190401,-0.49439167463585365
20190402,-0.2593739406393603
20190403,-0.4805810367217169
20190404,0.43761882856612433
20190408,0.003192117670564085
20190409,-0.6993873358912913
20190410,0.6380729837782156
20190411,0.5074973458675219
20190412,0.07665249487845704
20190415,0.16506403044136012
20190416,-0.7255273532111959
20190417,-0.09630319006684947
20190418,-0.29706553188429047
20190419,0.021925505400746264
20190422,0.06536547343635571
20190423,0.05547027584747414
20190424,-0.011498300124958668
20190425,0.2966529949037036
20190426,-0.49012657219915734
20190429,-0.7029766560551599
20190430,-0.3613452668794676
20190506,0.6250562019998085
20190507,0.08485515336661129
20190508,0.8934119373754184
20190509,1.2654580134096653
20190510,0.21382772586283966
20190513,1.0469639524668923
20190514,0.6265747269519831
20190515,-1.0632381939507634
20190516,-1.0844548750707605
20190517,1.1285957880623732
20190520,0.4226506790474274
20190521,-0.4955089938372886
20190522,0.886961210185543
20190523,0.9777293937716885
20190524,-1.63113241583997
20190527,0.1714860123757295
20190528,-0.6018857837923233
20190529,0.5917364769201913
20190530,0.3940143441791731
20190531,1.1295560345004805
20190603,-0.0031244605017708266
20190604,-0.1293139135192203
20190605,-0.44398286391447495
20190606,-0.511686835341751
20190610,-0.8699068579837602
20190611,-1.284069896423907
20190612,1.173650701564595
20190613,-0.07895140358828222
20190614,0.4192597608959824
20190617,0.8693069575042528
20190618,0.19081946938914912
20190619,-1.053766529079194
20190620,-0.39283274957054554
20190621,0.6758843600323743
20190624,0.24399222081698355
20190625,-1.0978349359974406
20190626,-0.007873884861532697
20190627,0.04548479183507048
20190628,0.5143401405876669
20190701,0.6175443888102901
20190702,1.4691094060330765
20190703,0.4247299166920742
20190704,-0.36970554909142717
20190705,-0.02724092289883438
20190708,0.2754224411687966
20190709,0.21953407411820647
20190710,-0.40892967683819204
20190711,1.154343247863984
20190712,0.0524970768941621
20190715,0.02092804518799292
20190716,0.004902228387149306
20190717,0.34737225177787545
20190718,0.6702069723241645
20190719,-0.8261268277955974
20190722,0.2563628511283145
20190723,-0.172793080204968
20190724,0.12066124773958482
20190725,-0.21138684435973468
20190726,0.19287713354053615
20190729,-0.7155561175252496
20190730,0.710642073208048
20190731,-0.5997164604675698
20190801,-0.3317987930592011
20190802,-0.1201340523059552
20190805,0.7789169846113227
20190806,0.2058993253292776
20190807,-1.1921559734815743
20190808,1.9020218368872304
20190809,0.24375207066360827
20190812,0.821697368767873
20190813,0.03367206824834867
20190814,-0.083573027735836
20190815,0.14937130571268473
20190816,0.41546335792943206
20190819,1.537559145876599
20190820,-0.3917230191634377
20190821,0.5514884303274223
20190822,-0.24773963376668798
20190823,0.335506075075893
20190826,0.5801810412418428
20190827,-0.11276709849044952
20190828,-0.07913669923958362
20190829,-0.10805209405876547
20190830,0.15757055918356427
20190902,-0.4204524965597115
20190903,0.7072975210273031
20190904,-1.1269250113445104
20190905,-0.9563987618557851
20190906,0.5737154936232283
20190909,0.3315352454799547
20190910,0.02567537269273381
20190911,0.2251982914342675
20190912,0.23391291538896147
20190916,-1.1649279892405053
20190917,-2.00215380493768
20190918,0.18682001894385966
20190919,-0.9259686928584583
20190920,0.560353854206801
20190923,-0.3571788040390396
20190924,-0.18829924047422897
20190925,-0.7842948636561431
20190926,0.009456861486739734
20190927,-0.09437054771462064
20190930,0.3491878917558035
20191008,-0.9232012029570703
20191009,0.3174830172348031
20191010,-0.1085896885735277
20191011,0.4069093013766202
20191014,0.17600871182462027
20191015,0.19361994157062745
20191016,-0.38582319139377175
20191017,0.3287143072637073
20191018,-0.39980327685330724
20191021,0.578357058443947
20191022,-0.20839438345641279
20191023,-0.19714924553908283
20191024,-1.2069625442446537
20191025,0.02750045044208151
20191028,0.41137124625552923
20191029,0.10812554124996895
20191030,-0.5977690980872438
20191031,0.009963384599280145
20191101,-0.6706192737159006
20191104,-0.150368864211499
20191105,0.4127950702035302
20191106,0.2104746239029935
20191107,-0.19134438588365035
20191108,0.15478987427152988
20191111,0.1775984580404101
20191112,-0.0053686139045366075
20191113,0.3621418771633637
20191114,0.05576305269881297
20191115,-0.17019456976602654
20191118,0.11346664996820008
20191119,0.9835157634114923
20191120,0.2539404286499917
20191121,-0.038345091978718514
20191122,0.10216478068589108
20191125,-0.5678811389360243
20191126,0.8631125505766711
20191127,-0.18591944293396886
20191128,-0.21344853981634987
20191129,0.4819403902876227
20191202,1.0545055947134923
20191203,1.016547193758948
20191204,1.1581454086466128
20191205,-0.4414816488731895
20191206,-0.8280630511106103
20191209,0.8745877354145587
20191210,0.24368428887196625
20191211,-0.29472759342616767
20191212,-1.5470746672990925
20191213,-0.3309763780896539
20191216,1.068824241271153
20191217,0.3650914311069764
20191218,0.9867559115061332
20191219,-0.2364852664791201
20191220,-0.2845868535051561
20191223,0.33428077915822657
20191224,-0.4483218324399937
20191225,-0.5058868264438215
20191226,-0.7867814241101811
20191227,0.09816131599949525
20191230,-0.24659269887019877
20191231,-0.8931172374027984
20200102,-0.11369971316770623
20200103,-1.252425575228121
20200106,0.5602249387056238
20200107,0.24645194138958174
20200108,0.25807164690937134
20200109,-0.4757789680470683
20200110,0.537188540111949
20200113,-0.9434530540630022
20200114,-0.08827766006412761
20200115,-0.5272824859998344
20200116,0.23415024381312088
20200117,0.2073965521813967
20200120,0.06932610533392487
20200121,0.41416643711507073
20200122,0.0648771446221667
20200123,0.22556355017255597
20200203,-0.061773718198519324
20200204,-0.3599566352448627
20200205,-0.41397194736499826
20200206,-0.21736515028856568
20200207,0.29882193210322544
20200210,0.33664001947726313
20200211,-0.5002855168184835
20200212,0.15605069816078607
20200213,-0.22515605933759889
20200214,-0.2211394545024656
20200217,-0.4309991841250515
20200218,0.1486373535154223
20200219,0.03464071367767066
20200220,-0.006885886355145185
20200221,0.7008601150066532
20200224,0.6237312582026552
20200225,0.05599823232368624
20200226,0.8619092021455244
20200227,0.21571137529023207
20200228,2.730741082661874
20200302,-1.9329845803303414
20200303,-0.3377027410793995
20200304,0.6816255509383082
20200305,-0.19346940880502222
20200306,0.5173868566707569
20200309,2.742216290053066
20200310,-2.105692411652161
20200311,0.4891400780429783
20200312,1.0061896443994736
20200313,-0.32274380270758907
20200316,1.288501212994439
20200317,0.15216110413610928
20200318,5.432340859408679
20200319,4.278312667495334
20200320,-3.159882152288714
20200323,4.49257776351907
20200324,-1.8514001038133645
20200325,-1.537421937909169
20200326,0.5771588020767683
20200327,-1.8625595283676784
20200330,1.087929222139921
20200331,-0.4370887710544573
20200401,0.3965136780988596
20200402,-0.6009287289977452
20200403,-0.3438127544335545
20200407,-0.8314450051611134
20200408,-0.11291661776500321
20200409,0.06407134284919838
20200410,-1.3776024393921564
20200413,0.16361889270304295
20200414,-0.15132584260414364
20200415,-0.26833411887582076
20200416,-0.05087158455287261
20200417,-0.15027365960367964
20200420,0.025644276136639877
20200421,-0.5917706828031072
20200422,-0.21911194270523923
20200423,1.1162694717331778
20200424,-0.06008822900401022
20200427,1.5810871742114905
20200428,-0.604147087341204
20200429,0.40376386947083953
20200430,-0.0008832230394880807
20200506,0.9118269673226572
20200507,0.5027776110551985
20200508,0.7666567550961921
20200511,0.16794604671440094
20200512,-0.09920259562618845
20200513,-0.757835112625535
20200514,-0.43344101693068793
20200515,0.1665847380847645
20200518,0.9828543318100998
20200519,1.38619866264453
20200520,1.1185713375086905
20200521,0.3071148022293704
20200522,-2.4416737418540215
20200525,1.4349633469692977
20200526,0.4077038555841734
20200527,-0.5202373129896329
20200528,1.0112699144502504
20200529,0.40728512999985306
20200601,1.6354716555954811
20200602,-0.7060725500376007
20200603,0.9913799736452223
20200604,-1.1146100985881673
20200605,1.01734543307714
20200608,1.71298574140968
20200609,1.1594987350231514
20200610,0.8804291154910472
20200611,-1.2495346687402369
20200612,0.017926101211188216
20200615,-0.9644750715928843
20200616,2.5304468294779623
20200617,-0.37825790397981296
20200618,0.3293651169942385
20200619,1.0473646125218852
20200622,-0.30862234854342496
20200623,0.09075900416449309
20200624,-0.13889325392233934
20200629,1.217847924195094
20200630,1.1921792664570539
20200701,0.6881413107072509
20200702,0.008517303793129507
20200703,-0.30043859863060124
20200706,0.8283137996010299
20200707,-0.35361220874856747
20200708,1.6920941303255794
20200709,2.3372749781816764
20200710,-0.48582735033667174
20200713,5.674597376307343
20200714,-1.482107287964784
20200715,-0.40445010553132327
20200716,-4.193938491392873
20200717,1.502473956617426
20200720,-0.7483417480823792
20200721,1.487435903082676
20200722,1.0036053313929287
20200723,-0.7762079735554009
20200724,0.1354075563146785
20200727,2.237933713846886
20200728,0.4054689439890297
20200729,1.7547435466036776
20200730,0.9622414952133284
20200731,0.13292529989278426
20200803,-0.7524409883420068
20200804,0.4574411528713302
20200805,0.4984075504832979
20200806,1.5500404733600872
20200807,0.1523304448473361
20200810,-1.5622873121997278
20200811,-0.7847801690208998
20200812,0.12003275602649705
20200813,-0.09216602587551295
20200814,0.6976990001367245
20200817,0.9002514473126788
20200818,0.14483663840334324
20200819,0.24110223758066068
20200820,-0.16302315917684665
20200821,-0.023873061311638372
20200824,0.44726943643200956
20200825,-0.2335932432747492
20200826,0.43173666224330337
20200827,-0.7975478299171682
20200828,0.5406732587369735
20200831,-0.3888259844851196
20200901,1.2297385925758295
20200902,-0.7612187317386168
20200903,-1.305438030019788
20200904,-0.4341393151834917
20200907,0.46672418730021914
20200908,0.22750571670530498
20200909,-1.9147598252247138
20200910,-0.14823402873578517
20200911,0.11397513369023521
20200914,1.4863515103813432
20200915,-0.17717876531961804
20200916,-0.1497951527449576
20200917,-0.5959030310448729
20200918,0.03949359837583765
20200921,0.2403372729643453
20200922,-0.038492006144459114
20200923,0.12451293161036701
20200924,-0.2822480355681474
20200925,0.5493461294496121
20200928,-0.5413709726908081
20200929,-0.835476691291627
20200930,0.3953915404465253
20201009,-0.7072284876959426
20201012,-0.5396383112457351
20201013,0.13828330010017803
20201014,0.565053250886889
20201015,-0.20195511393214524
20201016,0.01155462386741875
20201019,0.027405656163054105
20201020,-0.19205373143237064
20201021,-1.163936915488205
20201022,-0.17022751879702036
20201023,0.07645442927369421
20201026,0.13617732680570166
20201027,-0.27149010469326845
20201028,0.32844775231204715
20201029,-0.620510492258942
20201030,-0.9548647447373239
20201102,1.2951400397354014
20201103,0.544193680986295
20201104,-0.027832278003357604
20201105,-0.20133412306966458
20201106,0.32496481573312413
20201109,0.22657181411704827
20201110,-0.03488667831351024
20201111,0.37627325027344893
20201112,0.1716985934642125
20201113,0.0239841812895189
20201116,-0.9076683908102973
20201117,0.50300397586455
20201118,1.150370137174901
20201119,0.06586550300175405
20201120,1.764400585429195
20201123,-0.7561496037496608
20201124,0.2879459279202347
20201125,-0.14910821575509695
20201126,0.806638100879264
20201127,0.9716542767242999
20201130,2.4784947759638984
20201201,-1.344421479277113
20201202,0.019409859898496955
20201203,-2.046195105189269
20201204,1.0455271950246627
20201207,-0.5437605046841619
20201208,0.7688464693808794
20201209,0.3172091018052707
20201210,0.897545889049391
20201211,0.3409243551756915
20201214,0.6014553030535221
20201215,-0.4052322608553499
20201216,0.6104093830256735
20201217,1.3186315262449853
20201218,0.8541228800562827
20201221,-0.5495638016935239
20201222,-3.2558455300980604
20201223,-0.7072478252510317
20201224,0.7797981637316199
20201225,1.1159658424387733
20201228,-0.32614142994144885
20201229,-0.9335657710110536
20201230,-0.5107732586557219
20201231,-0.9488334870946756
20210104,1.248574645567241
20210105,1.3076523532485198
20210106,0.43234774062373565
20210107,0.31395622212207075
20210108,0.6423781981990623
20210111,-1.1376572150581425
20210112,0.015370621450277977
20210113,0.2954842740128901
20210114,0.24737606299813292
20210115,-0.0016633527784354798
20210118,0.7413078096949054
20210119,0.16648999285680507
20210120,0.2456713894768877
20210121,0.4486868104971064
20210122,0.30202860424638106
20210125,1.3361327391694715
20210126,0.12424398507160489
20210127,0.32449642791105765
20210128,-0.36623735971387517
20210129,-0.6245124491487415
20210201,-0.845710422185717
20210202,0.0700925590090134
20210203,-0.9042503852082517
20210204,-0.6884112970318145
20210205,-0.04144402622043511
20210208,-0.04157133173687703
20210209,-0.6013693800632548
20210210,-0.4025337221437306
20210218,-0.17706579277813278
20210219,0.3548376946329213
20210222,1.096441281521273
20210223,-0.22690377125053213
20210224,-0.7448650201453393
20210225,1.7634272361500474
20210226,-1.5029034725574622
20210301,-1.2783737516045566
20210302,-0.5288286598416091
20210303,1.059275387468865
20210304,-2.755806518556039
20210305,-0.9326720624239307
20210308,-0.5633041891103505
20210309,-0.34687904893532767
20210310,-0.034097210585653695
20210311,1.7857463782306788
20210312,-0.20871837206475363
20210315,0.18175518757325018
20210316,-0.43700003405502635
20210317,0.2798836919521787
20210318,-0.275370463055188
20210319,-0.31465116877390936
20210322,-0.3058854800346855
20210323,-0.7068101607534223
20210324,0.4227434641547859
20210325,0.6188494565476502
20210326,-0.3316166632724365
20210329,-0.1871233951280612
20210330,-0.3384710572854994
20210331,0.04772006570124369
20210401,0.2648082932406654
20210402,-0.5062106007944353
20210406,0.3025255798777339
20210407,0.08370369586788043
20210408,0.11981926232466761
20210409,-0.17706050644790874
20210412,-0.7381403867907979
20210413,-0.3778850344206982
20210414,-0.1514000789372648
20210415,-0.10622287508458331
20210416,0.3887909494804435
20210419,-0.11846569752507446
20210420,-0.2633998002798749
20210421,-0.184698551943056
20210422,-0.07416165304220805
20210423,0.38180005422582997
20210426,0.3360512587819758
20210427,0.13445019525934454
20210428,-0.5744380944913844
20210429,1.3727397721855668
20210430,-0.11593532861134094
20210506,1.7873045177534472
20210507,1.8470731030483358
20210510,1.4011618145586733
20210511,-1.4682513456568647
20210512,0.5676027136596861
20210513,-2.634104668032219
20210514,-1.142215598938729
20210517,1.911890767730382
20210518,2.2915521075817193
20210519,-1.4313963244814818
20210520,-1.2629267136758258
20210521,-1.429409284534355
20210524,-2.0053440048559903
20210525,0.7861702638188361
20210526,0.22220988574536843
20210527,0.7120050324380545
20210528,2.088737431277937
20210531,0.08452114019750057
20210601,-0.27741809651396465
20210602,0.2331927792838559
20210603,-0.3078899684247904
20210604,0.054484671271322775
20210607,-0.19705716073294707
20210608,0.1919971950715932
20210609,0.01631044560323413
20210610,-0.31728167254350625
20210611,0.18760758388787122
20210615,-0.1800433237944073
20210616,0.45927839564030626
20210617,-0.184410444104217
20210618,0.18882162872505578
20210621,-0.5623305055801
20210622,0.19928521630443236
20210623,0.44430964235910536
20210624,0.1884260954643933
20210625,0.1963014888387208
20210628,0.2778680338247813
20210629,-0.18525322022955285
20210630,0.33178232161456617
20210701,-0.97918763542399
20210702,0.34811624381885536
20210705,0.4993309982484965
20210706,0.03344556385341696
20210707,-0.41115953496027974
20210708,0.20519330349534332
20210709,0.4371388830540391
20210712,0.1921175270967888
20210713,0.5576031197873323
20210714,0.2727312105239691
20210715,0.19863184638033576
20210716,1.0374788713446383
20210719,0.17885802538676404
20210720,-1.5034863323133887
20210721,-0.9829119050872073
20210722,1.241551927423999
20210723,2.6168819119215785
20210726,0.6675351389050199
20210727,0.3462671934982708
20210728,-0.48783654751757033
20210729,0.9498349080866306
20210730,0.6826977520716799
20210802,0.10623028933013189
20210803,-2.9312575329650348
20210804,0.1508884154401581
20210805,-0.8207026616530115
20210806,2.1114822129282356
20210809,-1.8033112944231895
20210810,0.8220143933580565
20210811,0.6326233764583604
20210812,1.8130054744499031
20210813,-1.0140978450893694
20210816,-0.1923036271440192
20210817,1.5902251318447982
20210818,-1.4731181705756615
20210819,-1.340226895262536
20210820,-0.08081566494096713
20210823,-0.1078914912048945
20210824,0.3477942095218283
20210825,0.8678460843862545
20210826,0.11004472641776883
20210827,0.6061322291257029
20210830,1.160152927763642
20210831,-0.07970526106590448
20210901,-0.19062580278138777
20210902,0.7745242773643296
20210903,-0.8236105449821084
20210906,0.40365003125797355
20210907,0.4441220421644847
20210908,0.49723746264250007
20210909,1.0352381230944043
20210910,0.47293675157576465
20210913,0.7637304099186797
20210914,-1.6192750959817712
20210915,0.8812572650741656
20210916,-0.0848974376337393
20210917,0.15659160078816906
20210922,2.6932561128770858
20210923,0.17349348558587002
20210924,0.8073100330716112
20210927,-1.8544289384317503
20210928,-0.47894990810323096
20210929,0.5620964034741429
20210930,-0.8461798415054435
20211008,0.8978953894426903
20211011,0.18952185912881594
20211012,0.5504599030840355
20211013,0.4491642837690727
20211014,0.5367691369720395
20211015,0.16396349001084876
20211018,1.911650652727013
20211019,-0.69701680359195
20211020,-2.8373392718171555
20211021,-0.1008352149063499
20211022,-1.4802556580948962
20211025,-0.056788198772903
20211026,-0.2806358803365697
20211027,-1.2468533837928852
20211028,-1.0995679301568346
20211029,-0.11659291003027869
20211101,0.45718430432400725
20211102,-0.26987396727733143
20211103,0.8542839908916543
20211104,-0.554871483730729
20211105,0.14908743767864016
20211108,-0.4050808914400397
20211109,0.1883987786913729
20211110,0.008377422024558639
20211111,-0.80587827253569
20211112,0.16204151165541802
20211115,0.28075113106944066
20211116,0.5921724792503579
20211117,0.18772905317752547
20211118,0.9874299529849417
20211119,-1.8731940689600588
20211122,-0.017600319636348092
20211123,-1.2772114341536198
20211124,-0.7420604274085594
20211125,-0.28576034995072297
20211126,0.48695407597698703
20211129,0.18339206845765324
20211130,0.16404041634216882
20211201,0.022207116028412032
20211202,0.07646913808043929
20211203,0.007648304387475845
20211206,0.22208500877632587
20211207,0.21556032667190853
20211208,-0.5644392863948292
20211209,-0.8994679007427956
20211210,0.040964667038642134
20211213,-0.5906861180398467
20211214,0.06882601860619053
20211215,-0.41278262926578246
20211216,-0.012038100009648235
20211217,0.1080757442727092
20211220,-0.17991035754967086
20211221,-0.2479872501753325
20211222,0.03897405999808192
20211223,0.12429784669560734
20211224,-0.3800645174521141
20211227,-0.547292842803011
20211228,0.05263723990355831
20211229,0.13622943184567107
20211230,0.32281761228392564
20211231,-0.04520529837017354
20220104,-0.5097126058808727
20220105,0.5630980663596215
20220106,-0.20428216114092432
20220107,1.0490084361101444
20220110,0.2680057630095791
20220111,0.6909095138683259
20220112,2.390876522493641
20220113,-0.39893906868817963
20220114,0.36690800654085215
20220117,-1.6281631406431982
20220118,1.118658624848343
20220119,0.5275422898839902
20220120,3.2421691985728422
20220121,0.28223637083531417
20220124,-1.405376692336193
20220125,-2.374354381140988
20220126,1.6976273383106524
20220127,-0.33367279298340674
20220128,1.1774669224927874
20220207,0.46403764680996007
20220208,1.218595273262644
20220209,-0.32620079879738656
20220210,2.921171009175251
20220211,-1.8297919976667136
20220214,-0.005215065989220999
20220215,-0.5863740152425151
20220216,0.04155731572489209
20220217,-0.5337206768312968
20220218,1.6242597765712463
20220221,-0.7242815435059965
20220222,0.10219796259689007
20220223,-0.14489267505302042
20220224,0.4176065354181101
20220225,-1.0991482213457426
20220228,0.8627153024667192
20220301,-0.03234804589135239
20220302,0.49079189661773664
20220303,1.8555094870732403
20220304,-0.21259390186458438
20220307,4.311851569532402
20220308,2.4627332167968454
20220309,-2.6667104238570265
20220310,-1.923560360162297
20220311,-0.8904088263309596
20220314,-1.2797596639151685
20220315,-0.7668876494689693
20220316,1.5306618296773116
20220317,-0.6577305012221145
20220318,0.6816503715749587
20220321,-0.4618331157006657
20220322,0.0947684879664422
20220323,0.25382376119252004
20220324,1.0564879298064909
20220325,0.42072607376346094
20220328,-0.9358678258718616
20220329,0.10507014301248364
20220330,0.23330968642319985
20220331,-0.6326313542660084
20220401,0.08845885080530777
20220406,0.29745214938178743
20220407,-0.23403245921871574
20220408,0.049964560237530216
20220411,-0.5898277196133442
20220412,0.49685621021529136
20220413,0.8143550227597057
20220414,-0.6012517608226646
20220415,0.8988398901669353
20220418,0.22384705134642421
20220419,0.19112396363068385
20220420,-0.5360986772325588
20220421,0.39465816499528855
20220422,0.4019051081094785
20220425,-0.6137721358114911
20220426,-0.47924577483604464
20220427,-0.09546301902935236
20220428,0.5043290948989696
20220429,-0.1394514791469407
20220505,-0.7292217785848422
20220506,-0.4597540023453575
20220509,0.028368500773385277
20220510,-0.1859809015306069
20220511,0.26959248839243644
20220512,0.8713722886203862
20220513,-0.6936623904439184
20220516,-0.29108215415062466
20220517,0.3572752244937017
20220518,0.9350229268749566
20220519,-1.3040771292884732
20220520,-0.8986502968445631
20220523,0.17124460407056538
20220524,0.8011737489705241
20220525,0.17858552948816733
20220526,1.714080856150666
20220527,-2.1885935300676675
20220530,-1.5943657559195652
20220531,-0.3341193307092267
20220601,0.5982009550285393
20220602,-0.15804963563446353
20220606,0.4184746991226263
20220607,-0.2322317017366923
20220608,-0.4166586060758627
20220609,0.04466870874751065
20220610,-0.3813761700164602
20220613,-1.1072399300357227
20220614,0.49738979570386865
20220615,-1.1377676567765098
20220616,-0.2599362123289132
20220617,-0.2881708078089794
20220620,-0.748308510538575
20220621,-0.008271460873314334
20220622,0.4579606747382983
20220623,0.02000869912820687
20220624,2.0267875222561664
20220627,-0.9723135032920054
20220628,-1.1593788242744796
20220629,1.6527950337397304
20220630,-0.1515506482669754
20220701,2.132655414941736
20220704,-0.01929522082778613
20220705,0.4679253171815545
20220706,1.2428510975965539
20220707,-0.19619786945523363
20220708,-0.13189207493638436
20220711,-0.5705555401302436
20220712,1.3942533343373358
20220713,1.0178478797209811
20220714,1.4468705061880414
20220715,2.2693357194430024
20220718,-3.961178804499455
20220719,0.35196412487196876
20220720,-1.2736680748667346
20220721,-0.11195251768125371
20220722,-0.2849368698581317
20220725,-0.0071362442074094845
20220726,-1.8474918931659399
20220727,0.7310561924730128
20220728,-1.9278376103060535
20220729,-0.20934318830572957
20220801,0.19565180534988838
20220802,0.2277871313146977
20220803,-0.1389197876810479
20220804,-0.04169829836316387
20220805,0.6284279877878293
20220808,-0.17646904149494294
20220809,0.006461968518009836
20220810,0.04099955791780315
20220811,1.0812235161995019
20220812,0.35624701493229266
20220815,-2.2031308792573574
20220816,0.702399563651778
20220817,0.5566493715005102
20220818,-1.2275702689096413
20220819,0.620086516590009
20220822,0.893167425364417
20220823,0.25297588370054996
20220824,0.3727877212052118
20220825,0.02366893760337405
20220826,0.33059808079434755
20220829,-1.5067755739673525
20220830,-0.4127453011579521
20220831,0.20255478514377848
20220901,-2.5780661395222535
20220902,-1.342197254092452
20220905,1.1462814468424407
20220906,0.05266363228472603
20220907,-0.17560259345560264
20220908,-0.2830759772230854
20220909,-0.11040429418738605
20220913,-0.691535358557196
20220914,0.836442763543766
20220915,-0.18653993741762692
20220916,0.3351545817286076
20220919,-0.01605844542396933
20220920,-0.08115276891856762
20220921,-0.36611115788764376
20220922,-0.4251067320686989
20220923,0.23898962303784102
20220926,-0.27306734349731876
20220927,-0.17526043615638293
20220928,-0.462864570479902
20220929,0.15005288448760074
20220930,0.48564076661931177
20221010,-0.42112626399888387
20221011,0.3359115875903294
20221012,-0.2220933017500506
20221013,-0.21151591260834557
20221014,0.5009606772730392
20221017,-0.2789053281496778
20221018,-0.17373958497108039
20221019,0.22665946634643802
20221020,-0.029304030831924708
20221021,0.020248141931251278
20221024,-0.09930728403178402
20221025,-0.11592228595944573
20221026,-0.7292105846132447
20221027,0.21009576760189416
20221028,-0.5828691332281667
20221031,-0.8502986576134429
20221101,0.8092567170037422
20221102,0.19511180624033922
20221103,0.22076222317405847
20221104,0.3314697852313551
20221107,-0.29852818270258014
20221108,-0.1173329182438216
20221109,-0.18960395830321475
20221110,0.4711635723763558
20221111,-1.0678761497403475
20221114,-0.28693073254088824
20221115,-0.17957107390139718
20221116,-0.2267974311888922
20221117,-0.4446221871028887
20221118,-0.31156956915256
20221121,-0.772349957588973
20221122,-0.18222960906083133
20221123,0.2603253700056938
20221124,0.5799197132840698
20221125,-0.025375003631691557
20221128,-1.4511166087202036
20221129,1.7342738048156903
20221130,-0.0659303555167112
20221201,1.591948491077472
20221202,0.3623357909689895
20221205,1.380546751926276
20221206,-0.2837921662714679
20221207,-0.4304045922487093
20221208,1.0385838185141183
20221209,0.4818537192081321
20221212,-2.3160335711445783
20221213,0.824991646581536
20221214,-0.20217653266935928
20221215,-0.7566339465370958
20221216,-0.9237990357124461
20221219,-0.991587489025001
20221220,0.04905815395508175
20221221,0.7429763677353067
20221222,-0.04315943017764401
20221223,-0.3365716336784445
20221226,0.33626363224985184
20221227,0.7145929329391715
20221228,0.5524684761404963
20221229,0.33185804653886947
20221230,0.5485991222181732
20230103,0.31139224718054265
20230104,0.5559322920408334
20230105,-0.8210873190594538
20230106,-0.9035061357634006
20230109,-0.6019533662120858
20230110,-1.3104538321918546
20230111,0.37456417768263595
20230112,-0.6196197317434264
20230113,-0.03703425407677144
20230116,0.1397088764040539
20230117,-0.23784854629202287
20230118,0.014128340205415937
20230119,-0.22892144403848466
20230120,0.5413271062572274
20230130,-0.46261387050603525
20230131,-0.15979339642853255
20230201,0.15877953048659466
20230202,-0.7966703137404875
20230203,-0.1704341202318497
20230206,-1.3060684214893388
20230207,-0.08339761217726993
20230208,0.7001809028228222
20230209,-0.7984041165590041
20230210,-0.8360489313789058
20230213,-0.07333003099115344
20230214,0.11363344141175537
20230215,-0.45322325000952113
20230216,0.4703653848907124
20230217,-0.12390349344082457
20230220,-0.49884616060431136
20230221,-1.055331807587482
20230222,-0.10610464568357444
20230223,0.4888264829042018
20230224,0.3310288468758621
20230227,1.2119889149119836
20230228,-0.5094791627921409
20230301,-0.36521584747368613
20230302,0.5507463426235156
20230303,0.34662500298680954
20230306,0.09420668227025325
20230307,0.0591926148827301
20230308,-0.1772141926091204
20230309,0.6099211748142053
20230310,0.9231296507136959
20230313,-0.005063201502192741
20230314,0.21174364565702244
20230315,-0.330348111083888
20230316,1.0906905945299081
20230317,-1.4034596147779468
20230320,0.8507649279952534
20230321,-0.6411870103425875
20230322,-0.8285698323448187
20230323,0.41956778824191765
20230324,-3.2334757438016664
20230327,0.33368403011675174
20230328,-1.149589635652046
20230329,-0.46369371615982796
20230330,0.04735959691122374
20230331,0.3090231635301031
20230403,-0.38796701955812873
20230404,0.40838992106015676
20230406,0.587703443355178
20230407,0.17830355349592536
20230410,-0.18463719905211798
20230411,-0.22121177233655812
20230412,0.134145175026908
20230413,0.20485151471477986
20230414,0.5608549005552508
20230417,1.1849968444259475
20230418,0.5580276113935682
20230419,0.12788241363968766
20230420,0.6001033596917758
20230421,-1.3017615663574984
20230424,0.054527321488719485
20230425,0.09772039694420176
20230426,-0.5286510468017993
20230427,-0.5132278896267063
20230428,0.11474309076036612
20230504,0.9851999590371162
20230505,-0.9619204716809566
20230508,-0.5592792914611763
20230509,-0.4695042159330693
20230510,0.07122123534325007
20230511,0.8344482572483042
20230512,0.4606570605237148
20230515,-0.5176521230610778
20230516,0.6545203931385731
20230517,-0.816061683739084
20230518,-1.2037174196544032
20230519,0.05683951055611927
20230522,1.650212127948067
20230523,1.6551915711124514
20230524,0.814650156800891
20230525,0.34587257142985633
20230526,-1.9718872755975567
20230529,-0.6579938079770556
20230530,0.21649855250760952
20230531,0.6601618170329132
20230601,-1.4386086071315476
20230602,-0.8247673463913201
20230605,1.4534398903413974
20230606,-0.8754952173212919
20230607,-0.5409664940546692
20230608,-0.2669288279397609
20230609,-0.38255977919973116
20230612,-0.5768147372051045
20230613,-0.005558686596369713
20230614,-0.7245172878210161
20230615,-0.5596681601662268
20230616,0.1955081556070435
20230619,-0.5604707085696596
20230620,0.20725319719691374
20230621,-0.005532467673513515
20230626,-1.1244776023672758
20230627,0.12215010038240914
20230628,-0.4129657748276938
20230629,-0.539270864832065
20230630,0.6840778911603786
20230703,2.009174797419412
20230704,-0.6884572257140914
20230705,-0.7288356279198446
20230706,1.3869149958207345
20230707,-0.6416548604531301
20230710,-0.13369438476308748
20230711,0.9673534204738843
20230712,-0.764592725682438
20230713,1.6597258417738734
20230714,0.6635501734141845
20230717,-0.6026908475273441
20230718,-0.18881632477642643
20230719,0.40093756231489314
20230720,0.7737309288863627
20230721,0.5842368208144598
20230724,-0.5812818801907212
20230725,2.5511315283985083
20230726,-0.15668709076441906
20230727,0.045660584779359886
20230728,-0.14226360113589673
20230731,0.8327978244995001
20230801,1.2712907876595279
20230802,-0.8915902311414525
20230803,-1.6088779502049313
20230804,0.6245284131679756
20230807,-0.7777932510744201
20230808,-0.2501520291952746
20230809,0.25582230836162434
20230810,0.18399969516859144
20230811,-0.520193739407502
20230814,-1.4003362140835005
20230815,2.2195884430564394
20230816,-1.0861953027536342
20230817,0.6626853572479064
20230818,-0.3428767394096505
20230821,0.8355598689257487
20230822,0.6816420273899697
20230823,1.5168573892517079
20230824,-0.40942021318296185
20230825,0.27997108418784455
20230828,-0.07615158605701002
20230829,-0.5936271873975285
20230830,0.9353129320796286
20230831,0.4241255864874694
20230901,4.457925671206384
20230904,-1.5570250826008585
20230905,-0.09611637118752556
20230906,0.949260414505511
20230907,0.22596159675061137
20230908,-1.6400679160703946
20230911,1.3019174158907583
20230912,-0.30553270873835225
20230913,-1.029389976680244
20230914,1.9975711893961905
20230915,-0.014882797203610437
20230918,-0.031639473627487334
20230919,-0.6916511834119253
20230920,0.1986858321703278
20230921,-0.38807569105299905
20230922,1.315035730273404
20230925,-0.5221383445451686
20230926,-0.053960787006254195
20230927,-0.10067452037489652
20230928,-0.27440422667606945
20231009,-0.2469771584946835
20231010,-1.5879331899229872
20231011,0.1515199179325445
20231012,-0.1644358536115207
20231013,0.01978733451899386
20231016,-0.555277258032706
20231017,0.01623652711643288
20231018,-0.33751945439284586
20231019,0.2024825487301602
20231020,0.7423627056929492
20231023,-0.1080282484457681
20231024,-0.46869538242502257
20231025,-0.6716618613115188
20231026,0.8245970167866977
20231027,-0.108679178206981
20231030,-1.4954300568091183
20231031,0.8977051698343567
20231101,1.523856284943804
20231102,-1.267575989837009
20231103,-0.7361790184661469
20231106,0.2985210372985777
20231107,-0.18178731512386523
20231108,-0.23495851275277252
20231109,-0.44357790376734596
20231110,0.5128906508368252
20231113,-0.6890195095120537
20231114,0.3946040616960576
20231115,0.19814321328102347
20231116,0.24049315546965117
20231117,0.8355724097057778
20231120,0.860707967542246
20231121,0.5455919772947805
20231122,0.38772855737590534
20231123,0.2829597687825863
20231124,-0.05397161464657063
20231127,0.5723417976529833
20231128,-1.4066482752879181
20231129,0.35939914182724075
20231130,-0.4166585238175563
20231201,0.931689828209793
20231204,-0.26456739797144885
20231205,0.8101634158267558
20231206,-1.6903669878102883
20231207,-0.8194899824721033
20231208,0.10589176206692597
20231211,1.1643922396333988
20231212,-0.8375392538959824
20231213,0.6067185301124187
20231214,-1.6910130544919693
20231215,-0.11469198335413185
20231218,-0.9464187470147248
20231219,-0.33927989588061913
20231220,-0.7808431361018435
20231221,-0.2670923295577141
20231222,-1.9865119833224927
20231225,-0.05929496613961207
20231226,-0.11127027174320785
20231227,0.07425773732478053
20231228,-0.0090840351716141
20231229,-0.8817636718715711
20240102,0.7393122210119623
20240103,-1.0426332005577728
20240104,-1.087119704702327
20240105,-0.2160506657894408
20240108,-0.4247689736420174
20240109,-0.8447754269975025
20240110,0.3539708237022321
20240111,1.2014228979466544
20240112,-1.0425469686414612
20240115,-0.5019583887799692
20240116,-0.2877097467792582
20240117,-0.4328781922673573
20240118,-0.23290799694733064
20240119,0.5505724652846614
20240122,0.15740929015824753
20240123,0.19843923797421784
20240124,-1.0110781130080508
20240125,-1.6323178897239594
20240126,-0.4837087989034991
20240129,0.20300497998049857
20240130,-0.1112487008025762
20240131,-0.05219536256389635
20240201,0.14604708534358737
20240202,0.17314251702138755
20240205,-0.6159730321470731
20240206,-0.5550349840757834
20240207,0.07614919223731653
20240208,0.8746444575580962
20240219,0.8579230909473089
20240220,-0.13135535186101707
20240221,-0.1841587364943499
20240222,-0.3536995580097141
20240223,-1.0787137602722419
20240226,-0.1897765334242958
20240227,-0.36066064559640454
20240228,0.3557758316824771
20240229,-0.03399568001879299
20240301,0.018900108590772718
20240304,-0.055625959229061064
20240305,-0.23777250997419677
20240306,-0.39781878090075856
20240307,-0.00655227944541047
20240308,0.3108012715910297
20240311,-1.0928162781344581
20240312,0.6512366179674259
20240313,0.8044924911823097
20240314,1.2352735525719012
20240315,2.458542518416515
20240318,-0.028475700795716756
20240319,-1.0993406495345182
20240320,-0.4238460265093952
20240321,2.825520874662108
20240322,-2.5891770697615732
20240325,-0.5961463272322887
20240326,-1.5300919745080153
20240327,-0.30199197668457417
20240328,1.780432156214668
20240329,3.238114751108622
20240401,-0.3656005700545075
20240402,0.2208699701989363
20240403,0.6943689394425852
20240408,2.6723659543928453
20240409,1.0014564190849058
20240410,3.091927614623799
20240411,-1.353443104758053
20240412,2.2305187679652465
20240415,0.9515042593419115
20240416,-1.6952539824568416
20240417,1.223753191048047
20240418,2.5867438226298227
20240419,0.9041186373525534
20240422,-0.603152343622964
20240423,-3.224077519519164
20240424,1.9965629134585567
20240425,2.6791048171734264
20240426,2.219434061914853
20240429,-1.1739932871631362
20240430,1.371903349006044
20240506,1.3024696542839425
20240507,-1.1197386027933773
20240508,-1.4442590012594108
20240509,1.3039153719174
20240510,2.1141441256381017
20240513,-0.6733683992620131
20240514,0.9461490507795962
20240515,0.8008915728216316
20240516,0.49467252939462425
20240517,2.3009041509634436
20240520,2.642118522889625
20240521,1.3428780042829809
20240522,0.46920535114541795
20240523,-4.623106171277067
20240524,1.724739587971201
20240527,-0.153230142501255
20240528,1.665020733630229
20240529,1.9301500014314164
20240530,-2.84422441349809
20240531,0.1408904034980935
20240603,-3.0260119747397662
20240604,0.976935255398354
20240605,-2.6980233466356878
20240606,1.3505773027183134
20240607,-0.0022840329786700626
20240611,-1.569710905721668
20240612,-0.14612977025973672
20240613,-0.17254959017047533
20240614,0.023110366332575707
20240617,0.070732798276985
20240618,0.407041010463484
20240619,0.5288750820571951
20240620,-1.4682571505175617
20240621,0.3524692954396249
20240624,0.4175731224479135
20240625,-0.1835437295113983
20240626,0.5812297451869497
20240627,0.7796955191468166
20240628,-1.1518447016825737
20240701,0.23317955541636456
20240702,-0.6271346756573188
20240703,-0.679789056211998
20240704,0.2929315550874872
20240705,0.1025605793224165
20240708,-0.2707197851786706
20240709,0.11937400045059125
20240710,0.603361885480997
20240711,0.34953338603842793
20240712,-0.5676718212400622
20240715,0.5110315973185341
20240716,0.2833555639632427
20240717,-0.2774920013188642
20240718,-0.5441512123780265
20240719,-1.1068936890467114
20240722,-0.35546629661551005
20240723,-0.08408200540869502
20240724,-0.17724239169214398
20240725,0.43661565886968284
20240726,-0.7293040798060143
20240729,0.3849063520049581
20240730,1.3690541971634003
20240731,-2.654768725875972
20240801,-0.3541111965341499
20240802,0.31311554772635447
20240805,3.4118585343940873
20240806,1.6436747246433043
20240807,-0.882629477599773
20240808,0.3095402811929684
20240809,-4.269643546790288
20240812,-1.3343597030371992
20240813,1.4110559340673843
20240814,1.017358923359999
20240815,-1.8439069920647015
20240816,-1.2982939373955256
20240819,-0.31270883114327536
20240820,-0.15939987538510364
20240821,-0.34367887829707017
20240822,0.12238307703157732
20240823,0.19881146047934425
20240826,-0.7327063597048132
20240827,0.25737571964759076
20240828,-0.035008084310755576
20240829,-0.2887373163729262
20240830,0.41124631954269636
20240902,-2.0132320582248284
20240903,-0.4379518300317813
20240904,-1.705507711047125
20240905,-1.15620069398413
20240906,1.3732212445775442
20240909,-0.1751631833599657
20240910,0.48546088231011647
20240911,-0.15225730854763722
20240912,-0.019043968782609295
20240913,-0.2315546964638078
20240918,0.30849297112350765
20240919,-1.2779167920904129
20240920,-0.09128305823155956
20240923,1.3074089314856812
20240924,-1.329595961643828
20240925,0.19781153305623994
20240926,-0.4557039625535734
20240927,0.0007847756293991502
20240930,-1.0117566787139847
20241008,0.3582823036436917
20241009,-0.11709171155926255
20241010,0.5427539153454563
20241011,1.299962828460979
20241014,1.1404552474108416
20241015,-1.6176998949014612
20241016,1.392863602675605
20241017,-2.2219933113705563
20241018,0.9116010194466271
20241021,1.5593742287756156
20241022,-1.3358566486708026
20241023,-0.21761199134689335
20241024,2.0441060510938884
20241025,-1.833082082987539
20241028,0.8585692926926622
20241029,-0.6491389511367998
20241030,-0.11841490882550362
20241031,-0.17837315684248756
20241101,0.15332757305149797
20241104,-0.4329353345233496
20241105,0.6742620490892617
20241106,0.4352235328202308
20241107,0.783581264991753
20241108,0.3209063769470284
20241111,-0.12084283903066984
20241112,-0.4616085684404087
20241113,0.5779860489128568
20241114,-0.552441823110338
20241115,0.3916384803745534
20241118,-0.6695517022219036
20241119,-0.18671516455074727
20241120,0.36915879680314445
20241121,-0.39760375574692647
20241122,0.5335088903538174
20241125,0.11862356754016047
20241126,-0.1277200565556776
20241127,-0.2016498552637891
20241128,0.5475631241825516
20241129,-0.3841487709312345
20241202,0.7678989057923941
20241203,-0.6441490410649616
20241204,0.5338222567867079
20241205,0.008017048222620136
20241206,-0.18167266395042192
20241209,-0.208868820345315
20241210,-0.42139587594996636
20241211,-0.543604655573112
20241212,0.005648182492065168
20241213,-0.13865067379414497
20241216,-0.08473627357901924
20241217,0.14723220814211632
20241218,-1.4666025230566884
20241219,-0.03129415690895169
20241220,-0.3057213192390536
20241223,0.9950491288293247
20241224,-0.1737583010877215
20241225,0.27170709061290593
20241226,-0.12164895891908611
20241227,-0.24433898925820025
20241230,-0.2184672167824713
20241231,0.237568713798233
20250102,0.4225488786507217
20250103,2.5183387840732747
20250106,0.9416597965774884
20250107,-1.0686542052500494
20250108,0.10767857702649741
20250109,-0.32476321254282137
20250110,-0.7285410034965674
20250113,-0.9382988556877474
20250114,0.9261609337807892
20250115,1.0395027546267626
20250116,0.13163417527011634
20250117,-1.2597587567341153
20250120,-0.6032406680631223
20250121,0.9434435010099813
20250122,-0.7823097867811618
20250123,0.004817283129020296
20250124,0.41586515078387576
20250127,0.07491661619136289
20250205,0.37228500893813177
20250206,1.3716294638868496
20250207,0.45196377989996517
20250210,0.3468758635178602
20250211,-0.4851964014939029
20250212,-0.16702207587127427
20250213,0.46717261366980006
20250214,0.7914162471307428
20250217,-0.8273720121176343
20250218,-0.27700390969738864
20250219,-0.060678057142952144
20250220,0.4995586272817329
20250221,0.030266223215918535
20250224,-0.1584258987827912
20250225,-0.06096787124467046
20250226,0.3673870858292242
20250227,-1.38594093866059
20250228,0.19491446816935984
20250303,0.3167623622700058
20250304,-0.08943716865302222
20250305,0.7108543121806763
20250306,0.8208664863380876
20250307,0.21278146210430673
20250310,1.0169943890086666
20250311,-0.48671714599954724
20250312,1.3895577547228872
20250313,0.022259726063821816
20250314,-0.5456141381522192
20250317,0.0708364840454147
20250318,-1.2036775637729284
20250319,1.6964790610594465
20250320,0.5894057311518345
20250321,-2.3330241998335626
20250324,1.5204555394132429
20250325,-0.621005790565076
20250326,0.03453977380060343
20250327,0.6631950016941264
20250328,-1.5760110445624993
20250331,-0.31268584769698987
20250401,0.584450317841271
20250402,0.3059571810452842
20250403,-1.1581124136501173
20250407,-2.439481484732712
20250408,0.10004196183945496
20250409,-0.9798533172527445
20250410,-0.5375397413913949
20250411,0.054375775032915206
20250414,-0.4258071747964525
20250415,0.4921268875228317
20250416,0.47991322025596245
20250417,-0.7145406821039633
20250418,0.2821376427168583
20250421,-1.3409482021721069
20250422,0.8613523728936511
20250423,-0.8594800285743905
20250424,-0.2436874038386629
20250425,-0.2014571499800714
20250428,0.3356988447247326
20250429,0.8411570504563542
20250430,0.6149023660862369
20250506,0.606744419931539
20250507,-0.03859572415116339
20250508,-0.697630017775339
20250509,-0.18568013252056684
20250512,0.7168437007686798
20250513,-0.36015620527672826
20250514,0.34878916579098745
20250515,-0.842073561375376
20250516,0.11797064793143613
20250519,-0.7908908392533198
20250520,-0.16553236830422666
20250521,0.8507192276480822
20250522,-0.47275386905887445
20250523,-0.2856353322552538
20250526,0.03346548258876768
20250527,-0.09072493218824046
20250528,-0.2536791888220043
20250529,0.4252416710868674
20250530,-1.6549815339806593
20250603,-0.2953660770243566
20250604,1.1056913394068935
20250605,-0.41535569675642137
20250606,0.1550814729162579
20250609,-0.908672021789523
20250610,-0.14346891391022845
20250611,0.4936815468762398
20250612,-0.07150779696749994
20250613,-0.39379107707309235
20250616,0.25683567409404534
20250617,0.5871118111775845
20250618,0.14952949519280945
20250619,-0.3671432782250895
20250620,-0.1775762847988773
20250623,0.3813309436123432
20250624,0.07615007522252545
20250625,0.027848961647674895
20250626,-0.5238636873421709
20250627,0.5252147603261514
20250630,-0.07394401203916692
20250701,0.9023953181516784
20250702,-0.6335276189820528
20250703,0.24959300259404632
20250704,-0.7534018121176803
20250707,-1.472611683633081
20250708,0.840704113080991
20250709,-0.9611294420550013
20250710,2.2338732267702097
20250711,-1.382915722079442
20250714,-0.7860722301293761
20250715,-1.5683064803374354
20250716,-0.010255596440727571
20250717,-0.5754090575624782
20250718,1.3469300168489595
20250721,5.290531254860466
20250722,1.439286933883512
20250723,-1.3890829545057204
20250724,0.22607244004338356
20250725,-0.04300010212208329
20250728,-2.296127933869136
20250729,0.36061890168460986
20250730,0.2982378558912865
20250731,-1.2824227501357757
20250801,-0.545847801985017
20250804,0.47589368543967536
20250805,0.5369673192941714
20250806,0.18681055652717737
20250807,0.7856141963784631
20250808,-0.4249995668865636
20250811,0.12088084573333385
20250812,0.4974882070913492
20250813,0.0045834384090981395
20250814,0.20860010714152302
20250815,-0.1470946978293159
20250818,0.11351565296802929
20250819,0.00414664873278311
20250820,0.478778114940915
20250821,0.47610232636972166
20250822,0.09438646237375119
20250825,-0.13877243368301795
20250826,-0.1176819463453691
20250827,0.48517447088092003
20250828,0.19484837318608905
20250829,0.6994350883175093
20250901,-1.7399853021242193
20250902,0.30587451524527215
20250903,0.6245969589986538
20250904,-0.34537924713344015
20250905,0.7576486152565908
20250908,-0.48646960419740687
20250909,0.696211203291754
20250910,-0.2153496077535468
20250911,1.63841945698686
20250912,3.5191815751131017
20250915,-0.3720554153937357
20250916,-1.2600492621471364
20250917,-0.3629957879884426
20250918,-1.5946920032834109
20250919,0.4074360102515202
20250922,0.1758239554901081
20250923,-0.06669021551966149
20250924,0.03021670043820745
20250925,1.7068868168558142
20250926,0.1714494484621757
20250929,-0.8640699672707861
20250930,0.5377913182635017
20251009,1.7801546235827035
20251010,-0.11379562706453127
20251013,-0.36630404891412255
20251014,-0.2903820492093641
20251015,1.4330790241622395
20251016,-0.1200631585149963
20251017,-0.010079916356657916
20251020,0.20210171605868987
20251021,-0.3852023444678061
20251022,-0.2125270281844816
20251023,-0.8959615304629759
20251024,0.8999009407644852
20251027,0.2778240194953262
20251028,-0.7574936078842004
20251029,0.23853042813436268
20251030,0.23212339055101827
20251031,0.47307647588647583
20251103,1.4826032656239345
20251104,-0.3957707851096541
20251105,-0.5422576308228088
20251106,1.0769930435410031
20251107,-0.16343942379088627
20251110,0.35845749917035247
20251111,0.054211443769343295
20251112,2.221346502784557
20251113,1.2872602091550318
20251114,-2.144745827221134
20251117,-0.8450579410970942
20251118,-0.9080065928392507
20251119,1.3787150796974872
20251120,-0.211880526850603
20251121,-0.1738906470185004
20251124,-0.49477491813802266
20251125,0.24173149863224877
20251126,-0.31518966525534436
20251127,0.8442277246540708
20251128,0.06727470596309806
20251201,-0.19419846273029484
20251202,-0.4408821407229424
20251203,0.9794722262470548
20251204,0.6248446033325172
20251205,0.05318887368850376
20251208,-0.3540617322823667
20251209,0.5083718915243541
20251210,2.2202876270049594
20251211,-0.09784642906401494
20251212,2.06682584061002
20251215,-1.9569423390181513
20251216,-0.9375879787485165
20251217,1.171698062638832
20251218,0.45349038299878275
20251219,1.307971775446052
20251222,-0.134115388868101
20251223,-0.6988176004539443
20251224,-0.25312041530178564
20251225,-0.8512112267593204
20251226,-0.895820646917103
20251229,1.132929876919342
20251230,-0.48816833028421786
20251231,1.22962123834756
20260105,4.64154147920054
20260106,4.479380258069905
20260107,0.8309803733869983
20260108,-4.035825311385114
20260109,1.8193405401298188
20260112,3.084888992691985
20260113,-1.4215027559492963
20260114,2.588946387185561
20260115,1.2139809762478597
20260116,-3.231772816888596
20260119,-0.7961487696114571
20260120,-0.3390655190325519
20260121,0.7482907655110915
20260122,-0.19159291792433297
20260123,1.5338989165051513
20260126,-0.04165948769520679
20260127,1.1183362528008327
20260128,2.4352376234086885
20260129,1.5116488119970761
20260130,-3.5101315303889344
20260202,-5.073174402007022
20260203,2.0894681467731595
20260204,0.4830952624070731
20260205,-1.6305062946412432
20260206,-0.3708394232710769
20260209,0.353777233267316
20260210,-0.19598127585445965
20260211,-0.12055880069882384
20260212,0.05728264679768355
20260213,0.23172326644118948
20260224,-0.3796373321234935
20260225,-0.5970353560871005
20260226,-0.3674575112506617
20260227,-1.0359041641089177
20260302,-0.41378137302787776
20260303,2.036889666277674
20260304,-1.2366132691119758
20260305,0.39665007199558666
20260306,0.24863641488202468
20260309,-0.05993753821029611
20260310,-0.21462742650046765
20260311,0.2601792389340986
20260312,0.00658087250127426
20260313,0.0339638482393314
20260316,-0.2739845565169255
20260317,1.1122788151932668
20260318,0.3072488114849808
20260319,0.961262205876356
20260320,-0.5981635795917755
20260323,0.5273192296548604
20260324,-1.2501606151427869
20260325,-0.6212601478539489
20260326,-0.29680069436759005
20260327,-0.9405882615778719
20260330,-0.03734035658032737
20260331,-0.16626154124859624
20260401,-1.2389809387528323
20260402,0.49478143641255323
20260403,-0.4670999216564033
20260407,-0.10412163907680626
20260408,-1.2776477548591767
20260409,0.9536875200504666
20260410,-0.04365190269358352
20260413,-1.1152153602817367
20260414,-0.846028141215197
20260415,-0.20254443731638433
20260416,0.38851801526807334
20260417,-0.06875875310356179
20260420,-0.45629846729124574
20260421,-0.4337564027475915
20260422,0.10454648389650201
20260423,-0.19506715967805555
20260424,-0.11808786903401926
20260427,0.5133025584758529
20260428,-1.7704075055319841
20260429,0.522320991954821
20260430,-1.2246240132308759
20260506,3.5673185749300838
20260507,-0.14173391798289361
20260508,0.1889944970511176
20260511,-0.40123301158539937
20260512,0.5758139769637396
20260513,1.4561588741622407
20260514,-0.7951478441016255
20260515,-1.4008670569414234
20260518,0.21789263457741107
20260519,-0.23307122442863074
20260520,0.27618418498794184
20260521,-0.30209273825889627
20260522,0.12645318119444485
20260525,0.21108260444269936
20260526,-0.5525843593435495
20260527,-0.3873099563552928
20260528,0.628358203222682
20260529,0.62769893279761
20260601,-0.30535947251558326
20260602,-0.11331766725490411
20260603,0.9739476876291947
20260604,0.34315916706081623
20260605,-0.30213813298178965
20260608,-0.26271929535196864
20260609,1.2456873010748442
20260610,0.7844241140596793
20260611,-0.7479273060744716
20260612,0.3571698428582183
20260615,-1.4908262589503536
20260616,0.9707899402209342
20260617,-1.038141378565135
20260618,-0.01948035058121691
20260622,-0.20770368425606012
20260623,2.3259480580315413
20260624,1.2181679905408844
20260625,1.9319217486861548
20260626,-0.34915440963217625
20260629,-0.9638656157967971
20260630,1.5934229565722893
20260701,1.5226795179250807
20260702,0.05939466357074515
20260703,-2.449927370349744
20260706,-0.5381403001342927
20260707,-0.31785913548785244
20260708,-0.4962698575848007
