ts_code,trade_date,pre_close,pre_settle,open,high,low,close,settle,change1,change2,vol,amount,oi,oi_chg,mapping_ts_code,pre_main_close,roll_factor,adj_close,adj_open,adj_high,adj_low,adj_settle
LG.DCE,20241118,,810.0,750.0,780.0,750.0,764.0,764.0,-46.0,-46.0,89550.0,615969.32,10593.0,,LG2507.DCE,,1.0,764.0,750.0,780.0,750.0,764.0
LG.DCE,20241119,764.0,764.0,765.0,778.0,761.5,772.0,770.5,8.0,6.5,66189.0,459106.22,11420.0,,LG2507.DCE,,1.0,772.0,765.0,778.0,761.5,770.5
LG.DCE,20241120,772.0,770.5,770.0,775.0,764.5,770.0,768.5,-0.5,-2.0,25015.0,173106.43,10048.0,,LG2507.DCE,,1.0,770.0,770.0,775.0,764.5,768.5
LG.DCE,20241121,770.0,768.5,771.5,814.5,768.0,814.5,803.5,46.0,35.0,201745.0,1459807.25,34955.0,,LG2507.DCE,,1.0,814.5,771.5,814.5,768.0,803.5
LG.DCE,20241122,814.5,803.5,815.5,827.0,802.0,809.5,816.5,6.0,13.0,282985.0,2080441.96,27376.0,,LG2507.DCE,,1.0,809.5,815.5,827.0,802.0,816.5
LG.DCE,20241125,809.5,816.5,809.5,815.5,790.5,797.5,799.5,-19.0,-17.0,192107.0,1382814.43,26222.0,,LG2507.DCE,,1.0,797.5,809.5,815.5,790.5,799.5
LG.DCE,20241126,797.5,799.5,794.0,806.0,793.0,797.0,799.5,-2.5,0.0,91770.0,660425.34,27029.0,,LG2507.DCE,,1.0,797.0,794.0,806.0,793.0,799.5
LG.DCE,20241127,797.0,799.5,798.0,801.0,792.0,796.5,796.5,-3.0,-3.0,58989.0,423045.21,24904.0,,LG2507.DCE,,1.0,796.5,798.0,801.0,792.0,796.5
LG.DCE,20241128,796.5,796.5,795.0,815.0,794.0,797.5,805.0,1.0,8.5,124809.0,904479.34,23903.0,,LG2507.DCE,,1.0,797.5,795.0,815.0,794.0,805.0
LG.DCE,20241129,797.5,805.0,797.0,805.0,796.0,801.5,801.5,-3.5,-3.5,38599.0,278574.52,20915.0,,LG2507.DCE,,1.0,801.5,797.0,805.0,796.0,801.5
LG.DCE,20241202,801.5,801.5,802.0,806.5,797.0,801.0,801.5,-0.5,0.0,23717.0,171151.72,20372.0,,LG2507.DCE,,1.0,801.0,802.0,806.5,797.0,801.5
LG.DCE,20241203,801.0,801.5,800.5,802.0,796.0,800.5,799.5,-1.0,-2.0,19275.0,138762.26,17436.0,,LG2507.DCE,,1.0,800.5,800.5,802.0,796.0,799.5
LG.DCE,20241204,800.5,799.5,800.0,810.0,798.5,800.0,803.5,0.5,4.0,29412.0,212824.14,17101.0,,LG2507.DCE,,1.0,800.0,800.0,810.0,798.5,803.5
LG.DCE,20241205,800.0,803.5,800.0,803.0,783.5,795.0,797.0,-8.5,-6.5,18780.0,134791.97,15065.0,,LG2507.DCE,,1.0,795.0,800.0,803.0,783.5,797.0
LG.DCE,20241206,795.0,797.0,795.0,796.0,789.0,793.0,792.5,-4.0,-4.5,13243.0,94497.27,13715.0,,LG2507.DCE,,1.0,793.0,795.0,796.0,789.0,792.5
LG.DCE,20241209,793.0,792.5,795.0,800.0,794.0,795.5,796.5,3.0,4.0,10050.0,72043.44,13541.0,,LG2507.DCE,,1.0,795.5,795.0,800.0,794.0,796.5
LG.DCE,20241210,795.5,796.5,808.0,812.0,799.0,804.0,804.0,7.5,7.5,19829.0,143566.69,13150.0,,LG2507.DCE,,1.0,804.0,808.0,812.0,799.0,804.0
LG.DCE,20241211,804.0,804.0,806.0,806.0,801.0,803.5,803.0,-0.5,-1.0,7793.0,56333.68,11193.0,,LG2507.DCE,,1.0,803.5,806.0,806.0,801.0,803.0
LG.DCE,20241212,803.5,803.0,803.5,807.0,802.0,804.5,804.5,1.5,1.5,6282.0,45488.61,11209.0,,LG2507.DCE,,1.0,804.5,803.5,807.0,802.0,804.5
LG.DCE,20241213,804.5,804.5,800.0,802.5,798.0,801.0,800.0,-3.5,-4.5,7307.0,52639.33,10903.0,,LG2507.DCE,,1.0,801.0,800.0,802.5,798.0,800.0
LG.DCE,20241216,801.0,800.0,802.0,806.0,801.0,803.0,803.5,3.0,3.5,6200.0,44850.18,10705.0,,LG2507.DCE,,1.0,803.0,802.0,806.0,801.0,803.5
LG.DCE,20241217,803.0,803.5,803.0,819.5,802.0,807.5,810.0,4.0,6.5,20534.0,149728.32,12745.0,,LG2507.DCE,,1.0,807.5,803.0,819.5,802.0,810.0
LG.DCE,20241218,807.5,810.0,808.0,814.0,806.5,808.5,809.5,-1.5,-0.5,12072.0,87993.33,12298.0,,LG2507.DCE,,1.0,808.5,808.0,814.0,806.5,809.5
LG.DCE,20241219,808.5,809.5,809.0,813.0,808.0,810.5,810.5,1.0,1.0,9166.0,66868.34,13191.0,,LG2507.DCE,,1.0,810.5,809.0,813.0,808.0,810.5
LG.DCE,20241220,810.5,810.5,812.0,829.5,810.5,829.0,818.0,18.5,7.5,23325.0,171730.07,18469.0,,LG2507.DCE,,1.0,829.0,812.0,829.5,810.5,818.0
LG.DCE,20241223,829.0,818.0,826.5,839.0,819.0,823.0,828.5,5.0,10.5,68630.0,511759.35,20154.0,,LG2507.DCE,,1.0,823.0,826.5,839.0,819.0,828.5
LG.DCE,20241224,823.0,828.5,822.0,831.0,822.0,829.0,827.5,0.5,-1.0,18255.0,135968.85,21716.0,,LG2507.DCE,,1.0,829.0,822.0,831.0,822.0,827.5
LG.DCE,20241225,829.0,827.5,830.0,834.5,822.0,823.5,826.0,-4.0,-1.5,18936.0,140841.81,19732.0,,LG2507.DCE,,1.0,823.5,830.0,834.5,822.0,826.0
LG.DCE,20241226,823.5,826.0,822.0,826.5,814.0,816.0,819.0,-10.0,-7.0,22407.0,165233.47,18291.0,,LG2507.DCE,,1.0,816.0,822.0,826.5,814.0,819.0
LG.DCE,20241227,816.0,819.0,816.0,828.0,815.5,824.5,823.5,5.5,4.5,17417.0,129090.58,16613.0,,LG2507.DCE,,1.0,824.5,816.0,828.0,815.5,823.5
LG.DCE,20241230,824.5,823.5,822.0,827.5,819.0,823.5,822.0,0.0,-1.5,8709.0,64460.03,15869.0,,LG2507.DCE,,1.0,823.5,822.0,827.5,819.0,822.0
LG.DCE,20241231,823.5,822.0,821.0,831.5,820.0,827.5,827.0,5.5,5.0,15589.0,116071.82,16802.0,,LG2507.DCE,,1.0,827.5,821.0,831.5,820.0,827.0
LG.DCE,20250102,827.5,827.0,829.0,837.5,825.0,829.0,831.0,2.0,4.0,25704.0,192270.34,18483.0,,LG2507.DCE,,1.0,829.0,829.0,837.5,825.0,831.0
LG.DCE,20250103,829.0,831.0,829.0,832.0,823.0,829.0,827.0,-2.0,-4.0,14157.0,105391.65,17173.0,,LG2507.DCE,,1.0,829.0,829.0,832.0,823.0,827.0
LG.DCE,20250106,829.0,827.0,831.5,846.0,828.0,840.5,837.5,13.5,10.5,42290.0,318799.0,24438.0,,LG2507.DCE,,1.0,840.5,831.5,846.0,828.0,837.5
LG.DCE,20250107,840.5,837.5,839.5,849.0,836.0,848.0,843.5,10.5,6.0,35604.0,270405.49,27689.0,,LG2507.DCE,,1.0,848.0,839.5,849.0,836.0,843.5
LG.DCE,20250108,848.0,843.5,849.0,858.5,844.0,849.5,851.0,6.0,7.5,42102.0,322514.33,28772.0,,LG2507.DCE,,1.0,849.5,849.0,858.5,844.0,851.0
LG.DCE,20250109,849.5,851.0,848.5,852.5,843.0,847.0,847.5,-4.0,-3.5,23967.0,182824.39,27475.0,,LG2507.DCE,,1.0,847.0,848.5,852.5,843.0,847.5
LG.DCE,20250110,847.0,847.5,847.0,863.5,845.5,862.0,856.0,14.5,8.5,35287.0,271922.87,31970.0,,LG2507.DCE,,1.0,862.0,847.0,863.5,845.5,856.0
LG.DCE,20250113,862.0,856.0,862.5,881.5,862.0,869.5,872.5,13.5,16.5,57371.0,450603.4,33470.0,,LG2507.DCE,,1.0,869.5,862.5,881.5,862.0,872.5
LG.DCE,20250114,869.5,872.5,868.0,873.0,855.0,861.5,862.5,-11.0,-10.0,34862.0,270647.22,31037.0,,LG2507.DCE,,1.0,861.5,868.0,873.0,855.0,862.5
LG.DCE,20250115,861.5,862.5,860.0,871.5,844.0,855.0,855.5,-7.5,-7.0,59704.0,459920.56,28716.0,,LG2507.DCE,,1.0,855.0,860.0,871.5,844.0,855.5
LG.DCE,20250116,855.0,855.5,860.0,868.5,857.0,864.5,863.0,9.0,7.5,26469.0,205591.54,28763.0,,LG2507.DCE,,1.0,864.5,860.0,868.5,857.0,863.0
LG.DCE,20250117,864.5,863.0,865.5,869.5,857.5,864.5,863.5,1.5,0.5,22919.0,178141.85,28669.0,,LG2507.DCE,,1.0,864.5,865.5,869.5,857.5,863.5
LG.DCE,20250120,864.5,863.5,865.5,874.0,860.0,864.0,866.5,0.5,3.0,32289.0,251836.24,28688.0,,LG2507.DCE,,1.0,864.0,865.5,874.0,860.0,866.5
LG.DCE,20250121,864.0,866.5,865.0,865.5,854.5,856.5,859.5,-10.0,-7.0,18361.0,142095.01,27748.0,,LG2507.DCE,,1.0,856.5,865.0,865.5,854.5,859.5
LG.DCE,20250122,856.5,859.5,855.0,862.0,848.0,857.0,854.5,-2.5,-5.0,20405.0,156961.22,25293.0,,LG2507.DCE,,1.0,857.0,855.0,862.0,848.0,854.5
LG.DCE,20250123,857.0,854.5,857.0,861.5,856.0,861.0,858.5,6.5,4.0,10121.0,78229.6,24832.0,,LG2507.DCE,,1.0,861.0,857.0,861.5,856.0,858.5
LG.DCE,20250124,861.0,858.5,861.5,873.5,859.0,870.5,866.0,12.0,7.5,15502.0,120854.38,25549.0,,LG2507.DCE,,1.0,870.5,861.5,873.5,859.0,866.0
LG.DCE,20250127,870.5,866.0,870.0,876.5,869.0,875.0,873.0,9.0,7.0,11114.0,87359.27,25264.0,,LG2507.DCE,,1.0,875.0,870.0,876.5,869.0,873.0
LG.DCE,20250205,875.0,873.0,882.0,882.0,863.0,867.5,869.5,-5.5,-3.5,17762.0,139042.76,25210.0,,LG2507.DCE,,1.0,867.5,882.0,882.0,863.0,869.5
LG.DCE,20250206,867.5,869.5,870.0,890.0,863.0,890.0,878.0,20.5,8.5,33683.0,266197.4,33553.0,,LG2507.DCE,,1.0,890.0,870.0,890.0,863.0,878.0
LG.DCE,20250207,890.0,878.0,890.0,892.5,883.0,890.0,888.0,12.0,10.0,21534.0,172115.67,35505.0,,LG2507.DCE,,1.0,890.0,890.0,892.5,883.0,888.0
LG.DCE,20250210,890.0,888.0,890.0,898.0,886.5,898.0,893.0,10.0,5.0,26734.0,214964.39,40707.0,,LG2507.DCE,,1.0,898.0,890.0,898.0,886.5,893.0
LG.DCE,20250211,898.0,893.0,897.0,899.0,884.0,892.5,890.5,-0.5,-2.5,29537.0,236820.25,40024.0,,LG2507.DCE,,1.0,892.5,897.0,899.0,884.0,890.5
LG.DCE,20250212,892.5,890.5,893.0,901.0,890.5,892.0,895.5,1.5,5.0,34045.0,274419.8,42774.0,,LG2507.DCE,,1.0,892.0,893.0,901.0,890.5,895.5
LG.DCE,20250213,892.0,895.5,891.0,891.5,871.0,875.0,882.0,-20.5,-13.5,48911.0,388453.47,42727.0,,LG2507.DCE,,1.0,875.0,891.0,891.5,871.0,882.0
LG.DCE,20250214,875.0,882.0,874.5,890.0,874.0,876.0,881.0,-6.0,-1.0,40513.0,321392.49,41295.0,,LG2507.DCE,,1.0,876.0,874.5,890.0,874.0,881.0
LG.DCE,20250217,876.0,881.0,879.0,888.5,875.0,886.5,882.0,5.5,1.0,34973.0,277745.41,43175.0,,LG2507.DCE,,1.0,886.5,879.0,888.5,875.0,882.0
LG.DCE,20250218,886.5,882.0,886.0,889.0,879.0,885.0,884.0,3.0,2.0,23136.0,184128.12,42363.0,,LG2507.DCE,,1.0,885.0,886.0,889.0,879.0,884.0
LG.DCE,20250219,885.0,884.0,885.0,892.0,880.5,889.0,887.0,5.0,3.0,26141.0,208694.88,42630.0,,LG2507.DCE,,1.0,889.0,885.0,892.0,880.5,887.0
LG.DCE,20250220,889.0,887.0,888.0,902.0,885.0,897.0,892.5,10.0,5.5,34211.0,274943.92,43782.0,,LG2507.DCE,,1.0,897.0,888.0,902.0,885.0,892.5
LG.DCE,20250221,897.0,892.5,896.5,900.5,890.0,895.0,894.5,2.5,2.0,29653.0,238728.95,44000.0,,LG2507.DCE,,1.0,895.0,896.5,900.5,890.0,894.5
LG.DCE,20250224,895.0,894.5,890.0,890.5,873.5,874.5,881.0,-20.0,-13.5,43785.0,347224.81,42971.0,,LG2507.DCE,,1.0,874.5,890.0,890.5,873.5,881.0
LG.DCE,20250225,874.5,881.0,872.0,873.5,857.0,867.0,864.5,-14.0,-16.5,56101.0,436736.19,41771.0,,LG2507.DCE,,1.0,867.0,872.0,873.5,857.0,864.5
LG.DCE,20250226,867.0,864.5,866.0,875.0,860.0,862.5,866.5,-2.0,2.0,28518.0,222431.73,40893.0,,LG2507.DCE,,1.0,862.5,866.0,875.0,860.0,866.5
LG.DCE,20250227,862.5,866.5,861.5,867.0,854.0,864.5,859.5,-2.0,-7.0,34638.0,268057.51,39687.0,,LG2507.DCE,,1.0,864.5,861.5,867.0,854.0,859.5
LG.DCE,20250228,864.5,859.5,863.0,868.0,858.5,865.0,863.5,5.5,4.0,16710.0,129890.13,38232.0,,LG2507.DCE,,1.0,865.0,863.0,868.0,858.5,863.5
LG.DCE,20250303,865.0,863.5,862.0,864.5,848.0,853.0,853.5,-10.5,-10.0,42299.0,325039.53,38817.0,,LG2507.DCE,,1.0,853.0,862.0,864.5,848.0,853.5
LG.DCE,20250304,853.0,853.5,854.0,857.0,849.5,853.5,853.5,0.0,0.0,20547.0,157846.06,37196.0,,LG2507.DCE,,1.0,853.5,854.0,857.0,849.5,853.5
LG.DCE,20250305,853.5,853.5,866.5,874.0,845.0,856.5,859.0,3.0,5.5,80405.0,621781.34,34965.0,,LG2507.DCE,,1.0,856.5,866.5,874.0,845.0,859.0
LG.DCE,20250306,856.5,859.0,856.5,862.5,852.0,860.5,858.5,1.5,-0.5,25376.0,196179.84,33941.0,,LG2507.DCE,,1.0,860.5,856.5,862.5,852.0,858.5
LG.DCE,20250307,860.5,858.5,860.0,866.5,856.0,860.0,859.0,1.5,0.5,14823.0,114604.16,32673.0,,LG2507.DCE,,1.0,860.0,860.0,866.5,856.0,859.0
LG.DCE,20250310,860.0,859.0,859.0,864.0,855.0,862.0,860.5,3.0,1.5,15510.0,120153.15,31942.0,,LG2507.DCE,,1.0,862.0,859.0,864.0,855.0,860.5
LG.DCE,20250311,862.0,860.5,860.5,862.0,854.0,856.5,857.0,-4.0,-3.5,14372.0,110904.61,32127.0,,LG2507.DCE,,1.0,856.5,860.5,862.0,854.0,857.0
LG.DCE,20250312,856.5,857.0,857.0,857.0,832.0,834.0,842.0,-23.0,-15.0,50503.0,382876.92,39208.0,,LG2507.DCE,,1.0,834.0,857.0,857.0,832.0,842.0
LG.DCE,20250313,834.0,842.0,834.0,843.0,828.5,839.0,834.5,-3.0,-7.5,30443.0,228776.25,36109.0,,LG2507.DCE,,1.0,839.0,834.0,843.0,828.5,834.5
LG.DCE,20250314,839.0,834.5,838.0,844.5,835.5,843.5,840.0,9.0,5.5,15558.0,117685.91,34005.0,,LG2507.DCE,,1.0,843.5,838.0,844.5,835.5,840.0
LG.DCE,20250317,843.5,840.0,840.0,842.0,829.0,832.5,834.0,-7.5,-6.0,20780.0,156010.21,34919.0,,LG2507.DCE,,1.0,832.5,840.0,842.0,829.0,834.0
LG.DCE,20250318,832.5,834.0,832.5,839.0,831.5,834.0,834.5,0.0,0.5,13437.0,100938.92,34165.0,,LG2507.DCE,,1.0,834.0,832.5,839.0,831.5,834.5
LG.DCE,20250319,834.0,834.5,832.0,836.5,826.0,835.0,831.0,0.5,-3.5,17488.0,130838.56,34431.0,,LG2507.DCE,,1.0,835.0,832.0,836.5,826.0,831.0
LG.DCE,20250320,835.0,831.0,835.0,844.0,833.0,842.0,839.0,11.0,8.0,21664.0,163617.7,33346.0,,LG2507.DCE,,1.0,842.0,835.0,844.0,833.0,839.0
LG.DCE,20250321,842.0,839.0,841.0,849.0,836.5,843.5,844.5,4.5,5.5,27218.0,206897.49,32054.0,,LG2507.DCE,,1.0,843.5,841.0,849.0,836.5,844.5
LG.DCE,20250324,843.5,844.5,843.0,844.5,837.0,842.5,840.5,-2.0,-4.0,16217.0,122736.15,32085.0,,LG2507.DCE,,1.0,842.5,843.0,844.5,837.0,840.5
LG.DCE,20250325,842.5,840.5,840.0,846.5,835.0,835.5,841.5,-5.0,1.0,13588.0,102934.46,32021.0,,LG2507.DCE,,1.0,835.5,840.0,846.5,835.0,841.5
LG.DCE,20250326,835.5,841.5,835.5,835.5,828.0,835.0,832.5,-6.5,-9.0,20847.0,156207.55,32162.0,,LG2507.DCE,,1.0,835.0,835.5,835.5,828.0,832.5
LG.DCE,20250327,835.0,832.5,832.5,837.5,830.5,833.0,833.5,0.5,1.0,9327.0,70003.4,32112.0,,LG2507.DCE,,1.0,833.0,832.5,837.5,830.5,833.5
LG.DCE,20250328,833.0,833.5,836.0,836.5,826.5,829.0,830.0,-4.5,-3.5,16000.0,119536.92,33680.0,,LG2507.DCE,,1.0,829.0,836.0,836.5,826.5,830.0
LG.DCE,20250331,829.0,830.0,828.0,828.5,817.0,821.5,821.0,-8.5,-9.0,21297.0,157420.89,34697.0,,LG2507.DCE,,1.0,821.5,828.0,828.5,817.0,821.0
LG.DCE,20250401,821.5,821.0,821.5,834.0,819.5,833.0,828.5,12.0,7.5,26437.0,197172.32,31481.0,,LG2507.DCE,,1.0,833.0,821.5,834.0,819.5,828.5
LG.DCE,20250402,833.0,828.5,831.5,832.5,826.0,828.0,829.5,-0.5,1.0,11625.0,86803.97,31871.0,,LG2507.DCE,,1.0,828.0,831.5,832.5,826.0,829.5
LG.DCE,20250403,828.0,829.5,825.0,830.0,824.0,829.0,827.5,-0.5,-2.0,7544.0,56196.44,31182.0,,LG2507.DCE,,1.0,829.0,825.0,830.0,824.0,827.5
LG.DCE,20250407,829.0,827.5,817.0,830.0,814.0,818.5,821.0,-9.0,-6.5,26365.0,194834.6,29049.0,,LG2507.DCE,,1.0,818.5,817.0,830.0,814.0,821.0
LG.DCE,20250408,818.5,821.0,819.5,826.0,816.5,818.5,822.0,-2.5,1.0,17026.0,125976.1,28046.0,,LG2507.DCE,,1.0,818.5,819.5,826.0,816.5,822.0
LG.DCE,20250409,818.5,822.0,818.5,823.0,810.5,816.5,814.5,-5.5,-7.5,20225.0,148290.4,28530.0,,LG2507.DCE,,1.0,816.5,818.5,823.0,810.5,814.5
LG.DCE,20250410,816.5,814.5,820.0,828.5,820.0,822.5,823.5,8.0,9.0,19298.0,143043.71,24601.0,,LG2507.DCE,,1.0,822.5,820.0,828.5,820.0,823.5
LG.DCE,20250411,822.5,823.5,823.0,841.5,819.5,835.5,832.0,12.0,8.5,30601.0,229216.36,25566.0,,LG2507.DCE,,1.0,835.5,823.0,841.5,819.5,832.0
LG.DCE,20250414,835.5,832.0,835.0,837.5,832.5,834.5,834.5,2.5,2.5,11940.0,89719.43,25240.0,,LG2507.DCE,,1.0,834.5,835.0,837.5,832.5,834.5
LG.DCE,20250415,834.5,834.5,834.0,836.0,826.0,828.5,830.0,-6.0,-4.5,11912.0,89002.03,24762.0,,LG2507.DCE,,1.0,828.5,834.0,836.0,826.0,830.0
LG.DCE,20250416,828.5,830.0,830.0,832.0,822.0,825.5,825.0,-4.5,-5.0,12211.0,90718.72,25378.0,,LG2507.DCE,,1.0,825.5,830.0,832.0,822.0,825.0
LG.DCE,20250417,825.5,825.0,827.5,831.0,822.5,826.5,827.0,1.5,2.0,11751.0,87500.54,25447.0,,LG2507.DCE,,1.0,826.5,827.5,831.0,822.5,827.0
LG.DCE,20250418,826.5,827.0,827.0,828.0,820.0,822.0,823.5,-5.0,-3.5,10557.0,78255.81,25844.0,,LG2507.DCE,,1.0,822.0,827.0,828.0,820.0,823.5
LG.DCE,20250421,822.0,823.5,822.5,823.0,811.5,811.5,815.0,-12.0,-8.5,23185.0,170149.99,29932.0,,LG2507.DCE,,1.0,811.5,822.5,823.0,811.5,815.0
LG.DCE,20250422,811.5,815.0,810.0,810.0,790.5,793.0,799.5,-22.0,-15.5,41454.0,298359.86,35476.0,,LG2507.DCE,,1.0,793.0,810.0,810.0,790.5,799.5
LG.DCE,20250423,793.0,799.5,798.0,803.0,792.5,798.5,797.5,-1.0,-2.0,26114.0,187502.61,32687.0,,LG2507.DCE,,1.0,798.5,798.0,803.0,792.5,797.5
LG.DCE,20250424,798.5,797.5,797.0,797.5,784.0,793.0,789.0,-4.5,-8.5,29365.0,208542.19,33488.0,,LG2507.DCE,,1.0,793.0,797.0,797.5,784.0,789.0
LG.DCE,20250425,793.0,789.0,794.0,799.0,791.5,796.0,796.0,7.0,7.0,15428.0,110537.19,31240.0,,LG2507.DCE,,1.0,796.0,794.0,799.0,791.5,796.0
LG.DCE,20250428,796.0,796.0,792.5,796.0,788.5,794.5,792.5,-1.5,-3.5,8208.0,58568.35,30684.0,,LG2507.DCE,,1.0,794.5,792.5,796.0,788.5,792.5
LG.DCE,20250429,794.5,792.5,793.5,797.0,785.0,787.0,790.0,-5.5,-2.5,11692.0,83140.96,30364.0,,LG2507.DCE,,1.0,787.0,793.5,797.0,785.0,790.0
LG.DCE,20250430,787.0,790.0,783.0,790.0,781.0,788.5,786.0,-1.5,-4.0,10581.0,74856.44,28732.0,,LG2507.DCE,,1.0,788.5,783.0,790.0,781.0,786.0
LG.DCE,20250506,788.5,786.0,784.0,793.0,783.0,789.5,789.0,3.5,3.0,12459.0,88487.79,29253.0,,LG2507.DCE,,1.0,789.5,784.0,793.0,783.0,789.0
LG.DCE,20250507,789.5,789.0,793.0,805.5,790.0,792.5,795.5,3.5,6.5,15261.0,109298.01,28601.0,,LG2507.DCE,,1.0,792.5,793.0,805.5,790.0,795.5
LG.DCE,20250508,792.5,795.5,793.0,797.0,779.0,780.0,784.0,-15.5,-11.5,20576.0,145253.61,30980.0,,LG2507.DCE,,1.0,780.0,793.0,797.0,779.0,784.0
LG.DCE,20250509,780.0,784.0,780.5,788.5,780.5,784.5,785.0,0.5,1.0,12670.0,89518.19,30711.0,,LG2507.DCE,,1.0,784.5,780.5,788.5,780.5,785.0
LG.DCE,20250512,784.5,785.0,790.5,810.0,787.0,804.0,798.5,19.0,13.5,29602.0,212809.88,26650.0,,LG2507.DCE,,1.0,804.0,790.5,810.0,787.0,798.5
LG.DCE,20250513,804.0,798.5,804.0,805.0,784.0,788.0,791.5,-10.5,-7.0,22317.0,159039.14,26761.0,,LG2507.DCE,,1.0,788.0,804.0,805.0,784.0,791.5
LG.DCE,20250514,788.0,791.5,794.5,796.0,789.0,794.0,793.0,2.5,1.5,16067.0,114706.28,25484.0,,LG2507.DCE,,1.0,794.0,794.5,796.0,789.0,793.0
LG.DCE,20250515,794.0,793.0,792.0,797.5,786.5,788.0,792.0,-5.0,-1.0,11911.0,84911.46,25820.0,,LG2507.DCE,,1.0,788.0,792.0,797.5,786.5,792.0
LG.DCE,20250516,788.0,792.0,788.0,794.0,779.5,783.0,784.5,-9.0,-7.5,15782.0,111446.72,27405.0,,LG2507.DCE,,1.0,783.0,788.0,794.0,779.5,784.5
LG.DCE,20250519,783.0,784.5,780.0,785.5,775.5,783.0,779.0,-1.5,-5.5,16942.0,118814.64,28310.0,,LG2507.DCE,,1.0,783.0,780.0,785.5,775.5,779.0
LG.DCE,20250520,783.0,779.0,780.5,785.0,775.5,776.5,780.0,-2.5,1.0,10657.0,74823.42,29482.0,,LG2507.DCE,,1.0,776.5,780.5,785.0,775.5,780.0
LG.DCE,20250521,776.5,780.0,777.0,783.0,774.0,780.0,778.5,0.0,-1.5,11986.0,84003.9,29866.0,,LG2507.DCE,,1.0,780.0,777.0,783.0,774.0,778.5
LG.DCE,20250522,780.0,778.5,778.5,780.5,774.0,777.5,777.0,-1.0,-1.5,10041.0,70242.84,30201.0,,LG2507.DCE,,1.0,777.5,778.5,780.5,774.0,777.0
LG.DCE,20250523,777.5,777.0,776.5,777.5,773.0,775.0,774.5,-2.0,-2.5,8758.0,61069.44,29777.0,,LG2507.DCE,,1.0,775.0,776.5,777.5,773.0,774.5
LG.DCE,20250526,775.0,774.5,770.0,772.5,762.5,763.5,766.5,-11.0,-8.0,14741.0,101702.63,31678.0,,LG2507.DCE,,1.0,763.5,770.0,772.5,762.5,766.5
LG.DCE,20250527,763.5,766.5,764.5,764.5,753.0,755.0,756.5,-11.5,-10.0,19309.0,131540.36,31837.0,,LG2507.DCE,,1.0,755.0,764.5,764.5,753.0,756.5
LG.DCE,20250528,755.0,756.5,754.0,761.0,748.5,758.0,754.5,1.5,-2.0,19634.0,133377.7,30481.0,,LG2507.DCE,,1.0,758.0,754.0,761.0,748.5,754.5
LG.DCE,20250529,758.0,754.5,760.0,769.0,756.0,766.0,764.0,11.5,9.5,20871.0,143554.68,29445.0,,LG2507.DCE,,1.0,766.0,760.0,769.0,756.0,764.0
LG.DCE,20250530,766.0,764.0,767.0,768.0,758.0,765.0,762.5,1.0,-1.5,10714.0,73547.21,28373.0,,LG2507.DCE,,1.0,765.0,767.0,768.0,758.0,762.5
LG.DCE,20250603,765.0,762.5,765.0,770.0,759.5,765.0,766.0,2.5,3.5,14963.0,103183.83,28969.0,,LG2507.DCE,,1.0,765.0,765.0,770.0,759.5,766.0
LG.DCE,20250604,765.0,766.0,766.0,768.0,752.5,758.5,758.5,-7.5,-7.5,21347.0,145802.85,28140.0,,LG2507.DCE,,1.0,758.5,766.0,768.0,752.5,758.5
LG.DCE,20250605,758.5,758.5,758.0,759.5,746.0,746.5,750.5,-12.0,-8.0,21697.0,146575.77,30197.0,,LG2507.DCE,,1.0,746.5,758.0,759.5,746.0,750.5
LG.DCE,20250606,746.5,750.5,750.0,776.5,749.5,768.5,764.0,18.0,13.5,45492.0,312989.69,28894.0,,LG2507.DCE,,1.0,768.5,750.0,776.5,749.5,764.0
LG.DCE,20250609,768.5,764.0,765.5,776.0,764.5,772.0,771.5,8.0,7.5,26887.0,186794.42,29328.0,,LG2507.DCE,,1.0,772.0,765.5,776.0,764.5,771.5
LG.DCE,20250610,772.0,771.5,776.0,788.5,766.5,771.0,777.0,-0.5,5.5,34225.0,239413.18,23859.0,,LG2507.DCE,,1.0,771.0,776.0,788.5,766.5,777.0
LG.DCE,20250611,771.0,777.0,772.0,772.0,763.0,765.0,766.5,-12.0,-10.5,19343.0,133521.31,23389.0,,LG2507.DCE,,1.0,765.0,772.0,772.0,763.0,766.5
LG.DCE,20250612,765.0,766.5,766.0,766.0,756.5,765.0,760.5,-1.5,-6.0,14867.0,101803.43,22180.0,,LG2507.DCE,,1.0,765.0,766.0,766.0,756.5,760.5
LG.DCE,20250613,765.0,760.5,765.0,772.5,764.0,767.5,768.0,7.0,7.5,15211.0,105179.14,20998.0,,LG2507.DCE,,1.0,767.5,765.0,772.5,764.0,768.0
LG.DCE,20250616,767.5,768.0,770.0,792.5,770.0,792.0,781.0,24.0,13.0,29796.0,209519.76,21987.0,,LG2507.DCE,,1.0,792.0,770.0,792.5,770.0,781.0
LG.DCE,20250617,792.0,781.0,790.0,807.0,786.5,793.0,796.0,12.0,15.0,47147.0,337968.12,24075.0,,LG2507.DCE,,1.0,793.0,790.0,807.0,786.5,796.0
LG.DCE,20250618,793.0,796.0,797.0,806.0,792.0,795.5,798.0,-0.5,2.0,32071.0,230343.27,23403.0,,LG2507.DCE,,1.0,795.5,797.0,806.0,792.0,798.0
LG.DCE,20250619,795.5,798.0,797.0,801.0,790.0,798.0,795.5,0.0,-2.5,21160.0,151566.66,22957.0,,LG2507.DCE,,1.0,798.0,797.0,801.0,790.0,795.5
LG.DCE,20250620,798.0,795.5,798.0,812.0,795.0,812.0,804.0,16.5,8.5,23823.0,172451.99,22123.0,,LG2507.DCE,,1.0,812.0,798.0,812.0,795.0,804.0
LG.DCE,20250623,812.0,804.0,814.0,824.0,812.0,819.0,818.5,15.0,14.5,26899.0,198203.85,21945.0,,LG2507.DCE,,1.0,819.0,814.0,824.0,812.0,818.5
LG.DCE,20250624,819.0,818.5,816.0,818.5,802.5,806.5,810.0,-12.0,-8.5,21892.0,159649.34,19852.0,,LG2507.DCE,,1.0,806.5,816.0,818.5,802.5,810.0
LG.DCE,20250625,806.5,810.0,806.5,813.0,801.0,811.0,806.5,1.0,-3.5,10998.0,79832.28,18219.0,,LG2507.DCE,,1.0,811.0,806.5,813.0,801.0,806.5
LG.DCE,20250626,811.0,806.5,807.0,821.0,807.0,818.0,816.0,11.5,9.5,12203.0,89664.42,15787.0,,LG2507.DCE,,1.0,818.0,807.0,821.0,807.0,816.0
LG.DCE,20250627,818.0,816.0,820.0,822.0,812.0,819.0,818.0,3.0,2.0,12440.0,91590.76,10984.0,,LG2507.DCE,,1.0,819.0,820.0,822.0,812.0,818.0
LG.DCE,20250630,819.0,789.0,792.0,797.5,785.0,786.0,792.5,-3.0,3.5,20825.0,148580.95,22033.0,,LG2509.DCE,805.0,1.0241730279898218,804.9999999999999,811.1450381679389,816.7779898218829,803.97582697201,811.6571246819337
LG.DCE,20250701,786.0,792.5,784.0,789.0,778.0,787.0,782.5,-5.5,-10.0,20259.0,142736.73,22081.0,,LG2509.DCE,,1.0241730279898218,806.0241730279897,802.9516539440203,808.0725190839694,796.8066157760813,801.4153944020355
LG.DCE,20250702,787.0,782.5,789.5,797.0,784.5,793.0,790.5,10.5,8.0,16377.0,116579.05,20917.0,,LG2509.DCE,,1.0241730279898218,812.1692111959287,808.5846055979644,816.2659033078879,803.4637404580152,809.6087786259541
LG.DCE,20250703,793.0,790.5,793.0,798.5,790.0,792.5,795.0,2.0,4.5,13001.0,93059.9,21543.0,,LG2509.DCE,,1.0241730279898218,811.6571246819337,812.1692111959287,817.8021628498727,809.0966921119592,814.2175572519084
LG.DCE,20250704,792.5,795.0,796.0,798.0,791.0,795.0,794.0,0.0,-1.0,8504.0,60789.88,21389.0,,LG2509.DCE,,1.0241730279898218,814.2175572519084,815.2417302798981,817.2900763358778,810.120865139949,813.1933842239185
LG.DCE,20250707,795.0,794.0,791.0,794.5,785.0,787.0,788.5,-7.0,-5.5,16427.0,116611.1,21713.0,,LG2509.DCE,,1.0241730279898218,806.0241730279897,810.120865139949,813.7054707379134,803.97582697201,807.5604325699745
LG.DCE,20250708,787.0,788.5,785.0,791.5,782.0,785.5,787.0,-3.0,-1.5,15821.0,112082.23,21351.0,,LG2509.DCE,,1.0241730279898218,804.487913486005,803.97582697201,810.6329516539439,800.9033078880407,806.0241730279897
LG.DCE,20250709,785.5,787.0,785.0,787.0,780.5,783.5,783.5,-3.5,-3.5,12198.0,86016.54,20962.0,,LG2509.DCE,,1.0241730279898218,802.4395674300254,803.97582697201,806.0241730279897,799.3670483460559,802.4395674300254
LG.DCE,20250710,783.5,783.5,785.0,788.5,781.5,787.0,785.0,3.5,1.5,16978.0,119975.87,22625.0,,LG2509.DCE,,1.0241730279898218,806.0241730279897,803.97582697201,807.5604325699745,800.3912213740457,803.97582697201
LG.DCE,20250711,787.0,785.0,787.0,794.0,784.5,786.0,789.0,1.0,4.0,19988.0,141983.65,22238.0,,LG2509.DCE,,1.0241730279898218,804.9999999999999,806.0241730279897,813.1933842239185,803.4637404580152,808.0725190839694
LG.DCE,20250714,786.0,789.0,787.5,789.5,783.0,788.0,787.0,-1.0,-2.0,10698.0,75776.11,22708.0,,LG2509.DCE,,1.0241730279898218,807.0483460559796,806.5362595419847,808.5846055979644,801.9274809160305,806.0241730279897
LG.DCE,20250715,788.0,787.0,786.5,793.5,785.5,790.0,789.5,3.0,2.5,16985.0,120696.33,21885.0,,LG2509.DCE,,1.0241730279898218,809.0966921119592,805.5120865139949,812.6812977099236,804.487913486005,808.5846055979644
LG.DCE,20250716,790.0,789.5,788.0,797.0,787.0,797.0,792.5,7.5,3.0,20361.0,145271.43,24434.0,,LG2509.DCE,,1.0241730279898218,816.2659033078879,807.0483460559796,816.2659033078879,806.0241730279897,811.6571246819337
LG.DCE,20250717,797.0,792.5,799.5,834.0,799.5,833.0,817.5,40.5,25.0,68470.0,503919.05,34390.0,,LG2509.DCE,,1.0241730279898218,853.1361323155215,818.8263358778626,854.1603053435114,818.8263358778626,837.2614503816793
LG.DCE,20250718,833.0,817.5,838.0,846.5,824.0,828.5,834.0,11.0,16.5,59796.0,449021.65,33765.0,,LG2509.DCE,,1.0241730279898218,848.5273536895673,858.2569974554707,866.9624681933841,843.9185750636132,854.1603053435114
LG.DCE,20250721,828.5,834.0,838.0,856.5,832.0,838.0,842.0,4.0,8.0,48961.0,371151.52,30700.0,,LG2509.DCE,,1.0241730279898218,858.2569974554707,858.2569974554707,877.2041984732824,852.1119592875317,862.3536895674299
LG.DCE,20250722,838.0,842.0,843.5,846.5,835.0,838.0,840.5,-4.0,-1.5,21852.0,165305.48,28436.0,,LG2509.DCE,,1.0241730279898218,858.2569974554707,863.8899491094147,866.9624681933841,855.1844783715012,860.8174300254452
LG.DCE,20250723,838.0,840.5,841.5,848.5,812.5,823.0,829.0,-17.5,-11.5,35666.0,266240.76,25137.0,,LG2509.DCE,,1.0241730279898218,842.8944020356233,861.841603053435,869.0108142493638,832.1405852417303,849.0394402035623
LG.DCE,20250724,823.0,829.0,824.0,835.0,818.5,827.5,828.0,-1.5,-1.0,21217.0,158183.7,24533.0,,LG2509.DCE,,1.0241730279898218,847.5031806615775,843.9185750636132,855.1844783715012,838.2856234096691,848.0152671755725
LG.DCE,20250725,827.5,828.0,829.0,833.5,822.0,830.0,827.5,2.0,-0.5,16577.0,123524.24,24369.0,,LG2509.DCE,,1.0241730279898218,850.063613231552,849.0394402035623,853.6482188295165,841.8702290076335,847.5031806615775
LG.DCE,20250728,830.0,827.5,820.5,842.5,814.0,831.0,829.0,3.5,1.5,42901.0,320203.04,24197.0,,LG2509.DCE,,1.0241730279898218,851.0877862595419,840.3339694656488,862.8657760814249,833.676844783715,849.0394402035623
LG.DCE,20250729,831.0,829.0,828.0,838.5,823.5,830.0,830.0,1.0,1.0,20970.0,156660.72,23148.0,,LG2509.DCE,,1.0241730279898218,850.063613231552,848.0152671755725,858.7690839694656,843.4064885496183,850.063613231552
LG.DCE,20250730,830.0,830.0,835.5,835.5,825.0,825.0,829.0,-5.0,-1.0,13700.0,102272.11,22659.0,,LG2509.DCE,,1.0241730279898218,844.942748091603,855.6965648854961,855.6965648854961,844.942748091603,849.0394402035623
LG.DCE,20250731,825.0,829.0,824.0,830.0,819.0,821.5,824.0,-7.5,-5.0,17804.0,132095.63,21905.0,,LG2509.DCE,,1.0241730279898218,841.3581424936386,843.9185750636132,850.063613231552,838.797709923664,843.9185750636132
LG.DCE,20250801,821.5,824.0,822.0,825.0,813.0,821.5,819.0,-2.5,-5.0,18880.0,139191.87,19584.0,,LG2509.DCE,,1.0241730279898218,841.3581424936386,841.8702290076335,844.942748091603,832.6526717557251,838.797709923664
LG.DCE,20250804,821.5,819.0,820.0,847.5,819.0,842.0,834.0,23.0,15.0,35596.0,267304.75,24236.0,,LG2509.DCE,,1.0241730279898218,862.3536895674299,839.8218829516538,867.9866412213739,838.797709923664,854.1603053435114
LG.DCE,20250805,842.0,834.0,841.5,841.5,825.5,829.0,831.5,-5.0,-2.5,23985.0,179582.47,22705.0,,LG2509.DCE,,1.0241730279898218,849.0394402035623,861.841603053435,861.841603053435,845.4548346055979,851.5998727735368
LG.DCE,20250806,829.0,831.5,829.0,836.0,826.0,832.5,831.0,1.0,-0.5,11435.0,85531.7,22335.0,,LG2509.DCE,,1.0241730279898218,852.6240458015267,849.0394402035623,856.208651399491,845.9669211195928,851.0877862595419
LG.DCE,20250807,832.5,831.0,835.0,840.5,827.0,832.5,833.0,1.5,2.0,13917.0,104378.58,21314.0,,LG2509.DCE,,1.0241730279898218,852.6240458015267,855.1844783715012,860.8174300254452,846.9910941475827,853.1361323155215
LG.DCE,20250808,832.5,833.0,831.5,835.5,823.5,830.5,828.5,-2.5,-4.5,13036.0,97231.39,20650.0,,LG2509.DCE,,1.0241730279898218,850.575699745547,851.5998727735368,855.6965648854961,843.4064885496183,848.5273536895673
LG.DCE,20250811,830.5,828.5,833.5,840.0,830.5,832.5,835.0,4.0,6.5,14082.0,105835.31,19246.0,,LG2509.DCE,,1.0241730279898218,852.6240458015267,853.6482188295165,860.3053435114504,850.575699745547,855.1844783715012
LG.DCE,20250812,832.5,835.0,833.0,835.5,821.5,824.5,826.0,-10.5,-9.0,15736.0,117032.36,18057.0,,LG2509.DCE,,1.0241730279898218,844.430661577608,853.1361323155215,855.6965648854961,841.3581424936386,845.9669211195928
LG.DCE,20250813,824.5,826.0,821.5,822.5,809.5,813.0,815.5,-13.0,-10.5,13356.0,98032.79,16984.0,,LG2509.DCE,,1.0241730279898218,832.6526717557251,841.3581424936386,842.3823155216285,829.0680661577608,835.2131043256996
LG.DCE,20250814,813.0,815.5,812.5,816.0,805.0,809.5,810.0,-6.0,-5.5,14684.0,107080.91,17607.0,,LG2509.DCE,,1.0241730279898218,829.0680661577608,832.1405852417303,835.7251908396946,824.4592875318066,829.5801526717556
LG.DCE,20250815,809.5,810.0,809.0,818.0,803.5,815.0,811.0,5.0,1.0,14413.0,105213.69,18555.0,,LG2509.DCE,,1.0241730279898218,834.7010178117048,828.5559796437658,837.7735368956743,822.9230279898218,830.6043256997455
LG.DCE,20250818,815.0,811.0,817.0,820.0,810.5,811.0,816.0,0.0,5.0,14986.0,110069.46,17450.0,,LG2509.DCE,,1.0241730279898218,830.6043256997455,836.7493638676845,839.8218829516538,830.0922391857506,835.7251908396946
LG.DCE,20250819,811.0,816.0,809.5,816.5,807.0,810.5,811.0,-5.5,-5.0,10001.0,73011.05,16337.0,,LG2509.DCE,,1.0241730279898218,830.0922391857506,829.0680661577608,836.2372773536895,826.5076335877861,830.6043256997455
LG.DCE,20250820,810.5,811.0,805.5,810.5,802.0,805.5,806.5,-5.5,-4.5,11700.0,84959.37,13802.0,,LG2509.DCE,,1.0241730279898218,824.9713740458014,824.9713740458014,830.0922391857506,821.3867684478371,825.9955470737913
LG.DCE,20250821,805.5,806.5,804.0,812.0,803.0,804.5,807.5,-2.0,1.0,6681.0,48555.57,12977.0,,LG2509.DCE,,1.0241730279898218,823.9472010178116,823.4351145038167,831.6284987277353,822.4109414758269,827.0197201017811
LG.DCE,20250822,804.5,807.5,804.0,807.5,797.5,801.0,801.0,-6.5,-6.5,6679.0,48160.76,11970.0,,LG2509.DCE,,1.0241730279898218,820.3625954198473,823.4351145038167,827.0197201017811,816.7779898218829,820.3625954198473
LG.DCE,20250825,801.0,801.0,804.5,812.0,800.0,803.5,805.0,2.5,4.0,8532.0,61834.99,8946.0,,LG2509.DCE,,1.0241730279898218,822.9230279898218,823.9472010178116,831.6284987277353,819.3384223918574,824.4592875318066
LG.DCE,20250826,803.5,818.0,818.0,826.0,815.0,823.0,822.0,5.0,4.0,7574.0,56033.06,12693.0,,LG2511.DCE,801.5,0.9974175965174267,820.8746819338421,815.887593951255,823.8669347233945,812.8953411617027,819.8772643373247
LG.DCE,20250827,823.0,822.0,821.5,825.5,813.5,814.5,819.0,-7.5,-3.0,9628.0,70969.66,14166.0,,LG2511.DCE,,0.9974175965174267,812.396632363444,819.378555539066,823.3682259251357,811.3992147669265,816.8850115477725
LG.DCE,20250828,814.5,819.0,815.0,823.0,810.0,821.5,815.5,2.5,-3.5,10511.0,77167.92,14529.0,,LG2511.DCE,,0.9974175965174267,819.378555539066,812.8953411617027,820.8746819338421,807.9082531791156,813.3940499599614
LG.DCE,20250829,821.5,815.5,819.0,824.5,818.0,820.0,820.5,4.5,5.0,6608.0,48820.65,13583.0,,LG2511.DCE,,0.9974175965174267,817.8824291442899,816.8850115477725,822.3708083286183,815.887593951255,818.3811379425485
LG.DCE,20250901,820.0,820.5,820.0,823.0,816.0,818.5,818.5,-2.0,-2.0,6386.0,47054.2,13230.0,,LG2511.DCE,,0.9974175965174267,816.3863027495138,817.8824291442899,820.8746819338421,813.8927587582201,816.3863027495138
LG.DCE,20250902,818.5,818.5,820.0,821.0,810.0,810.5,814.0,-8.0,-4.5,11543.0,84590.93,13985.0,,LG2511.DCE,,0.9974175965174267,808.4069619773743,817.8824291442899,818.8798467408074,807.9082531791156,811.8979235651854
LG.DCE,20250903,810.5,814.0,810.5,810.5,796.5,798.5,802.5,-15.5,-11.5,13965.0,100864.74,16542.0,,LG2511.DCE,,0.9974175965174267,796.4379508191652,808.4069619773743,808.4069619773743,794.4431156261303,800.4276212052349
LG.DCE,20250904,798.5,802.5,797.0,799.0,791.5,797.0,795.5,-5.5,-7.0,9929.0,71090.41,16859.0,,LG2511.DCE,,0.9974175965174267,794.9418244243891,794.9418244243891,796.9366596174239,789.4560276435432,793.4456980296129
LG.DCE,20250905,797.0,795.5,796.0,803.0,792.5,800.0,797.0,4.5,1.5,7671.0,55053.0,16158.0,,LG2511.DCE,,0.9974175965174267,797.9340772139414,793.9444068278716,800.9263300034936,790.4534452400607,794.9418244243891
LG.DCE,20250908,800.0,797.0,800.0,814.0,796.0,807.5,807.0,10.5,10.0,13596.0,98752.71,15111.0,,LG2511.DCE,,0.9974175965174267,805.414709187822,797.9340772139414,811.8979235651854,793.9444068278716,804.9160003895634
LG.DCE,20250909,807.5,807.0,806.0,810.0,801.5,805.5,805.5,-1.5,-1.5,6466.0,46882.02,15092.0,,LG2511.DCE,,0.9974175965174267,803.4198739947872,803.9185827930459,807.9082531791156,799.4302036087175,803.4198739947872
LG.DCE,20250910,805.5,805.5,803.0,808.0,801.0,806.5,805.0,1.0,-0.5,4145.0,30039.28,14650.0,,LG2511.DCE,,0.9974175965174267,804.4172915913047,800.9263300034936,805.9134179860807,798.9314948104587,802.9211651965285
LG.DCE,20250911,806.5,805.0,807.0,808.5,802.0,804.5,804.5,-0.5,-0.5,3837.0,27798.03,14995.0,,LG2511.DCE,,0.9974175965174267,802.4224563982698,804.9160003895634,806.4121267843394,799.9289124069762,802.4224563982698
LG.DCE,20250912,804.5,804.5,803.0,806.0,797.0,798.0,800.0,-6.5,-4.5,6528.0,47018.06,15449.0,,LG2511.DCE,,0.9974175965174267,795.9392420209065,800.9263300034936,803.9185827930459,794.9418244243891,797.9340772139414
LG.DCE,20250915,798.0,800.0,798.5,806.5,794.5,804.5,799.5,4.5,-0.5,8991.0,64694.77,15783.0,,LG2511.DCE,,0.9974175965174267,802.4224563982698,796.4379508191652,804.4172915913047,792.4482804330955,797.4353684156827
LG.DCE,20250916,804.5,799.5,806.0,813.0,802.0,806.5,806.5,7.0,7.0,8052.0,58477.54,14653.0,,LG2511.DCE,,0.9974175965174267,804.4172915913047,803.9185827930459,810.9005059686679,799.9289124069762,804.4172915913047
LG.DCE,20250917,806.5,806.5,806.5,811.5,804.0,809.0,808.5,2.5,2.0,6548.0,47655.27,13385.0,,LG2511.DCE,,0.9974175965174267,806.9108355825982,804.4172915913047,809.4043795738918,801.9237476000111,806.4121267843394
LG.DCE,20250918,809.0,808.5,809.0,811.0,801.5,801.5,806.0,-7.0,-2.5,6311.0,45804.8,13706.0,,LG2511.DCE,,0.9974175965174267,799.4302036087175,806.9108355825982,808.905670775633,799.4302036087175,803.9185827930459
LG.DCE,20250919,801.5,806.0,800.0,808.0,800.0,805.0,804.0,-1.0,-2.0,5117.0,37031.19,13421.0,,LG2511.DCE,,0.9974175965174267,802.9211651965285,797.9340772139414,805.9134179860807,797.9340772139414,801.9237476000111
LG.DCE,20250922,805.0,804.0,805.0,813.5,801.0,807.5,808.0,3.5,4.0,9368.0,68148.75,12983.0,,LG2511.DCE,,0.9974175965174267,805.414709187822,802.9211651965285,811.3992147669265,798.9314948104587,805.9134179860807
LG.DCE,20250923,807.5,808.0,808.0,811.5,803.5,805.0,807.0,-3.0,-1.0,7666.0,55712.5,12621.0,,LG2511.DCE,,0.9974175965174267,802.9211651965285,805.9134179860807,809.4043795738918,801.4250388017523,804.9160003895634
LG.DCE,20250924,805.0,807.0,807.0,808.0,802.0,803.0,804.5,-4.0,-2.5,4911.0,35565.86,12678.0,,LG2511.DCE,,0.9974175965174267,800.9263300034936,804.9160003895634,805.9134179860807,799.9289124069762,802.4224563982698
LG.DCE,20250925,803.0,804.5,804.0,808.0,802.0,807.5,804.5,3.0,0.0,5480.0,39678.52,12370.0,,LG2511.DCE,,0.9974175965174267,805.414709187822,801.9237476000111,805.9134179860807,799.9289124069762,802.4224563982698
LG.DCE,20250926,807.5,804.5,806.0,810.0,805.0,808.5,807.5,4.0,3.0,5939.0,43177.11,11702.0,,LG2511.DCE,,0.9974175965174267,806.4121267843394,803.9185827930459,807.9082531791156,802.9211651965285,805.414709187822
LG.DCE,20250929,808.5,807.5,808.5,813.0,805.0,810.5,809.0,3.0,1.5,6835.0,49788.28,11001.0,,LG2511.DCE,,0.9974175965174267,808.4069619773743,806.4121267843394,810.9005059686679,802.9211651965285,806.9108355825982
LG.DCE,20250930,810.5,809.0,811.5,830.0,808.0,817.0,820.0,8.0,11.0,19945.0,147226.48,9559.0,,LG2511.DCE,,0.9974175965174267,814.8901763547376,809.4043795738918,827.8566051094641,805.9134179860807,817.8824291442899
LG.DCE,20251009,817.0,820.0,820.0,833.0,819.5,828.5,826.5,8.5,6.5,11084.0,82471.44,10078.0,,LG2511.DCE,,0.9974175965174267,826.360478714688,817.8824291442899,830.8488578990164,817.3837203460312,824.3656435216532
LG.DCE,20251010,828.5,826.5,830.0,832.0,821.0,821.0,825.0,-5.5,-1.5,7383.0,54851.71,9354.0,,LG2511.DCE,,0.9974175965174267,818.8798467408074,827.8566051094641,829.851440302499,818.8798467408074,822.869517126877
LG.DCE,20251013,821.0,825.0,818.0,821.5,792.0,803.0,808.0,-22.0,-17.0,13031.0,94765.2,7635.0,,LG2511.DCE,,0.9974175965174267,800.9263300034936,815.887593951255,819.378555539066,789.954736441802,805.9134179860807
LG.DCE,20251014,803.0,808.0,800.0,802.5,785.5,787.5,791.0,-20.5,-17.0,12063.0,85913.52,6655.0,,LG2511.DCE,,0.9974175965174267,785.4663572574735,797.9340772139414,800.4276212052349,783.4715220644387,788.9573188452845
LG.DCE,20251015,787.5,791.0,790.0,796.0,788.0,793.0,792.5,2.0,1.5,8061.0,57504.05,5988.0,,LG2511.DCE,,0.9974175965174267,790.9521540383193,787.9599012487671,793.9444068278716,785.9650660557322,790.4534452400607
LG.DCE,20251016,793.0,792.5,798.0,799.5,790.0,797.0,796.0,4.5,3.5,4826.0,34589.63,5128.0,,LG2511.DCE,,0.9974175965174267,794.9418244243891,795.9392420209065,797.4353684156827,787.9599012487671,793.9444068278716
LG.DCE,20251017,797.0,823.5,823.5,836.5,823.0,835.5,830.5,12.0,7.0,12081.0,90346.92,14247.0,,LG2601.DCE,804.0,0.9598129833632687,801.923747600011,790.4059917996518,802.8835605833742,789.9260853079702,797.1246826831947
LG.DCE,20251020,835.5,830.5,836.0,838.0,830.0,834.5,834.5,4.0,4.0,10085.0,75780.64,15635.0,,LG2601.DCE,,0.9598129833632687,800.9639346166477,802.4036540916926,804.3232800584192,796.6447761915131,800.9639346166477
LG.DCE,20251021,834.5,834.5,835.0,840.5,833.0,838.0,837.0,3.5,2.5,9316.0,70205.93,17105.0,,LG2601.DCE,,0.9598129833632687,804.3232800584192,801.4438411083294,806.7228125168274,799.5242151416028,803.363467075056
LG.DCE,20251022,838.0,837.0,839.5,839.5,828.5,831.5,832.0,-5.5,-5.0,8878.0,66516.0,17459.0,,LG2601.DCE,,0.9598129833632687,798.0844956665579,805.762999533464,805.762999533464,795.2050567164681,798.5644021582395
LG.DCE,20251023,831.5,832.0,832.0,834.0,826.0,828.5,830.0,-3.5,-2.0,11925.0,89114.72,18095.0,,LG2601.DCE,,0.9598129833632687,795.2050567164681,798.5644021582395,800.4840281249661,792.8055242580599,796.6447761915131
LG.DCE,20251024,828.5,830.0,830.0,833.5,826.0,829.0,829.5,-1.0,-0.5,11296.0,84375.19,18767.0,,LG2601.DCE,,0.9598129833632687,795.6849632081497,796.6447761915131,800.0041216332845,792.8055242580599,796.1648696998313
LG.DCE,20251027,829.0,829.5,828.0,829.5,780.0,787.0,796.5,-42.5,-33.0,58277.0,417963.4,16570.0,,LG2601.DCE,,0.9598129833632687,755.3728179068925,794.7251502247865,796.1648696998313,748.6541270233496,764.4910412488435
LG.DCE,20251028,787.0,796.5,789.0,791.5,785.0,786.0,788.0,-10.5,-8.5,16104.0,114230.75,16598.0,,LG2601.DCE,,0.9598129833632687,754.4130049235292,757.292443873619,759.6919763320271,753.4531919401659,756.3326308902557
LG.DCE,20251029,786.0,788.0,786.5,790.5,786.0,787.0,788.0,-1.0,0.0,6445.0,45721.87,16639.0,,LG2601.DCE,,0.9598129833632687,755.3728179068925,754.8929114152108,758.7321633486639,754.4130049235292,756.3326308902557
LG.DCE,20251030,787.0,788.0,788.0,791.0,785.5,786.0,788.0,-2.0,0.0,7691.0,54556.98,16535.0,,LG2601.DCE,,0.9598129833632687,754.4130049235292,756.3326308902557,759.2120698403455,753.9330984318476,756.3326308902557
LG.DCE,20251031,786.0,788.0,785.0,796.5,783.0,787.5,791.0,-0.5,3.0,10921.0,77778.27,15691.0,,LG2601.DCE,,0.9598129833632687,755.8527243985741,753.4531919401659,764.4910412488435,751.5335659734394,759.2120698403455
LG.DCE,20251103,787.5,791.0,788.0,788.0,773.5,782.0,780.0,-9.0,-11.0,18740.0,131622.67,16934.0,,LG2601.DCE,,0.9598129833632687,750.5737529900762,756.3326308902557,756.3326308902557,742.4153426314883,748.6541270233496
LG.DCE,20251104,782.0,780.0,785.0,785.5,775.0,776.5,778.5,-3.5,-1.5,5906.0,41406.3,17707.0,,LG2601.DCE,,0.9598129833632687,745.2947815815781,753.4531919401659,753.9330984318476,743.8550621065333,747.2144075483047
LG.DCE,20251105,776.5,778.5,775.0,780.5,775.0,778.5,778.0,0.0,-0.5,4366.0,30574.84,17656.0,,LG2601.DCE,,0.9598129833632687,747.2144075483047,743.8550621065333,749.1340335150312,743.8550621065333,746.734501056623
LG.DCE,20251106,778.5,778.0,777.0,781.0,776.5,779.0,778.5,1.0,0.5,4488.0,31456.26,17745.0,,LG2601.DCE,,0.9598129833632687,747.6943140399864,745.7746880732598,749.6139400067128,745.2947815815781,747.2144075483047
LG.DCE,20251107,779.0,778.5,780.5,780.5,775.0,778.5,777.0,0.0,-1.5,3649.0,25525.09,18027.0,,LG2601.DCE,,0.9598129833632687,747.2144075483047,749.1340335150312,749.1340335150312,743.8550621065333,745.7746880732598
LG.DCE,20251110,778.5,777.0,778.0,785.0,772.5,782.5,779.0,5.5,2.0,7899.0,55393.52,17161.0,,LG2601.DCE,,0.9598129833632687,751.0536594817578,746.734501056623,753.4531919401659,741.4555296481251,747.6943140399864
LG.DCE,20251111,782.5,779.0,781.0,784.5,776.5,776.5,779.0,-2.5,0.0,4191.0,29401.71,17400.0,,LG2601.DCE,,0.9598129833632687,745.2947815815781,749.6139400067128,752.9732854484843,745.2947815815781,747.6943140399864
LG.DCE,20251112,776.5,779.0,778.0,780.0,773.5,778.5,776.5,-0.5,-2.5,4277.0,29902.5,17794.0,,LG2601.DCE,,0.9598129833632687,747.2144075483047,746.734501056623,748.6541270233496,742.4153426314883,745.2947815815781
LG.DCE,20251113,778.5,776.5,776.5,784.5,776.5,783.5,780.0,7.0,3.5,6473.0,45459.56,17582.0,,LG2601.DCE,,0.9598129833632687,752.013472465121,745.2947815815781,752.9732854484843,745.2947815815781,748.6541270233496
LG.DCE,20251114,783.5,780.0,778.0,791.0,778.0,788.5,787.0,8.5,7.0,7402.0,52457.81,15964.0,,LG2601.DCE,,0.9598129833632687,756.8125373819373,746.734501056623,759.2120698403455,746.734501056623,755.3728179068925
LG.DCE,20251117,788.5,787.0,786.0,794.0,786.0,789.0,790.5,2.0,3.5,5986.0,42605.76,15155.0,,LG2601.DCE,,0.9598129833632687,757.292443873619,754.4130049235292,762.0915087904353,754.4130049235292,758.7321633486639
LG.DCE,20251118,789.0,790.5,792.0,792.5,782.5,785.0,786.5,-5.5,-4.0,4228.0,29946.49,14296.0,,LG2601.DCE,,0.9598129833632687,753.4531919401659,760.1718828237088,760.6517893153905,751.0536594817578,754.8929114152108
LG.DCE,20251119,785.0,786.5,784.0,784.0,775.0,775.5,778.5,-11.0,-8.0,5620.0,39391.18,15417.0,,LG2601.DCE,,0.9598129833632687,744.3349685982149,752.4933789568026,752.4933789568026,743.8550621065333,747.2144075483047
LG.DCE,20251120,775.5,778.5,775.0,777.0,768.0,772.0,772.5,-6.5,-6.0,6911.0,48060.73,16689.0,,LG2601.DCE,,0.9598129833632687,740.9756231564435,743.8550621065333,745.7746880732598,737.1363712229904,741.4555296481251
LG.DCE,20251121,772.0,772.5,772.0,774.5,768.0,768.5,770.0,-4.0,-2.5,5008.0,34721.64,17585.0,,LG2601.DCE,,0.9598129833632687,737.616277714672,740.9756231564435,743.3751556148516,737.1363712229904,739.0559971897169
LG.DCE,20251124,768.5,770.0,766.0,770.0,764.0,768.0,766.5,-2.0,-3.5,8506.0,58714.92,16579.0,,LG2601.DCE,,0.9598129833632687,737.1363712229904,735.2167452562638,739.0559971897169,733.2971192895372,735.6966517479455
LG.DCE,20251125,768.0,766.5,766.5,773.5,764.5,764.5,768.5,-2.0,2.0,6309.0,43657.74,16555.0,,LG2601.DCE,,0.9598129833632687,733.7770257812189,735.6966517479455,742.4153426314883,733.7770257812189,737.616277714672
LG.DCE,20251126,764.5,768.5,764.0,768.5,762.0,765.0,765.0,-3.5,-3.5,3994.0,27507.82,16891.0,,LG2601.DCE,,0.9598129833632687,734.2569322729006,733.2971192895372,737.616277714672,731.3774933228108,734.2569322729006
LG.DCE,20251127,765.0,765.0,764.0,767.5,764.0,765.0,766.0,0.0,1.0,3164.0,21816.12,16997.0,,LG2601.DCE,,0.9598129833632687,734.2569322729006,733.2971192895372,736.6564647313087,733.2971192895372,735.2167452562638
LG.DCE,20251128,765.0,766.0,765.0,769.0,760.5,765.0,764.0,-1.0,-2.0,7406.0,50945.05,16638.0,,LG2601.DCE,,0.9598129833632687,734.2569322729006,734.2569322729006,738.0961842063537,729.9377738477658,733.2971192895372
LG.DCE,20251201,765.0,764.0,763.0,767.0,761.5,766.5,764.5,2.5,0.5,4551.0,31321.63,16365.0,,LG2601.DCE,,0.9598129833632687,735.6966517479455,732.337306306174,736.1765582396271,730.8975868311292,733.7770257812189
LG.DCE,20251202,766.5,764.5,767.5,774.5,767.5,769.5,771.0,5.0,6.5,7065.0,49030.06,15214.0,,LG2601.DCE,,0.9598129833632687,738.5760906980353,736.6564647313087,743.3751556148516,736.6564647313087,740.0158101730801
LG.DCE,20251203,769.5,771.0,771.0,771.5,766.0,767.0,768.0,-4.0,-3.0,3491.0,24135.62,15125.0,,LG2601.DCE,,0.9598129833632687,736.1765582396271,740.0158101730801,740.4957166647619,735.2167452562638,737.1363712229904
LG.DCE,20251204,767.0,768.0,768.0,769.5,763.0,764.5,764.5,-3.5,-3.5,3780.0,26015.21,15398.0,,LG2601.DCE,,0.9598129833632687,733.7770257812189,737.1363712229904,738.5760906980353,732.337306306174,733.7770257812189
LG.DCE,20251205,764.5,764.5,763.0,767.5,762.0,765.5,764.5,1.0,0.0,2948.0,20296.28,15277.0,,LG2601.DCE,,0.9598129833632687,734.7368387645822,732.337306306174,736.6564647313087,731.3774933228108,733.7770257812189
LG.DCE,20251208,765.5,764.5,765.5,772.5,765.5,769.5,768.0,5.0,3.5,5206.0,35996.3,14469.0,,LG2601.DCE,,0.9598129833632687,738.5760906980353,734.7368387645822,741.4555296481251,734.7368387645822,737.1363712229904
LG.DCE,20251209,769.5,768.0,769.0,771.0,765.5,766.5,768.0,-1.5,0.0,3094.0,21396.0,13846.0,,LG2601.DCE,,0.9598129833632687,735.6966517479455,738.0961842063537,740.0158101730801,734.7368387645822,737.1363712229904
LG.DCE,20251210,766.5,768.0,768.0,768.0,747.0,756.0,754.0,-12.0,-14.0,11886.0,80681.59,13070.0,,LG2601.DCE,,0.9598129833632687,725.6186154226311,737.1363712229904,737.1363712229904,716.9802985723617,723.6989894559046
LG.DCE,20251211,756.0,754.0,754.0,756.0,745.0,746.0,748.5,-8.0,-5.5,7123.0,47993.9,14509.0,,LG2601.DCE,,0.9598129833632687,716.0204855889984,723.6989894559046,725.6186154226311,715.0606726056352,718.4200180474066
LG.DCE,20251212,746.0,748.5,747.5,750.0,743.5,749.0,746.5,0.5,-2.0,5592.0,37594.06,14519.0,,LG2601.DCE,,0.9598129833632687,718.8999245390883,717.4602050640434,719.8597375224515,713.6209531305902,716.5003920806801
LG.DCE,20251215,749.0,746.5,753.5,765.0,751.0,753.5,758.5,7.0,12.0,10002.0,68292.69,12285.0,,LG2601.DCE,,0.9598129833632687,723.2190829642229,723.2190829642229,734.2569322729006,720.8195505058148,728.0181478810393
LG.DCE,20251216,753.5,758.5,753.0,763.0,749.0,761.5,759.0,3.0,0.5,7725.0,52778.34,10754.0,,LG2601.DCE,,0.9598129833632687,730.8975868311292,722.7391764725413,732.337306306174,718.8999245390883,728.498054372721
LG.DCE,20251217,761.5,759.0,764.0,766.0,759.0,765.0,763.0,6.0,4.0,5326.0,36586.71,8619.0,,LG2601.DCE,,0.9598129833632687,734.2569322729006,733.2971192895372,735.2167452562638,728.498054372721,732.337306306174
LG.DCE,20251218,765.0,763.0,765.0,777.0,762.5,772.5,770.0,9.5,7.0,8126.0,56343.75,5247.0,,LG2601.DCE,,0.9598129833632687,741.4555296481251,734.2569322729006,745.7746880732598,731.8573998144924,739.0559971897169
LG.DCE,20251219,772.5,770.0,769.0,777.0,769.0,772.0,774.0,2.0,4.0,4368.0,30433.68,3353.0,,LG2601.DCE,,0.9598129833632687,740.9756231564435,738.0961842063537,745.7746880732598,738.0961842063537,742.89524912317
LG.DCE,20251222,772.0,784.5,780.0,785.5,775.5,778.0,780.0,-6.5,-4.5,4165.0,29252.52,11866.0,,LG2603.DCE,769.5,0.9493265947275518,738.5760906980353,740.4747438874904,745.6960401584919,736.2027742112164,740.4747438874904
LG.DCE,20251223,778.0,780.0,779.0,781.0,765.0,770.0,772.0,-10.0,-8.0,7028.0,48833.17,11779.0,,LG2603.DCE,,0.9493265947275518,730.9814779402149,739.5254172927628,741.424070482218,726.2348449665772,732.88013112967
LG.DCE,20251224,770.0,772.0,770.0,777.5,769.5,776.0,773.5,4.0,1.5,4210.0,29319.49,11667.0,,LG2603.DCE,,0.9493265947275518,736.6774375085802,730.9814779402149,738.1014274006715,730.506814642851,734.3041210217613
LG.DCE,20251225,776.0,773.5,776.0,779.5,775.5,778.0,777.5,4.5,4.0,2508.0,17556.45,11760.0,,LG2603.DCE,,0.9493265947275518,738.5760906980353,736.6774375085802,740.0000805901266,736.2027742112164,738.1014274006715
LG.DCE,20251226,778.0,777.5,778.0,781.0,771.0,776.5,776.0,-1.0,-1.5,3754.0,26230.76,11621.0,,LG2603.DCE,,0.9493265947275518,737.152100805944,738.5760906980353,741.424070482218,731.9308045349424,736.6774375085802
LG.DCE,20251229,776.5,776.0,778.0,780.5,773.5,776.0,776.0,0.0,0.0,3515.0,24564.38,11616.0,,LG2603.DCE,,0.9493265947275518,736.6774375085802,738.5760906980353,740.9494071848542,734.3041210217613,736.6774375085802
LG.DCE,20251230,776.0,776.0,778.0,779.0,775.0,776.0,776.5,0.0,0.5,3464.0,24214.08,11637.0,,LG2603.DCE,,0.9493265947275518,736.6774375085802,738.5760906980353,739.5254172927628,735.7281109138526,737.152100805944
LG.DCE,20251231,776.0,776.5,775.0,777.0,770.0,776.0,773.0,-0.5,-3.5,3954.0,27508.72,11382.0,,LG2603.DCE,,0.9493265947275518,736.6774375085802,735.7281109138526,737.6267641033078,730.9814779402149,733.8294577243976
LG.DCE,20260105,776.0,773.0,779.5,783.5,772.0,772.5,777.5,-0.5,4.5,4196.0,29376.21,11411.0,,LG2603.DCE,,0.9493265947275518,733.3547944270338,740.0000805901266,743.7973869690368,732.88013112967,738.1014274006715
LG.DCE,20260106,772.5,777.5,771.0,777.5,770.0,774.0,773.0,-3.5,-4.5,3439.0,23937.14,11436.0,,LG2603.DCE,,0.9493265947275518,734.7787843191251,731.9308045349424,738.1014274006715,730.9814779402149,733.8294577243976
LG.DCE,20260107,774.0,773.0,776.0,782.5,775.5,782.0,779.5,9.0,6.5,7627.0,53517.96,12397.0,,LG2603.DCE,,0.9493265947275518,742.3733970769455,736.6774375085802,742.8480603743093,736.2027742112164,740.0000805901266
LG.DCE,20260108,782.0,779.5,782.0,791.5,776.5,778.5,782.0,-1.0,2.5,8400.0,59135.72,12144.0,,LG2603.DCE,,0.9493265947275518,739.0507539953991,742.3733970769455,751.3919997268572,737.152100805944,742.3733970769455
LG.DCE,20260109,778.5,782.0,780.5,780.5,771.0,774.5,775.0,-7.5,-7.0,4792.0,33432.31,11930.0,,LG2603.DCE,,0.9493265947275518,735.2534476164889,740.9494071848542,740.9494071848542,731.9308045349424,735.7281109138526
LG.DCE,20260112,774.5,775.0,772.0,776.5,772.0,773.0,774.0,-2.0,-1.0,3437.0,23949.38,11977.0,,LG2603.DCE,,0.9493265947275518,733.8294577243976,732.88013112967,737.152100805944,732.88013112967,734.7787843191251
LG.DCE,20260113,773.0,774.0,772.0,775.5,772.0,774.5,773.0,0.5,-1.0,2730.0,19001.21,11723.0,,LG2603.DCE,,0.9493265947275518,735.2534476164889,732.88013112967,736.2027742112164,732.88013112967,733.8294577243976
LG.DCE,20260114,774.5,773.0,775.5,779.5,775.5,779.5,777.5,6.5,4.5,5321.0,37244.42,11615.0,,LG2603.DCE,,0.9493265947275518,740.0000805901266,736.2027742112164,740.0000805901266,736.2027742112164,738.1014274006715
LG.DCE,20260115,779.5,777.5,780.0,784.0,779.0,780.5,781.5,3.0,4.0,5281.0,37160.91,11835.0,,LG2603.DCE,,0.9493265947275518,740.9494071848542,740.4747438874904,744.2720502664006,739.5254172927628,741.8987337795817
LG.DCE,20260116,780.5,781.5,781.5,785.5,777.5,778.5,781.5,-3.0,0.0,5258.0,36982.36,11876.0,,LG2603.DCE,,0.9493265947275518,739.0507539953991,741.8987337795817,745.6960401584919,738.1014274006715,741.8987337795817
LG.DCE,20260119,778.5,781.5,780.0,780.0,763.0,763.0,768.5,-18.5,-13.0,11744.0,81251.34,13497.0,,LG2603.DCE,,0.9493265947275518,724.3361917771219,740.4747438874904,740.4747438874904,724.3361917771219,729.5574880481236
LG.DCE,20260120,763.0,768.5,760.5,763.0,755.0,756.0,758.0,-12.5,-10.5,8841.0,60321.56,15748.0,,LG2603.DCE,,0.9493265947275518,717.6909056140291,721.9628752903031,724.3361917771219,716.7415790193015,719.5895588034842
LG.DCE,20260121,756.0,758.0,753.5,767.0,751.5,764.0,758.5,6.0,0.5,8422.0,57512.34,15791.0,,LG2603.DCE,,0.9493265947275518,725.2855183718495,715.3175891272102,728.1334981560321,713.4189359377551,720.064222100848
LG.DCE,20260122,764.0,758.5,764.0,771.0,761.5,768.5,766.0,10.0,7.5,4760.0,32824.43,14921.0,,LG2603.DCE,,0.9493265947275518,729.5574880481236,725.2855183718495,731.9308045349424,722.9122018850306,727.1841715613047
LG.DCE,20260123,768.5,766.0,771.0,779.5,767.0,776.0,775.0,10.0,9.0,9430.0,65791.9,11610.0,,LG2603.DCE,,0.9493265947275518,736.6774375085802,731.9308045349424,740.0000805901266,728.1334981560321,735.7281109138526
LG.DCE,20260126,776.0,775.0,779.5,779.5,773.0,776.0,775.5,1.0,0.5,5068.0,35389.98,10481.0,,LG2603.DCE,,0.9493265947275518,736.6774375085802,740.0000805901266,740.0000805901266,733.8294577243976,736.2027742112164
LG.DCE,20260127,776.0,775.5,776.5,778.5,771.0,775.5,774.0,0.0,-1.5,3684.0,25670.79,10340.0,,LG2603.DCE,,0.9493265947275518,736.2027742112164,737.152100805944,739.0507539953991,731.9308045349424,734.7787843191251
LG.DCE,20260128,775.5,774.0,774.0,778.0,772.0,775.5,775.0,1.5,1.0,2751.0,19198.52,10129.0,,LG2603.DCE,,0.9493265947275518,736.2027742112164,734.7787843191251,738.5760906980353,732.88013112967,735.7281109138526
LG.DCE,20260129,775.5,775.0,775.0,790.5,773.0,785.0,782.0,10.0,7.0,9866.0,69467.22,10248.0,,LG2603.DCE,,0.9493265947275518,745.2213768611282,735.7281109138526,750.4426731321297,733.8294577243976,742.3733970769455
LG.DCE,20260130,785.0,782.0,789.0,799.5,788.0,798.0,794.0,16.0,12.0,15438.0,110369.01,10123.0,,LG2603.DCE,,0.9493265947275518,757.5626225925863,749.0186832400384,758.9866124846776,748.0693566453108,753.7653162136761
LG.DCE,20260202,798.0,794.0,805.0,805.0,791.5,795.0,797.0,1.0,3.0,11027.0,79133.68,9071.0,,LG2603.DCE,,0.9493265947275518,754.7146428084036,764.2079087556792,764.2079087556792,751.3919997268572,756.6132959978588
LG.DCE,20260203,795.0,797.0,798.0,802.0,792.0,801.0,797.0,4.0,0.0,6731.0,48296.48,8902.0,,LG2603.DCE,,0.9493265947275518,760.410602376769,757.5626225925863,761.3599289714965,751.866663024221,756.6132959978588
LG.DCE,20260204,801.0,797.0,801.0,810.5,798.0,807.5,802.5,10.5,5.5,8544.0,61741.28,9329.0,,LG2603.DCE,,0.9493265947275518,766.581225242498,760.410602376769,769.4292050266807,757.5626225925863,761.8345922688603
LG.DCE,20260205,807.5,802.5,809.0,813.0,799.0,802.0,806.5,-0.5,4.0,6656.0,48317.15,8922.0,,LG2603.DCE,,0.9493265947275518,761.3599289714965,768.0052151345894,771.8025215134996,758.5119491873138,765.6318986477705
LG.DCE,20260206,802.0,806.5,802.0,802.5,780.5,784.0,790.0,-22.5,-16.5,9069.0,64489.84,6990.0,,LG2603.DCE,,0.9493265947275518,744.2720502664006,761.3599289714965,761.8345922688603,740.9494071848542,749.9680098347659
LG.DCE,20260209,784.0,790.0,780.0,784.0,770.0,775.0,774.5,-15.0,-15.5,7702.0,53690.37,5279.0,,LG2603.DCE,,0.9493265947275518,735.7281109138526,740.4747438874904,744.2720502664006,730.9814779402149,735.2534476164889
LG.DCE,20260210,775.0,774.5,770.5,778.5,765.0,773.5,771.5,-1.0,-3.0,4155.0,28867.31,4525.0,,LG2603.DCE,,0.9493265947275518,734.3041210217613,731.4561412375787,739.0507539953991,726.2348449665772,732.4054678323062
LG.DCE,20260211,773.5,771.5,772.0,780.5,772.0,777.0,776.0,5.5,4.5,2566.0,17926.8,3972.0,,LG2603.DCE,,0.9493265947275518,737.6267641033078,732.88013112967,740.9494071848542,732.88013112967,736.6774375085802
LG.DCE,20260212,777.0,776.0,776.0,788.0,776.0,779.5,783.0,3.5,7.0,3795.0,26751.09,3142.0,,LG2603.DCE,,0.9493265947275518,740.0000805901266,736.6774375085802,748.0693566453108,736.6774375085802,743.322723671673
LG.DCE,20260213,779.5,783.0,775.0,789.0,775.0,787.5,783.0,4.5,0.0,2277.0,16052.58,2449.0,,LG2603.DCE,,0.9493265947275518,747.594693347947,735.7281109138526,749.0186832400384,735.7281109138526,743.322723671673
LG.DCE,20260224,787.5,783.0,780.0,796.5,780.0,788.5,791.0,5.5,8.0,1913.0,13623.63,2230.0,,LG2603.DCE,,0.9493265947275518,748.5440199426746,740.4747438874904,756.138632700495,740.4747438874904,750.9173364294934
LG.DCE,20260225,788.5,791.0,792.0,800.0,791.0,796.0,796.5,5.0,5.5,5126.0,36758.25,7108.0,,LG2605.DCE,797.5,0.9511155267527921,757.0879592952225,753.2834971882113,760.8924214022337,752.3323816614585,757.5635170585989
LG.DCE,20260226,796.0,796.5,798.0,798.0,793.5,793.5,795.0,-3.0,-1.5,2378.0,17014.75,7298.0,,LG2605.DCE,,0.9511155267527921,754.7101704783405,758.9901903487281,758.9901903487281,754.7101704783405,756.1368437684697
LG.DCE,20260227,793.5,795.0,795.0,799.0,790.5,798.5,795.0,3.5,0.0,3161.0,22617.73,7605.0,,LG2605.DCE,,0.9511155267527921,759.4657481121045,756.1368437684697,759.9413058754809,751.8568238980821,756.1368437684697
