ts_code,trade_date,pre_close,pre_settle,open,high,low,close,settle,change1,change2,vol,amount,oi,oi_chg
A.DCE,20230720,5103.0,5125.0,5108.0,5133.0,5075.0,5087.0,5100.0,-38.0,-25.0,213031.0,1086640.91,141838.0,
A2309.DCE,20230720,5103.0,5125.0,5108.0,5133.0,5075.0,5087.0,5100.0,-38.0,-25.0,213031.0,1086640.91,141838.0,1946.0
A2311.DCE,20230720,5031.0,5044.0,5046.0,5055.0,5012.0,5018.0,5032.0,-26.0,-12.0,34332.0,172771.99,47457.0,828.0
A2401.DCE,20230720,4991.0,5001.0,5004.0,5016.0,4975.0,4979.0,4994.0,-22.0,-7.0,7662.0,38266.9,17638.0,303.0
A2403.DCE,20230720,4964.0,4959.0,4963.0,4976.0,4930.0,4947.0,4954.0,-12.0,-5.0,338.0,1674.76,5758.0,59.0
A2405.DCE,20230720,4956.0,4952.0,4971.0,4974.0,4936.0,4947.0,4958.0,-5.0,6.0,183.0,907.32,1434.0,22.0
A2407.DCE,20230720,4934.0,4938.0,4949.0,4949.0,4931.0,4931.0,4939.0,-7.0,1.0,21.0,103.73,34.0,7.0
AG.SHF,20230720,5924.0,5902.0,5950.0,5983.0,5917.0,5932.0,5950.0,30.0,48.0,722886.0,6452399.28,439506.0,
AG2308.SHF,20230720,5906.0,5879.0,5927.0,5963.0,5896.0,5911.0,5928.0,32.0,49.0,113071.0,1005443.0,120583.0,-24711.0
AG2309.SHF,20230720,5912.0,5895.0,5935.0,5972.0,5906.0,5920.0,5937.0,25.0,42.0,24454.0,217796.74,65355.0,-740.0
AG2310.SHF,20230720,5924.0,5902.0,5950.0,5983.0,5917.0,5932.0,5950.0,30.0,48.0,722886.0,6452399.28,439506.0,-4141.0
AG2311.SHF,20230720,5935.0,5928.0,5962.0,5989.0,5924.0,5938.0,5956.0,10.0,28.0,4776.0,42674.97,17073.0,-42.0
AG2312.SHF,20230720,5939.0,5914.0,5970.0,5996.0,5930.0,5946.0,5962.0,32.0,48.0,170881.0,1528374.97,361027.0,1501.0
AG2401.SHF,20230720,5951.0,5924.0,5980.0,6006.0,5943.0,5959.0,5976.0,35.0,52.0,14382.0,128930.61,30710.0,-453.0
AG2402.SHF,20230720,5961.0,5952.0,5996.0,6018.0,5955.0,5971.0,5987.0,19.0,35.0,6965.0,62556.15,28047.0,364.0
AG2403.SHF,20230720,5974.0,5975.0,6007.0,6027.0,5967.0,5978.0,5998.0,3.0,23.0,768.0,6910.54,3389.0,3.0
AG2404.SHF,20230720,5983.0,5990.0,6015.0,6037.0,5977.0,5996.0,6007.0,6.0,17.0,4543.0,40938.7,5135.0,2173.0
AG2405.SHF,20230720,5995.0,5991.0,6014.0,6052.0,5992.0,6007.0,6022.0,16.0,31.0,680.0,6143.08,3211.0,-87.0
AG2406.SHF,20230720,6011.0,6014.0,6043.0,6062.0,6001.0,6016.0,6032.0,2.0,18.0,2692.0,24358.72,12519.0,303.0
AG2407.SHF,20230720,6020.0,6002.0,6049.0,6066.0,6011.0,6024.0,6039.0,22.0,37.0,128.0,1159.49,214.0,24.0
AGL.SHF,20230720,5906.0,5879.0,5927.0,5963.0,5896.0,5911.0,5928.0,32.0,49.0,113071.0,1005443.0,120583.0,
AL.DCE,20230720,5103.0,5125.0,5108.0,5133.0,5075.0,5087.0,5100.0,-38.0,-25.0,213031.0,1086640.91,141838.0,
AL.SHF,20230720,18255.0,18210.0,18255.0,18345.0,18205.0,18275.0,18275.0,65.0,65.0,150139.0,1372015.24,171860.0,
AL2308.SHF,20230720,18255.0,18210.0,18255.0,18345.0,18205.0,18275.0,18275.0,65.0,65.0,150139.0,1372015.24,171860.0,-6778.0
AL2309.SHF,20230720,18190.0,18155.0,18180.0,18280.0,18160.0,18230.0,18220.0,75.0,65.0,112243.0,1022628.8,184409.0,6546.0
AL2310.SHF,20230720,18120.0,18100.0,18110.0,18200.0,18090.0,18170.0,18150.0,70.0,50.0,29315.0,266035.08,76580.0,1872.0
AL2311.SHF,20230720,18060.0,18040.0,18090.0,18125.0,18010.0,18090.0,18080.0,50.0,40.0,13240.0,119700.22,29113.0,2950.0
AL2312.SHF,20230720,18000.0,17980.0,18000.0,18070.0,17965.0,18030.0,18020.0,50.0,40.0,9409.0,84796.05,25173.0,-2459.0
AL2401.SHF,20230720,17970.0,17950.0,17975.0,18035.0,17925.0,18005.0,17985.0,55.0,35.0,906.0,8147.33,10830.0,44.0
AL2402.SHF,20230720,18000.0,17975.0,18020.0,18030.0,17970.0,18010.0,18010.0,35.0,35.0,186.0,1675.05,3254.0,13.0
AL2403.SHF,20230720,18000.0,17990.0,18060.0,18065.0,17960.0,18025.0,18010.0,35.0,20.0,52.0,468.3,1285.0,2.0
AL2404.SHF,20230720,18020.0,18005.0,18060.0,18085.0,18005.0,18040.0,18050.0,35.0,45.0,31.0,279.8,555.0,29.0
AL2405.SHF,20230720,18020.0,18005.0,18075.0,18080.0,18010.0,18045.0,18060.0,40.0,55.0,9.0,81.29,509.0,2.0
AL2406.SHF,20230720,18020.0,17995.0,18015.0,18025.0,18015.0,18025.0,18015.0,30.0,20.0,3.0,27.03,681.0,-1.0
AL2407.SHF,20230720,18000.0,18000.0,18035.0,18035.0,18030.0,18030.0,18030.0,30.0,30.0,4.0,36.07,6.0,4.0
ALL.SHF,20230720,18255.0,18210.0,18255.0,18345.0,18205.0,18275.0,18275.0,65.0,65.0,150139.0,1372015.24,171860.0,
AO.SHF,20230720,2821.0,2817.0,2820.0,2908.0,2817.0,2881.0,2867.0,64.0,50.0,166378.0,954237.89,113120.0,
AO2311.SHF,20230720,2821.0,2817.0,2820.0,2908.0,2817.0,2881.0,2867.0,64.0,50.0,166378.0,954237.89,113120.0,7582.0
AO2312.SHF,20230720,2800.0,2797.0,2802.0,2884.0,2797.0,2856.0,2838.0,59.0,41.0,42600.0,241866.34,103013.0,3333.0
AO2401.SHF,20230720,2775.0,2771.0,2777.0,2858.0,2772.0,2834.0,2817.0,63.0,46.0,1172.0,6603.68,2357.0,-239.0
AO2402.SHF,20230720,2761.0,2760.0,2761.0,2836.0,2760.0,2817.0,2802.0,57.0,42.0,81.0,453.94,854.0,-17.0
AO2403.SHF,20230720,2764.0,2764.0,2766.0,2821.0,2766.0,2810.0,2795.0,46.0,31.0,24.0,134.2,402.0,-1.0
AO2404.SHF,20230720,2768.0,2766.0,2770.0,2833.0,2770.0,2794.0,2801.0,28.0,35.0,34.0,190.53,216.0,-2.0
AO2405.SHF,20230720,2765.0,2766.0,2768.0,2838.0,2768.0,2813.0,2803.0,47.0,37.0,65.0,364.43,184.0,-10.0
AO2406.SHF,20230720,2769.0,2768.0,2770.0,2830.0,2767.0,2806.0,2794.0,38.0,26.0,179.0,1000.37,438.0,-98.0
AO2407.SHF,20230720,2754.0,2754.0,2778.0,2825.0,2769.0,2810.0,2796.0,56.0,42.0,11.0,61.52,1.0,1.0
AOL.SHF,20230720,2821.0,2817.0,2820.0,2908.0,2817.0,2881.0,2867.0,64.0,50.0,166378.0,954237.89,113120.0,
AP.ZCE,20230720,8648.0,8647.0,8645.0,8714.0,8635.0,8687.0,8683.0,40.0,36.0,84932.0,737439.25,154311.0,
AP2310.ZCE,20230720,8648.0,8647.0,8645.0,8714.0,8635.0,8687.0,8683.0,40.0,36.0,84932.0,737439.25,154311.0,8100.0
AP2311.ZCE,20230720,8490.0,8487.0,8498.0,8548.0,8498.0,8527.0,8529.0,40.0,42.0,266.0,2268.6,10072.0,54.0
AP2312.ZCE,20230720,8500.0,8514.0,8531.0,8574.0,8527.0,8556.0,8553.0,42.0,39.0,147.0,1257.29,4503.0,-13.0
AP2401.ZCE,20230720,8581.0,8576.0,8570.0,8616.0,8570.0,8601.0,8596.0,25.0,20.0,2591.0,22273.47,21442.0,294.0
AP2403.ZCE,20230720,8542.0,8560.0,8587.0,8606.0,8533.0,8557.0,8570.0,-3.0,10.0,48.0,411.36,1426.0,-6.0
AP2404.ZCE,20230720,8581.0,8593.0,8614.0,8622.0,8593.0,8595.0,8605.0,2.0,12.0,5.0,43.03,160.0,1.0
AP2405.ZCE,20230720,8656.0,8646.0,8667.0,8682.0,8639.0,8652.0,8659.0,6.0,13.0,90.0,779.29,981.0,2.0
APL.ZCE,20230720,8648.0,8647.0,8645.0,8714.0,8635.0,8687.0,8683.0,40.0,36.0,84932.0,737439.25,154311.0,
AU.SHF,20230720,462.48,460.48,462.98,463.68,461.12,461.96,462.64,1.48,2.16,194080.0,8979026.87,231248.0,
AU2308.SHF,20230720,461.48,459.46,461.98,462.72,460.22,461.04,461.56,1.58,2.1,24406.0,1126519.78,32621.0,-2877.0
AU2309.SHF,20230720,461.54,459.32,462.34,462.88,460.42,461.06,461.8,1.74,2.48,109.0,5033.65,142.0,-9.0
AU2310.SHF,20230720,462.48,460.48,462.98,463.68,461.12,461.96,462.64,1.48,2.16,194080.0,8979026.87,231248.0,4089.0
AU2312.SHF,20230720,463.32,461.42,464.1,464.52,462.02,462.86,463.44,1.44,2.02,20849.0,966242.35,126551.0,110.0
AU2402.SHF,20230720,464.16,462.5,464.66,465.38,463.02,463.88,464.5,1.38,2.0,3077.0,142930.25,10148.0,76.0
AU2404.SHF,20230720,464.76,463.34,465.5,465.88,463.88,464.64,465.52,1.3,2.18,1696.0,78952.75,4501.0,678.0
AU2406.SHF,20230720,465.36,463.86,466.08,466.48,464.52,465.22,465.7,1.36,1.84,897.0,41773.46,3625.0,217.0
AU2408.SHF,20230720,465.74,464.72,466.5,466.66,465.14,465.7,466.02,0.98,1.3,109.0,5079.79,260.0,16.0
AUL.SHF,20230720,461.48,459.46,461.98,462.72,460.22,461.04,461.56,1.58,2.1,24406.0,1126519.78,32621.0,
B.DCE,20230720,4745.0,4730.0,4780.0,4817.0,4740.0,4771.0,4775.0,41.0,45.0,50902.0,243085.82,13431.0,
B2308.DCE,20230720,4745.0,4730.0,4780.0,4817.0,4740.0,4771.0,4775.0,41.0,45.0,50902.0,243085.82,13431.0,-2242.0
B2309.DCE,20230720,4716.0,4694.0,4756.0,4797.0,4728.0,4755.0,4758.0,61.0,64.0,65939.0,313773.19,55105.0,-377.0
B2310.DCE,20230720,4698.0,4677.0,4758.0,4778.0,4711.0,4741.0,4741.0,64.0,64.0,4646.0,22029.32,6769.0,160.0
B2311.DCE,20230720,4633.0,4624.0,4666.0,4716.0,4660.0,4660.0,4685.0,36.0,61.0,1133.0,5309.17,3121.0,84.0
B2312.DCE,20230720,4524.0,4530.0,4587.0,4600.0,4550.0,4562.0,4581.0,32.0,51.0,40.0,183.26,214.0,-1.0
B2401.DCE,20230720,4402.0,4378.0,4419.0,4472.0,4419.0,4443.0,4448.0,65.0,70.0,299.0,1330.25,1158.0,53.0
B2402.DCE,20230720,4302.0,4301.0,4336.0,4369.0,4328.0,4366.0,4346.0,65.0,45.0,14.0,60.85,45.0,1.0
B2403.DCE,20230720,4185.0,4169.0,4213.0,4288.0,4213.0,4269.0,4264.0,100.0,95.0,26.0,110.88,68.0,-18.0
B2404.DCE,20230720,4117.0,4098.0,4190.0,4190.0,4190.0,4190.0,4174.0,92.0,76.0,2.0,8.35,42.0,0.0
B2405.DCE,20230720,3983.0,3955.0,4020.0,4045.0,3998.0,4028.0,4028.0,73.0,73.0,168.0,676.72,810.0,-12.0
B2406.DCE,20230720,3956.0,3927.0,4021.0,4032.0,4008.0,4032.0,4021.0,105.0,94.0,18.0,72.38,267.0,7.0
B2407.DCE,20230720,3949.0,3940.0,4030.0,4030.0,4009.0,4009.0,4023.0,69.0,83.0,15.0,60.34,16.0,5.0
BB.DCE,20230720,400.0,400.0,,,,400.0,400.0,0.0,0.0,0.0,0.0,0.0,
BB2308.DCE,20230720,400.0,400.0,,,,400.0,400.0,0.0,0.0,0.0,0.0,0.0,0.0
BB2309.DCE,20230720,400.0,400.0,,,,400.0,400.0,0.0,0.0,0.0,0.0,0.0,0.0
BB2310.DCE,20230720,400.0,400.0,,,,400.0,400.0,0.0,0.0,0.0,0.0,0.0,0.0
BB2311.DCE,20230720,400.0,400.0,,,,400.0,400.0,0.0,0.0,0.0,0.0,0.0,0.0
BB2312.DCE,20230720,400.0,400.0,,,,400.0,400.0,0.0,0.0,0.0,0.0,0.0,0.0
BB2401.DCE,20230720,400.0,400.0,,,,400.0,400.0,0.0,0.0,0.0,0.0,0.0,0.0
BB2402.DCE,20230720,400.0,400.0,,,,400.0,400.0,0.0,0.0,0.0,0.0,0.0,0.0
BB2403.DCE,20230720,400.0,400.0,,,,400.0,400.0,0.0,0.0,0.0,0.0,0.0,0.0
BB2404.DCE,20230720,400.0,400.0,,,,400.0,400.0,0.0,0.0,0.0,0.0,0.0,0.0
BB2405.DCE,20230720,400.0,400.0,,,,400.0,400.0,0.0,0.0,0.0,0.0,0.0,0.0
BB2406.DCE,20230720,400.0,400.0,,,,400.0,400.0,0.0,0.0,0.0,0.0,0.0,0.0
BB2407.DCE,20230720,400.0,400.0,,,,400.0,400.0,0.0,0.0,0.0,0.0,0.0,0.0
BBL.DCE,20230720,400.0,400.0,,,,400.0,400.0,0.0,0.0,0.0,0.0,0.0,
BC.INE,20230720,60970.0,60720.0,60760.0,60980.0,60600.0,60770.0,60780.0,50.0,60.0,15937.0,484384.41,44006.0,
BC2308.INE,20230720,61140.0,60960.0,61110.0,61110.0,60780.0,60960.0,61030.0,0.0,70.0,110.0,3356.89,511.0,-52.0
BC2309.INE,20230720,61040.0,60730.0,60790.0,60980.0,60600.0,60780.0,60790.0,50.0,60.0,8146.0,247602.68,19875.0,-444.0
BC2310.INE,20230720,60970.0,60720.0,60760.0,60980.0,60600.0,60770.0,60780.0,50.0,60.0,15937.0,484384.41,44006.0,2687.0
BC2311.INE,20230720,60840.0,60570.0,60600.0,60840.0,60450.0,60640.0,60660.0,70.0,90.0,3487.0,105767.16,895.0,85.0
BC2312.INE,20230720,60360.0,60360.0,,,,60360.0,60360.0,0.0,0.0,0.0,0.0,1.0,0.0
BC2401.INE,20230720,60800.0,60800.0,,,,60800.0,60800.0,0.0,0.0,0.0,0.0,1.0,0.0
BC2402.INE,20230720,60010.0,60010.0,,,,60010.0,60010.0,0.0,0.0,0.0,0.0,1.0,0.0
BC2403.INE,20230720,60390.0,60390.0,,,,60390.0,60390.0,0.0,0.0,0.0,0.0,0.0,0.0
BC2404.INE,20230720,59680.0,59680.0,,,,59680.0,59680.0,0.0,0.0,0.0,0.0,0.0,0.0
BC2405.INE,20230720,59700.0,59700.0,,,,59700.0,59700.0,0.0,0.0,0.0,0.0,0.0,0.0
BC2406.INE,20230720,59260.0,59260.0,,,,59260.0,59260.0,0.0,0.0,0.0,0.0,0.0,0.0
BC2407.INE,20230720,59260.0,59260.0,,,,59260.0,59260.0,0.0,0.0,0.0,0.0,0.0,0.0
BCL.INE,20230720,61140.0,60960.0,61110.0,61110.0,60780.0,60960.0,61030.0,0.0,70.0,110.0,3356.89,511.0,
BL.DCE,20230720,4745.0,4730.0,4780.0,4817.0,4740.0,4771.0,4775.0,41.0,45.0,50902.0,243085.82,13431.0,
BU.SHF,20230720,3770.0,3763.0,3790.0,3811.0,3764.0,3774.0,3786.0,11.0,23.0,213445.0,808252.39,374521.0,
BU2308.SHF,20230720,3899.0,3897.0,3908.0,3930.0,3891.0,3899.0,3915.0,2.0,18.0,2622.0,10266.44,12719.0,-735.0
BU2309.SHF,20230720,3831.0,3826.0,3843.0,3870.0,3828.0,3834.0,3846.0,8.0,20.0,14538.0,55927.68,55622.0,-2510.0
BU2310.SHF,20230720,3770.0,3763.0,3790.0,3811.0,3764.0,3774.0,3786.0,11.0,23.0,213445.0,808252.39,374521.0,8947.0
BU2311.SHF,20230720,3709.0,3703.0,3720.0,3747.0,3704.0,3710.0,3723.0,7.0,20.0,62862.0,234090.44,166957.0,2568.0
BU2312.SHF,20230720,3645.0,3640.0,3654.0,3684.0,3644.0,3648.0,3663.0,8.0,23.0,11930.0,43702.99,68652.0,811.0
BU2401.SHF,20230720,3592.0,3585.0,3604.0,3628.0,3582.0,3582.0,3604.0,-3.0,19.0,166.0,598.4,532.0,21.0
BU2402.SHF,20230720,3577.0,3563.0,3600.0,3600.0,3584.0,3584.0,3590.0,21.0,27.0,3.0,10.77,1052.0,0.0
BU2403.SHF,20230720,3563.0,3554.0,3581.0,3591.0,3559.0,3559.0,3581.0,5.0,27.0,30.0,107.44,5390.0,6.0
BU2404.SHF,20230720,3550.0,3548.0,3541.0,3573.0,3512.0,3556.0,3552.0,8.0,4.0,11.0,39.08,46.0,6.0
BU2405.SHF,20230720,3533.0,3535.0,,,,3537.0,3537.0,2.0,2.0,0.0,0.0,211.0,0.0
BU2406.SHF,20230720,3524.0,3516.0,3530.0,3555.0,3523.0,3534.0,3537.0,18.0,21.0,69.0,244.1,2145.0,19.0
BU2407.SHF,20230720,3496.0,3496.0,3539.0,3595.0,3412.0,3537.0,3519.0,41.0,23.0,11.0,38.71,2.0,2.0
BU2409.SHF,20230720,3492.0,3485.0,3492.0,3520.0,3489.0,3489.0,3504.0,4.0,19.0,21.0,73.59,4545.0,-4.0
BU2412.SHF,20230720,3442.0,3443.0,3461.0,3462.0,3445.0,3445.0,3454.0,2.0,11.0,6.0,20.73,113.0,-2.0
BU2503.SHF,20230720,3398.0,3399.0,3410.0,3418.0,3390.0,3407.0,3407.0,8.0,8.0,5.0,17.04,460.0,1.0
BU2506.SHF,20230720,3398.0,3400.0,3417.0,3417.0,3417.0,3417.0,3417.0,17.0,17.0,1.0,3.42,20.0,-1.0
BUL.SHF,20230720,3899.0,3897.0,3908.0,3930.0,3891.0,3899.0,3915.0,2.0,18.0,2622.0,10266.44,12719.0,
C.DCE,20230720,2719.0,2720.0,2729.0,2731.0,2713.0,2719.0,2720.0,-1.0,0.0,336457.0,915493.46,719650.0,
C2309.DCE,20230720,2719.0,2720.0,2729.0,2731.0,2713.0,2719.0,2720.0,-1.0,0.0,336457.0,915493.46,719650.0,-33980.0
C2311.DCE,20230720,2627.0,2615.0,2635.0,2643.0,2628.0,2634.0,2634.0,19.0,19.0,122943.0,323954.2,355628.0,-5225.0
C2401.DCE,20230720,2595.0,2582.0,2601.0,2611.0,2590.0,2599.0,2602.0,17.0,20.0,79752.0,207588.44,208644.0,3436.0
C2403.DCE,20230720,2577.0,2563.0,2583.0,2593.0,2571.0,2581.0,2584.0,18.0,21.0,64650.0,167113.34,89664.0,1338.0
C2405.DCE,20230720,2594.0,2582.0,2602.0,2612.0,2590.0,2598.0,2605.0,16.0,23.0,20972.0,54633.49,27522.0,3831.0
C2407.DCE,20230720,2588.0,2580.0,2605.0,2606.0,2582.0,2590.0,2596.0,10.0,16.0,311.0,807.43,796.0,16.0
CF.ZCE,20230720,17160.0,16985.0,17195.0,17300.0,17105.0,17145.0,17175.0,160.0,190.0,311724.0,2677018.04,415173.0,
CF2309.ZCE,20230720,17160.0,16985.0,17195.0,17300.0,17105.0,17145.0,17175.0,160.0,190.0,311724.0,2677018.04,415173.0,-12897.0
CF2311.ZCE,20230720,17260.0,17065.0,17275.0,17395.0,17195.0,17240.0,17265.0,175.0,200.0,97852.0,844762.33,261084.0,2741.0
CF2401.ZCE,20230720,17205.0,17010.0,17230.0,17345.0,17125.0,17195.0,17220.0,185.0,210.0,324574.0,2794359.72,416906.0,23427.0
CF2403.ZCE,20230720,17070.0,16890.0,17100.0,17200.0,16990.0,17065.0,17080.0,175.0,190.0,16915.0,144452.08,89681.0,3108.0
CF2405.ZCE,20230720,16895.0,16750.0,16915.0,17025.0,16840.0,16905.0,16915.0,155.0,165.0,2903.0,24555.73,9852.0,52.0
CF2407.ZCE,20230720,16820.0,16665.0,16860.0,16915.0,16800.0,16855.0,16855.0,190.0,190.0,258.0,2174.17,544.0,209.0
CFL.ZCE,20230720,17160.0,16985.0,17195.0,17300.0,17105.0,17145.0,17175.0,160.0,190.0,311724.0,2677018.04,415173.0,
CJ.ZCE,20230720,11280.0,11355.0,11305.0,11475.0,11185.0,11255.0,11310.0,-100.0,-45.0,95001.0,537215.62,50158.0,
CJ2309.ZCE,20230720,11280.0,11355.0,11305.0,11475.0,11185.0,11255.0,11310.0,-100.0,-45.0,95001.0,537215.62,50158.0,-3440.0
CJ2312.ZCE,20230720,12855.0,12860.0,12945.0,13100.0,12810.0,12935.0,12990.0,75.0,130.0,260.0,1688.59,1734.0,27.0
CJ2401.ZCE,20230720,12985.0,12975.0,13015.0,13240.0,12935.0,13050.0,13080.0,75.0,105.0,19972.0,130593.91,28952.0,991.0
CJ2403.ZCE,20230720,12870.0,12875.0,12910.0,13110.0,12910.0,12945.0,13005.0,70.0,130.0,112.0,728.19,775.0,77.0
CJ2405.ZCE,20230720,13025.0,12990.0,13035.0,13250.0,12980.0,13055.0,13110.0,65.0,120.0,549.0,3599.3,1563.0,31.0
CJ2407.ZCE,20230720,13060.0,13010.0,13075.0,13205.0,13075.0,13125.0,13135.0,115.0,125.0,18.0,118.2,84.0,10.0
CJL.ZCE,20230720,11280.0,11355.0,11305.0,11475.0,11185.0,11255.0,11310.0,-100.0,-45.0,95001.0,537215.62,50158.0,
CL.DCE,20230720,2719.0,2720.0,2729.0,2731.0,2713.0,2719.0,2720.0,-1.0,0.0,336457.0,915493.46,719650.0,
CS.DCE,20230720,3067.0,3076.0,3076.0,3080.0,3057.0,3065.0,3067.0,-11.0,-9.0,119803.0,367496.95,170544.0,
CS2309.DCE,20230720,3067.0,3076.0,3076.0,3080.0,3057.0,3065.0,3067.0,-11.0,-9.0,119803.0,367496.95,170544.0,-6545.0
CS2311.DCE,20230720,2927.0,2920.0,2933.0,2949.0,2931.0,2947.0,2940.0,27.0,20.0,31991.0,94076.35,60043.0,-1359.0
CS2401.DCE,20230720,2904.0,2898.0,2912.0,2929.0,2910.0,2927.0,2919.0,29.0,21.0,11162.0,32587.74,24397.0,-2910.0
CS2403.DCE,20230720,2865.0,2858.0,2875.0,2889.0,2871.0,2886.0,2880.0,28.0,22.0,125.0,360.12,3731.0,12.0
CS2405.DCE,20230720,2886.0,2882.0,2899.0,2909.0,2896.0,2906.0,2903.0,24.0,21.0,641.0,1860.94,3747.0,5.0
CS2407.DCE,20230720,2886.0,2877.0,2889.0,2900.0,2888.0,2895.0,2894.0,18.0,17.0,65.0,188.15,66.0,51.0
CSL.DCE,20230720,3067.0,3076.0,3076.0,3080.0,3057.0,3065.0,3067.0,-11.0,-9.0,119803.0,367496.95,170544.0,
CU.SHF,20230720,68760.0,68470.0,68450.0,68730.0,68340.0,68500.0,68520.0,30.0,50.0,62899.0,2155103.95,167531.0,
CU2308.SHF,20230720,68760.0,68470.0,68450.0,68730.0,68340.0,68500.0,68520.0,30.0,50.0,62899.0,2155103.95,167531.0,-6360.0
CU2309.SHF,20230720,68550.0,68240.0,68330.0,68540.0,68160.0,68340.0,68330.0,100.0,90.0,52244.0,1785162.72,152961.0,122.0
CU2310.SHF,20230720,68320.0,68070.0,68150.0,68340.0,67960.0,68150.0,68130.0,80.0,60.0,16051.0,546825.28,61693.0,1705.0
CU2311.SHF,20230720,68200.0,67910.0,67950.0,68160.0,67790.0,67910.0,67930.0,0.0,20.0,9080.0,308442.09,30202.0,3235.0
CU2312.SHF,20230720,68010.0,67680.0,67810.0,68040.0,67680.0,67800.0,67830.0,120.0,150.0,3861.0,130948.8,24693.0,1226.0
CU2401.SHF,20230720,68000.0,67640.0,67730.0,67950.0,67600.0,67760.0,67730.0,120.0,90.0,484.0,16391.44,5507.0,16.0
CU2402.SHF,20230720,67850.0,67610.0,67790.0,67890.0,67560.0,67710.0,67720.0,100.0,110.0,84.0,2844.28,3695.0,57.0
CU2403.SHF,20230720,67800.0,67660.0,67700.0,67920.0,67560.0,67730.0,67760.0,70.0,100.0,99.0,3354.51,3271.0,17.0
CU2404.SHF,20230720,67990.0,67710.0,67720.0,67830.0,67690.0,67810.0,67730.0,100.0,20.0,23.0,778.98,1906.0,14.0
CU2405.SHF,20230720,67820.0,67660.0,67770.0,67940.0,67650.0,67770.0,67830.0,110.0,170.0,51.0,1729.87,706.0,19.0
CU2406.SHF,20230720,67860.0,67660.0,67750.0,67870.0,67520.0,67670.0,67690.0,10.0,30.0,65.0,2200.12,321.0,46.0
CU2407.SHF,20230720,67800.0,67730.0,67670.0,67890.0,67650.0,67670.0,67730.0,-60.0,0.0,9.0,304.8,18.0,4.0
CUL.SHF,20230720,68760.0,68470.0,68450.0,68730.0,68340.0,68500.0,68520.0,30.0,50.0,62899.0,2155103.95,167531.0,
CY.ZCE,20230720,23885.0,23750.0,23880.0,24030.0,23815.0,23840.0,23895.0,90.0,145.0,4043.0,48304.22,4467.0,
CY2308.ZCE,20230720,,23610.0,,,,,23755.0,,145.0,0.0,0.0,1.0,0.0
CY2309.ZCE,20230720,23885.0,23750.0,23880.0,24030.0,23815.0,23840.0,23895.0,90.0,145.0,4043.0,48304.22,4467.0,114.0
CY2310.ZCE,20230720,,23945.0,,,,,24090.0,,145.0,0.0,0.0,3.0,0.0
CY2311.ZCE,20230720,,23830.0,,,,,23975.0,,145.0,0.0,0.0,2.0,0.0
CY2312.ZCE,20230720,,23975.0,,,,,23975.0,,0.0,0.0,0.0,2.0,0.0
CY2401.ZCE,20230720,23940.0,23905.0,24185.0,24200.0,24105.0,24155.0,24170.0,250.0,265.0,10.0,120.86,54.0,-1.0
CY2402.ZCE,20230720,,24160.0,,,,,24430.0,,270.0,0.0,0.0,0.0,0.0
CY2403.ZCE,20230720,,23805.0,,,,,24070.0,,265.0,0.0,0.0,0.0,0.0
CY2404.ZCE,20230720,,23895.0,,,,,23895.0,,0.0,0.0,0.0,0.0,0.0
CY2405.ZCE,20230720,,23850.0,,,,,23865.0,,15.0,0.0,0.0,3.0,0.0
CY2406.ZCE,20230720,,23700.0,,,,,23965.0,,265.0,0.0,0.0,0.0,0.0
CY2407.ZCE,20230720,,23700.0,,,,,23700.0,,0.0,0.0,0.0,0.0,0.0
CYL.ZCE,20230720,,23610.0,,,,,23755.0,,145.0,0.0,0.0,1.0,
EB.DCE,20230720,7956.0,7895.0,7900.0,7957.0,7801.0,7887.0,7879.0,-8.0,-16.0,376820.0,1484567.04,271058.0,
EB2307.DCE,20230720,8088.0,8101.0,7985.0,8049.0,7618.0,8044.0,7972.0,-57.0,-129.0,74.0,294.98,816.0,0.0
EB2308.DCE,20230720,7956.0,7991.0,7988.0,8030.0,7873.0,7945.0,7952.0,-46.0,-39.0,140608.0,559061.33,79730.0,-26898.0
EB2309.DCE,20230720,7874.0,7895.0,7900.0,7957.0,7801.0,7887.0,7879.0,-8.0,-16.0,376820.0,1484567.04,271058.0,20828.0
EB2310.DCE,20230720,7781.0,7778.0,7809.0,7867.0,7719.0,7797.0,7790.0,19.0,12.0,51402.0,200233.96,81783.0,5660.0
EB2311.DCE,20230720,7707.0,7694.0,7717.0,7789.0,7648.0,7719.0,7715.0,25.0,21.0,19834.0,76515.71,29724.0,2091.0
EB2312.DCE,20230720,7655.0,7636.0,7679.0,7736.0,7600.0,7663.0,7666.0,27.0,30.0,8398.0,32190.43,13728.0,375.0
EB2401.DCE,20230720,7623.0,7607.0,7647.0,7700.0,7573.0,7636.0,7635.0,29.0,28.0,1065.0,4066.06,4980.0,35.0
EB2402.DCE,20230720,7579.0,7592.0,7620.0,7641.0,7581.0,7582.0,7611.0,-10.0,19.0,31.0,117.97,280.0,17.0
EB2403.DCE,20230720,7560.0,7586.0,7601.0,7624.0,7579.0,7580.0,7596.0,-6.0,10.0,29.0,110.15,766.0,4.0
EB2404.DCE,20230720,7491.0,7491.0,7600.0,7627.0,7594.0,7607.0,7613.0,116.0,122.0,19.0,72.32,212.0,3.0
EB2405.DCE,20230720,7537.0,7559.0,7592.0,7650.0,7561.0,7610.0,7632.0,51.0,73.0,163.0,622.06,922.0,7.0
EB2406.DCE,20230720,7528.0,7542.0,7535.0,7535.0,7535.0,7535.0,7567.0,-7.0,25.0,2.0,7.57,66.0,0.0
EBL.DCE,20230720,8088.0,8101.0,7985.0,8049.0,7618.0,8044.0,7972.0,-57.0,-129.0,74.0,294.98,816.0,
EG.DCE,20230720,4140.0,4137.0,4147.0,4182.0,4127.0,4137.0,4148.0,0.0,11.0,263280.0,1092165.8,416480.0,
EG2307.DCE,20230720,3976.0,3976.0,,,,3976.0,3976.0,0.0,0.0,0.0,0.0,0.0,0.0
EG2308.DCE,20230720,4090.0,4073.0,4082.0,4131.0,4082.0,4087.0,4099.0,14.0,26.0,1861.0,7628.63,5097.0,-1346.0
EG2309.DCE,20230720,4140.0,4137.0,4147.0,4182.0,4127.0,4137.0,4148.0,0.0,11.0,263280.0,1092165.8,416480.0,-2644.0
EG2310.DCE,20230720,4177.0,4174.0,4182.0,4218.0,4167.0,4176.0,4185.0,2.0,11.0,30619.0,128154.36,67467.0,-685.0
EG2311.DCE,20230720,4211.0,4204.0,4212.0,4247.0,4200.0,4207.0,4216.0,3.0,12.0,20934.0,88270.64,39654.0,300.0
EG2312.DCE,20230720,4235.0,4229.0,4237.0,4270.0,4223.0,4231.0,4241.0,2.0,12.0,3791.0,16079.79,23292.0,461.0
EG2401.DCE,20230720,4255.0,4248.0,4261.0,4285.0,4239.0,4250.0,4258.0,2.0,10.0,14499.0,61740.28,49611.0,-1.0
EG2402.DCE,20230720,4274.0,4268.0,4276.0,4304.0,4260.0,4268.0,4277.0,0.0,9.0,4719.0,20185.73,12010.0,-74.0
EG2403.DCE,20230720,4284.0,4280.0,4289.0,4317.0,4272.0,4281.0,4289.0,1.0,9.0,4679.0,20071.16,7138.0,35.0
EG2404.DCE,20230720,4332.0,4332.0,4341.0,4341.0,4341.0,4341.0,4341.0,9.0,9.0,1.0,4.34,40.0,1.0
EG2405.DCE,20230720,4349.0,4340.0,4344.0,4351.0,4343.0,4345.0,4349.0,5.0,9.0,75.0,326.19,822.0,23.0
EG2406.DCE,20230720,4332.0,4332.0,,,,4332.0,4332.0,0.0,0.0,0.0,0.0,16.0,0.0
EGL.DCE,20230720,3976.0,3976.0,,,,3976.0,3976.0,0.0,0.0,0.0,0.0,0.0,
FB.DCE,20230720,1209.0,1211.0,1209.0,1213.5,1207.0,1209.5,1211.0,-1.5,0.0,1233.0,1493.39,2881.0,
FB2308.DCE,20230720,1152.0,1152.0,,,,1152.0,1152.0,0.0,0.0,0.0,0.0,1.0,0.0
FB2309.DCE,20230720,1209.0,1211.0,1209.0,1213.5,1207.0,1209.5,1211.0,-1.5,0.0,1233.0,1493.39,2881.0,41.0
FB2310.DCE,20230720,1217.5,1217.5,,,,1217.5,1217.5,0.0,0.0,0.0,0.0,2.0,0.0
FB2311.DCE,20230720,1158.0,1158.0,,,,1158.0,1158.0,0.0,0.0,0.0,0.0,2.0,0.0
FB2312.DCE,20230720,1242.0,1242.0,,,,1242.0,1242.0,0.0,0.0,0.0,0.0,3.0,0.0
FB2401.DCE,20230720,1230.0,1229.0,,,,1229.0,1229.0,0.0,0.0,0.0,0.0,46.0,0.0
FB2402.DCE,20230720,1230.0,1230.0,,,,1230.0,1230.0,0.0,0.0,0.0,0.0,1.0,0.0
FB2403.DCE,20230720,1262.0,1262.0,,,,1262.0,1262.0,0.0,0.0,0.0,0.0,0.0,0.0
FB2404.DCE,20230720,1177.0,1177.0,,,,1177.0,1177.0,0.0,0.0,0.0,0.0,1.0,0.0
FB2405.DCE,20230720,1146.5,1146.5,,,,1146.5,1146.5,0.0,0.0,0.0,0.0,2.0,0.0
FB2406.DCE,20230720,1251.5,1251.5,,,,1251.5,1251.5,0.0,0.0,0.0,0.0,1.0,0.0
FB2407.DCE,20230720,1139.5,1139.5,,,,1139.5,1139.5,0.0,0.0,0.0,0.0,0.0,0.0
FBL.DCE,20230720,1152.0,1152.0,,,,1152.0,1152.0,0.0,0.0,0.0,0.0,1.0,
FG.ZCE,20230720,1747.0,1734.0,1739.0,1773.0,1693.0,1698.0,1726.0,-36.0,-8.0,2168822.0,7485050.83,813662.0,
FG2308.ZCE,20230720,1795.0,1794.0,1789.0,1815.0,1742.0,1750.0,1775.0,-44.0,-19.0,2792.0,9911.81,4776.0,-1189.0
FG2309.ZCE,20230720,1747.0,1734.0,1739.0,1773.0,1693.0,1698.0,1726.0,-36.0,-8.0,2168822.0,7485050.83,813662.0,-39457.0
FG2310.ZCE,20230720,1679.0,1661.0,1678.0,1707.0,1627.0,1635.0,1662.0,-26.0,1.0,86151.0,286406.53,315502.0,4444.0
FG2311.ZCE,20230720,1601.0,1589.0,1600.0,1626.0,1556.0,1563.0,1587.0,-26.0,-2.0,35600.0,113000.62,190316.0,4780.0
FG2312.ZCE,20230720,1545.0,1533.0,1552.0,1573.0,1510.0,1519.0,1538.0,-14.0,5.0,19850.0,61062.93,86747.0,6702.0
FG2401.ZCE,20230720,1499.0,1487.0,1493.0,1527.0,1466.0,1477.0,1492.0,-10.0,5.0,328246.0,979690.19,385631.0,17141.0
FG2402.ZCE,20230720,1483.0,1475.0,1483.0,1511.0,1450.0,1462.0,1474.0,-13.0,-1.0,1130.0,3330.35,4568.0,559.0
FG2403.ZCE,20230720,1460.0,1452.0,1458.0,1488.0,1432.0,1444.0,1456.0,-8.0,4.0,2096.0,6102.81,8051.0,679.0
FG2404.ZCE,20230720,1466.0,1460.0,1466.0,1498.0,1443.0,1456.0,1467.0,-4.0,7.0,1298.0,3808.44,11708.0,420.0
FG2405.ZCE,20230720,1449.0,1441.0,1446.0,1481.0,1426.0,1435.0,1451.0,-6.0,10.0,51096.0,148244.07,89432.0,3539.0
FG2406.ZCE,20230720,1460.0,1450.0,1461.0,1489.0,1440.0,1449.0,1463.0,-1.0,13.0,515.0,1506.67,1748.0,101.0
FG2407.ZCE,20230720,1446.0,1436.0,1447.0,1475.0,1429.0,1437.0,1451.0,1.0,15.0,371.0,1076.51,358.0,129.0
FGL.ZCE,20230720,1795.0,1794.0,1789.0,1815.0,1742.0,1750.0,1775.0,-44.0,-19.0,2792.0,9911.81,4776.0,
FU.SHF,20230720,3215.0,3199.0,3243.0,3294.0,3231.0,3241.0,3256.0,42.0,57.0,439100.0,1429872.02,306166.0,
FU2308.SHF,20230720,3336.0,3304.0,3338.0,3392.0,3333.0,3358.0,3368.0,54.0,64.0,184.0,619.81,853.0,36.0
FU2309.SHF,20230720,3215.0,3199.0,3243.0,3294.0,3231.0,3241.0,3256.0,42.0,57.0,439100.0,1429872.02,306166.0,8295.0
FU2310.SHF,20230720,3178.0,3155.0,3204.0,3266.0,3195.0,3205.0,3223.0,50.0,68.0,242547.0,781756.33,229132.0,8018.0
FU2311.SHF,20230720,3138.0,3110.0,3156.0,3214.0,3156.0,3158.0,3179.0,48.0,69.0,61235.0,194666.83,152400.0,1776.0
FU2312.SHF,20230720,3118.0,3093.0,3132.0,3189.0,3132.0,3138.0,3152.0,45.0,59.0,4067.0,12823.2,12807.0,-261.0
FU2401.SHF,20230720,3106.0,3083.0,3125.0,3178.0,3120.0,3124.0,3142.0,41.0,59.0,52071.0,163645.46,100065.0,2738.0
FU2402.SHF,20230720,3070.0,3054.0,3070.0,3145.0,3070.0,3093.0,3105.0,39.0,51.0,267.0,829.04,8783.0,70.0
FU2403.SHF,20230720,3048.0,3037.0,3051.0,3125.0,3051.0,3073.0,3088.0,36.0,51.0,366.0,1130.55,8508.0,35.0
FU2404.SHF,20230720,3029.0,3017.0,3051.0,3091.0,3044.0,3052.0,3064.0,35.0,47.0,216.0,661.84,1069.0,-1.0
FU2405.SHF,20230720,3014.0,2998.0,3030.0,3074.0,3030.0,3035.0,3046.0,37.0,48.0,890.0,2711.04,1086.0,35.0
FU2406.SHF,20230720,3001.0,2995.0,3031.0,3062.0,3012.0,3024.0,3038.0,29.0,43.0,118.0,358.5,204.0,-1.0
FU2407.SHF,20230720,2994.0,2981.0,3032.0,3053.0,3005.0,3014.0,3024.0,33.0,43.0,250.0,756.22,130.0,-1.0
FUL.SHF,20230720,3336.0,3304.0,3338.0,3392.0,3333.0,3358.0,3368.0,54.0,64.0,184.0,619.81,853.0,
HC.SHF,20230720,3843.0,3833.0,3845.0,3895.0,3845.0,3887.0,3874.0,54.0,41.0,473694.0,1835441.32,866303.0,
HC2308.SHF,20230720,3893.0,3887.0,3893.0,3940.0,3893.0,3933.0,3924.0,46.0,37.0,2084.0,8179.14,10472.0,117.0
HC2309.SHF,20230720,3885.0,3878.0,3893.0,3937.0,3892.0,3930.0,3918.0,52.0,40.0,21449.0,84037.8,13014.0,429.0
HC2310.SHF,20230720,3843.0,3833.0,3845.0,3895.0,3845.0,3887.0,3874.0,54.0,41.0,473694.0,1835441.32,866303.0,62593.0
HC2311.SHF,20230720,3820.0,3813.0,3828.0,3873.0,3821.0,3866.0,3850.0,53.0,37.0,59729.0,229962.28,180769.0,5824.0
HC2312.SHF,20230720,3810.0,3807.0,3827.0,3845.0,3827.0,3845.0,3834.0,38.0,27.0,11.0,42.18,654.0,0.0
HC2401.SHF,20230720,3775.0,3763.0,3778.0,3824.0,3778.0,3822.0,3803.0,59.0,40.0,52881.0,201146.97,126836.0,11223.0
HC2402.SHF,20230720,3755.0,3755.0,3792.0,3807.0,3792.0,3807.0,3797.0,52.0,42.0,3.0,11.39,420.0,-1.0
HC2403.SHF,20230720,3747.0,3741.0,3769.0,3793.0,3769.0,3793.0,3777.0,52.0,36.0,114.0,430.63,3641.0,-14.0
HC2404.SHF,20230720,3747.0,3737.0,3760.0,3787.0,3760.0,3785.0,3770.0,48.0,33.0,20.0,75.41,1458.0,-2.0
HC2405.SHF,20230720,3705.0,3696.0,3711.0,3757.0,3711.0,3757.0,3735.0,61.0,39.0,3570.0,13334.15,9835.0,499.0
HC2406.SHF,20230720,3680.0,3687.0,3712.0,3743.0,3712.0,3740.0,3726.0,53.0,39.0,52.0,193.79,63.0,18.0
HC2407.SHF,20230720,3677.0,3680.0,3696.0,3740.0,3696.0,3740.0,3722.0,60.0,42.0,43.0,160.05,35.0,25.0
HCL.SHF,20230720,3893.0,3887.0,3893.0,3940.0,3893.0,3933.0,3924.0,46.0,37.0,2084.0,8179.14,10472.0,
I.DCE,20230720,834.0,835.0,836.5,852.5,835.5,849.5,847.5,14.5,12.5,595504.0,5046989.75,787366.0,
I2308.DCE,20230720,881.0,883.0,879.0,895.5,879.0,891.0,889.5,8.0,6.5,3744.0,33303.54,9864.0,-2356.0
I2309.DCE,20230720,834.0,835.0,836.5,852.5,835.5,849.5,847.5,14.5,12.5,595504.0,5046989.75,787366.0,23168.0
I2310.DCE,20230720,812.5,813.5,814.0,831.5,813.5,827.5,826.5,14.0,13.0,33547.0,277377.78,120524.0,-375.0
I2311.DCE,20230720,791.5,793.0,793.0,812.0,793.0,808.0,807.5,15.0,14.5,20262.0,163625.83,73324.0,1157.0
I2312.DCE,20230720,774.5,776.0,776.5,795.0,776.0,791.5,790.0,15.5,14.0,11798.0,93245.56,45055.0,223.0
I2401.DCE,20230720,757.5,758.0,758.5,779.5,758.5,774.5,773.0,16.5,15.0,164529.0,1272625.78,343751.0,6609.0
I2402.DCE,20230720,746.5,747.0,748.5,767.5,748.5,764.0,763.0,17.0,16.0,6615.0,50482.56,26416.0,399.0
I2403.DCE,20230720,738.5,738.5,740.0,759.0,740.0,755.0,754.0,16.5,15.5,4459.0,33630.62,25377.0,306.0
I2404.DCE,20230720,729.5,729.5,733.0,750.5,731.0,746.0,745.0,16.5,15.5,4496.0,33510.44,11112.0,68.0
I2405.DCE,20230720,720.0,720.0,720.0,742.0,720.0,739.0,735.5,19.0,15.5,15791.0,116201.26,58348.0,1871.0
I2406.DCE,20230720,711.5,711.5,712.5,732.0,712.5,728.0,726.5,16.5,15.0,2039.0,14820.06,6026.0,57.0
I2407.DCE,20230720,701.5,700.5,705.0,723.5,704.5,720.0,716.5,19.5,16.0,188.0,1347.26,345.0,18.0
IC.CFX,20230720,5993.2,5987.8,6000.0,6015.6,5920.0,5929.2,5942.2,-58.6,-45.6,33654.0,4026561.716,20031.0,
IC2307.CFX,20230720,5993.2,5987.8,6000.0,6015.6,5920.0,5929.2,5942.2,-58.6,-45.6,33654.0,4026561.716,20031.0,-16375.0
IC2308.CFX,20230720,5980.2,5976.4,5992.0,6006.0,5910.6,5918.6,5931.6,-57.8,-44.8,36414.0,4344101.036,63777.0,21478.0
IC2309.CFX,20230720,5971.0,5967.8,5995.0,5997.6,5905.8,5909.6,5926.6,-58.2,-41.2,19026.0,2267586.296,131493.0,3714.0
IC2312.CFX,20230720,5933.8,5929.2,5949.6,5959.0,5872.6,5880.0,5893.4,-49.2,-35.8,7327.0,867091.548,73718.0,644.0
ICL.CFX,20230720,5993.2,5987.8,6000.0,6015.6,5920.0,5929.2,5942.2,-58.6,-45.6,33654.0,4026561.716,20031.0,
ICL1.CFX,20230720,5980.2,5976.4,5992.0,6006.0,5910.6,5918.6,5931.6,-57.8,-44.8,36414.0,4344101.036,63777.0,
ICL2.CFX,20230720,5971.0,5967.8,5995.0,5997.6,5905.8,5909.6,5926.6,-58.2,-41.2,19026.0,2267586.296,131493.0,
ICL3.CFX,20230720,5933.8,5929.2,5949.6,5959.0,5872.6,5880.0,5893.4,-49.2,-35.8,7327.0,867091.548,73718.0,
IF.CFX,20230720,3854.8,3851.0,3867.2,3881.6,3818.0,3824.8,3831.6,-26.2,-19.4,39880.0,4611521.076,27458.0,
IF2307.CFX,20230720,3854.8,3851.0,3867.2,3881.6,3818.0,3824.8,3831.6,-26.2,-19.4,39880.0,4611521.076,27458.0,-19658.0
IF2308.CFX,20230720,3858.0,3853.6,3873.0,3885.2,3821.2,3829.0,3835.0,-24.6,-18.6,41590.0,4809010.182,58385.0,23130.0
IF2309.CFX,20230720,3862.6,3858.8,3873.8,3890.2,3827.0,3833.0,3841.8,-25.8,-17.0,26116.0,3025972.8,112238.0,5180.0
IF2312.CFX,20230720,3874.8,3870.2,3880.2,3901.4,3840.0,3844.6,3854.0,-25.6,-16.2,5468.0,635160.858,25669.0,230.0
IFL.CFX,20230720,3854.8,3851.0,3867.2,3881.6,3818.0,3824.8,3831.6,-26.2,-19.4,39880.0,4611521.076,27458.0,
IFL1.CFX,20230720,3858.0,3853.6,3873.0,3885.2,3821.2,3829.0,3835.0,-24.6,-18.6,41590.0,4809010.182,58385.0,
IFL2.CFX,20230720,3862.6,3858.8,3873.8,3890.2,3827.0,3833.0,3841.8,-25.8,-17.0,26116.0,3025972.8,112238.0,
IFL3.CFX,20230720,3874.8,3870.2,3880.2,3901.4,3840.0,3844.6,3854.0,-25.6,-16.2,5468.0,635160.858,25669.0,
IH.CFX,20230720,2518.2,2516.4,2526.0,2538.2,2502.0,2504.4,2510.0,-12.0,-6.4,27800.0,2104189.38,21913.0,
IH2307.CFX,20230720,2518.2,2516.4,2526.0,2538.2,2502.0,2504.4,2510.0,-12.0,-6.4,27800.0,2104189.38,21913.0,-12338.0
IH2308.CFX,20230720,2522.6,2520.6,2535.8,2543.2,2506.2,2510.2,2514.6,-10.4,-6.0,24165.0,1831506.624,31607.0,11323.0
IH2309.CFX,20230720,2525.8,2523.6,2533.8,2545.6,2509.8,2512.8,2518.6,-10.8,-5.0,17019.0,1292022.918,62833.0,1311.0
IH2312.CFX,20230720,2537.4,2535.2,2545.0,2556.6,2521.0,2524.6,2530.2,-10.6,-5.0,4944.0,376855.062,22876.0,66.0
IHL.CFX,20230720,2518.2,2516.4,2526.0,2538.2,2502.0,2504.4,2510.0,-12.0,-6.4,27800.0,2104189.38,21913.0,
IHL1.CFX,20230720,2522.6,2520.6,2535.8,2543.2,2506.2,2510.2,2514.6,-10.4,-6.0,24165.0,1831506.624,31607.0,
IHL2.CFX,20230720,2525.8,2523.6,2533.8,2545.6,2509.8,2512.8,2518.6,-10.8,-5.0,17019.0,1292022.918,62833.0,
IHL3.CFX,20230720,2537.4,2535.2,2545.0,2556.6,2521.0,2524.6,2530.2,-10.6,-5.0,4944.0,376855.062,22876.0,
IL.DCE,20230720,881.0,883.0,879.0,895.5,879.0,891.0,889.5,8.0,6.5,3744.0,33303.54,9864.0,
IM.CFX,20230720,6501.0,6491.0,6539.4,6539.4,6409.0,6416.2,6433.6,-74.8,-57.4,28236.0,3659198.676,21117.0,
IM2307.CFX,20230720,6501.0,6491.0,6539.4,6539.4,6409.0,6416.2,6433.6,-74.8,-57.4,28236.0,3659198.676,21117.0,-8520.0
IM2308.CFX,20230720,6483.4,6474.8,6492.8,6508.4,6396.8,6408.2,6423.6,-66.6,-51.2,31374.0,4053174.204,47700.0,18675.0
IM2309.CFX,20230720,6469.0,6461.6,6478.0,6496.0,6388.2,6396.4,6413.8,-65.2,-47.8,16300.0,2101524.696,72274.0,5154.0
IM2312.CFX,20230720,6419.6,6411.4,6435.2,6443.2,6341.6,6349.0,6365.6,-62.4,-45.8,7712.0,986215.288,52433.0,2015.0
IML.CFX,20230720,6501.0,6491.0,6539.4,6539.4,6409.0,6416.2,6433.6,-74.8,-57.4,28236.0,3659198.676,21117.0,
IML1.CFX,20230720,6483.4,6474.8,6492.8,6508.4,6396.8,6408.2,6423.6,-66.6,-51.2,31374.0,4053174.204,47700.0,
IML2.CFX,20230720,6469.0,6461.6,6478.0,6496.0,6388.2,6396.4,6413.8,-65.2,-47.8,16300.0,2101524.696,72274.0,
IML3.CFX,20230720,6419.6,6411.4,6435.2,6443.2,6341.6,6349.0,6365.6,-62.4,-45.8,7712.0,986215.288,52433.0,
J.DCE,20230720,2255.0,2244.5,2266.0,2306.0,2254.0,2298.5,2287.5,54.0,43.0,31640.0,723847.38,46719.0,
J2308.DCE,20230720,2409.5,2409.5,2433.5,2433.5,2433.5,2433.5,2433.5,24.0,24.0,1.0,24.34,0.0,-1.0
J2309.DCE,20230720,2255.0,2244.5,2266.0,2306.0,2254.0,2298.5,2287.5,54.0,43.0,31640.0,723847.38,46719.0,376.0
J2310.DCE,20230720,2243.5,2231.0,2273.0,2286.0,2264.5,2280.0,2274.5,49.0,43.5,174.0,3958.18,122.0,-10.0
J2311.DCE,20230720,2237.0,2223.0,2268.5,2271.0,2253.5,2271.0,2265.0,48.0,42.0,53.0,1200.56,43.0,-4.0
J2312.DCE,20230720,2204.5,2191.5,2236.5,2251.5,2235.5,2246.5,2242.5,55.0,51.0,82.0,1839.14,33.0,-1.0
J2401.DCE,20230720,2201.0,2193.0,2205.0,2248.0,2202.5,2244.0,2233.5,51.0,40.5,2706.0,60445.96,7554.0,59.0
J2402.DCE,20230720,2192.0,2180.0,2222.5,2226.0,2212.0,2218.5,2219.5,38.5,39.5,24.0,532.78,80.0,-1.0
J2403.DCE,20230720,2179.0,2173.5,2216.0,2216.0,2199.0,2206.5,2203.0,33.0,29.5,146.0,3216.82,72.0,1.0
J2404.DCE,20230720,2123.0,2123.0,2205.5,2205.5,2205.5,2205.5,2205.5,82.5,82.5,1.0,22.06,1.0,1.0
J2405.DCE,20230720,2133.5,2126.0,2136.5,2175.5,2136.5,2169.5,2163.5,43.5,37.5,89.0,1925.92,526.0,20.0
J2406.DCE,20230720,2079.0,2079.0,2152.0,2152.0,2152.0,2152.0,2152.0,73.0,73.0,1.0,21.52,1.0,1.0
J2407.DCE,20230720,2118.0,2118.0,,,,2118.0,2118.0,0.0,0.0,0.0,0.0,18.0,0.0
JD.DCE,20230720,4169.0,4176.0,4179.0,4197.0,4156.0,4177.0,4178.0,1.0,2.0,86696.0,362287.08,171647.0,
JD2307.DCE,20230720,4040.0,4040.0,4181.0,4281.0,4060.0,4281.0,4108.0,241.0,68.0,7.0,28.76,70.0,0.0
JD2308.DCE,20230720,4335.0,4348.0,4350.0,4358.0,4323.0,4350.0,4341.0,2.0,-7.0,2480.0,10766.56,9976.0,-989.0
JD2309.DCE,20230720,4169.0,4176.0,4179.0,4197.0,4156.0,4177.0,4178.0,1.0,2.0,86696.0,362287.08,171647.0,-3631.0
JD2310.DCE,20230720,3978.0,3977.0,3980.0,3995.0,3946.0,3961.0,3965.0,-16.0,-12.0,20946.0,83052.9,45642.0,-844.0
JD2311.DCE,20230720,4015.0,4018.0,4016.0,4037.0,3979.0,3989.0,3999.0,-29.0,-19.0,16701.0,66801.84,39881.0,821.0
JD2312.DCE,20230720,4230.0,4231.0,4240.0,4248.0,4168.0,4188.0,4196.0,-43.0,-35.0,12569.0,52748.24,24121.0,-972.0
JD2401.DCE,20230720,4196.0,4196.0,4200.0,4216.0,4158.0,4170.0,4180.0,-26.0,-16.0,9093.0,38013.56,26245.0,962.0
JD2402.DCE,20230720,3727.0,3727.0,3730.0,3743.0,3718.0,3724.0,3726.0,-3.0,-1.0,868.0,3234.67,10129.0,-70.0
JD2403.DCE,20230720,3736.0,3736.0,3749.0,3749.0,3731.0,3731.0,3735.0,-5.0,-1.0,146.0,545.43,4404.0,22.0
JD2404.DCE,20230720,3845.0,3851.0,3856.0,3856.0,3834.0,3838.0,3844.0,-13.0,-7.0,69.0,265.29,2906.0,-5.0
JD2405.DCE,20230720,3947.0,3951.0,3966.0,3966.0,3932.0,3941.0,3947.0,-10.0,-4.0,315.0,1243.36,3576.0,132.0
JD2406.DCE,20230720,3839.0,3836.0,3836.0,3840.0,3830.0,3834.0,3834.0,-2.0,-2.0,81.0,310.59,581.0,55.0
JDL.DCE,20230720,4040.0,4040.0,4181.0,4281.0,4060.0,4281.0,4108.0,241.0,68.0,7.0,28.76,70.0,
JL.DCE,20230720,2409.5,2409.5,2433.5,2433.5,2433.5,2433.5,2433.5,24.0,24.0,1.0,24.34,0.0,
JM.DCE,20230720,1487.0,1475.0,1490.0,1534.5,1488.0,1534.0,1515.5,59.0,40.5,150320.0,1367001.04,171851.0,
JM2308.DCE,20230720,1570.0,1562.0,1669.5,1669.5,1526.0,1526.0,1606.5,-36.0,44.5,88.0,848.38,6.0,-1.0
JM2309.DCE,20230720,1487.0,1475.0,1490.0,1534.5,1488.0,1534.0,1515.5,59.0,40.5,150320.0,1367001.04,171851.0,-168.0
JM2310.DCE,20230720,1457.0,1459.5,1480.0,1502.5,1473.0,1501.0,1485.5,41.5,26.0,2713.0,24183.46,744.0,-2.0
JM2311.DCE,20230720,1455.5,1456.0,1457.0,1498.5,1457.0,1497.5,1481.0,41.5,25.0,3020.0,26844.46,799.0,251.0
JM2312.DCE,20230720,1445.5,1442.5,1464.0,1486.5,1455.5,1486.5,1468.5,44.0,26.0,1923.0,16948.77,392.0,29.0
JM2401.DCE,20230720,1428.0,1422.0,1430.0,1467.0,1428.5,1465.0,1449.5,43.0,27.5,19262.0,167543.99,42081.0,1394.0
JM2402.DCE,20230720,1400.0,1400.0,1418.0,1443.5,1412.5,1443.5,1426.0,43.5,26.0,1371.0,11732.26,475.0,116.0
JM2403.DCE,20230720,1379.0,1380.5,1389.0,1418.0,1388.0,1417.0,1402.5,36.5,22.0,1401.0,11789.59,350.0,33.0
JM2404.DCE,20230720,1358.5,1362.5,,,,1389.0,1389.0,26.5,26.5,0.0,0.0,42.0,0.0
JM2405.DCE,20230720,1344.5,1340.0,1350.0,1370.0,1343.5,1370.0,1359.5,30.0,19.5,1157.0,9439.67,4534.0,247.0
JM2406.DCE,20230720,1343.5,1337.0,1350.0,1362.5,1340.5,1362.0,1353.0,25.0,16.0,26.0,211.08,56.0,-5.0
JM2407.DCE,20230720,1330.0,1330.0,,,,1350.0,1350.0,20.0,20.0,0.0,0.0,0.0,0.0
JML.DCE,20230720,1570.0,1562.0,1669.5,1669.5,1526.0,1526.0,1606.5,-36.0,44.5,88.0,848.38,6.0,
JR.ZCE,20230720,,2662.0,,,,,2662.0,,0.0,0.0,0.0,0.0,
JR2309.ZCE,20230720,,2662.0,,,,,2662.0,,0.0,0.0,0.0,0.0,0.0
JR2311.ZCE,20230720,,2662.0,,,,,2662.0,,0.0,0.0,0.0,0.0,0.0
JR2401.ZCE,20230720,,2662.0,,,,,2662.0,,0.0,0.0,0.0,0.0,0.0
JR2403.ZCE,20230720,,2662.0,,,,,2662.0,,0.0,0.0,0.0,0.0,0.0
JR2405.ZCE,20230720,,2662.0,,,,,2662.0,,0.0,0.0,0.0,0.0,0.0
JR2407.ZCE,20230720,,2662.0,,,,,2662.0,,0.0,0.0,0.0,0.0,0.0
JRL.ZCE,20230720,,2662.0,,,,,2662.0,,0.0,0.0,0.0,0.0,
L.DCE,20230720,8108.0,8103.0,8113.0,8132.0,8065.0,8091.0,8095.0,-12.0,-8.0,238876.0,966900.81,432487.0,
L2308.DCE,20230720,8142.0,8128.0,8200.0,8200.0,8090.0,8120.0,8121.0,-8.0,-7.0,979.0,3975.4,3067.0,-471.0
L2309.DCE,20230720,8108.0,8103.0,8113.0,8132.0,8065.0,8091.0,8095.0,-12.0,-8.0,238876.0,966900.81,432487.0,940.0
L2310.DCE,20230720,8100.0,8090.0,8111.0,8121.0,8057.0,8085.0,8084.0,-5.0,-6.0,40458.0,163550.67,100985.0,1004.0
L2311.DCE,20230720,8084.0,8074.0,8086.0,8105.0,8044.0,8072.0,8067.0,-2.0,-7.0,27888.0,112497.69,71943.0,366.0
L2312.DCE,20230720,8065.0,8054.0,8058.0,8084.0,8026.0,8051.0,8052.0,-3.0,-2.0,15732.0,63338.64,38320.0,-3461.0
L2401.DCE,20230720,8045.0,8035.0,8055.0,8064.0,8008.0,8033.0,8033.0,-2.0,-2.0,21195.0,85132.95,71026.0,3122.0
L2402.DCE,20230720,8016.0,8004.0,8024.0,8034.0,7980.0,8004.0,8003.0,0.0,-1.0,7334.0,29347.8,23174.0,-118.0
L2403.DCE,20230720,7999.0,7983.0,8004.0,8015.0,7959.0,7983.0,7982.0,0.0,-1.0,10538.0,42057.36,10093.0,61.0
L2404.DCE,20230720,7981.0,7986.0,8010.0,8010.0,7964.0,7983.0,7980.0,-3.0,-6.0,16.0,63.84,383.0,7.0
L2405.DCE,20230720,7969.0,7960.0,8000.0,8000.0,7946.0,7961.0,7967.0,1.0,7.0,141.0,561.73,1484.0,6.0
L2406.DCE,20230720,7938.0,7941.0,7969.0,7969.0,7933.0,7933.0,7955.0,-8.0,14.0,5.0,19.89,15.0,2.0
L2407.DCE,20230720,7944.0,7944.0,7977.0,7978.0,7952.0,7952.0,7971.0,8.0,27.0,4.0,15.94,6.0,4.0
LH.DCE,20230720,15150.0,15130.0,15200.0,15415.0,15200.0,15340.0,15315.0,210.0,185.0,42137.0,1032661.78,63703.0,
LH2307.DCE,20230720,13445.0,13445.0,,,,13445.0,13445.0,0.0,0.0,0.0,0.0,1.0,-2.0
LH2309.DCE,20230720,15150.0,15130.0,15200.0,15415.0,15200.0,15340.0,15315.0,210.0,185.0,42137.0,1032661.78,63703.0,-4226.0
LH2311.DCE,20230720,16405.0,16320.0,16410.0,16530.0,16410.0,16475.0,16475.0,155.0,155.0,10491.0,276587.73,34430.0,613.0
LH2401.DCE,20230720,17150.0,17065.0,17150.0,17250.0,17100.0,17170.0,17175.0,105.0,110.0,3182.0,87460.56,25875.0,-143.0
LH2403.DCE,20230720,15690.0,15670.0,15710.0,15720.0,15650.0,15695.0,15685.0,25.0,15.0,1245.0,31253.94,14693.0,59.0
LH2405.DCE,20230720,16320.0,16320.0,16325.0,16345.0,16280.0,16300.0,16315.0,-20.0,-5.0,380.0,9920.27,3993.0,87.0
LHL.DCE,20230720,13445.0,13445.0,,,,13445.0,13445.0,0.0,0.0,0.0,0.0,1.0,
LL.DCE,20230720,8142.0,8128.0,8200.0,8200.0,8090.0,8120.0,8121.0,-8.0,-7.0,979.0,3975.4,3067.0,
LR.ZCE,20230720,,2360.0,,,,,2360.0,,0.0,0.0,0.0,0.0,
LR2309.ZCE,20230720,,2360.0,,,,,2360.0,,0.0,0.0,0.0,0.0,0.0
LR2311.ZCE,20230720,,2360.0,,,,,2360.0,,0.0,0.0,0.0,0.0,0.0
LR2401.ZCE,20230720,,2360.0,,,,,2360.0,,0.0,0.0,0.0,0.0,0.0
LR2403.ZCE,20230720,,2360.0,,,,,2360.0,,0.0,0.0,0.0,0.0,0.0
LR2405.ZCE,20230720,,2360.0,,,,,2360.0,,0.0,0.0,0.0,0.0,0.0
LR2407.ZCE,20230720,,2360.0,,,,,2360.0,,0.0,0.0,0.0,0.0,0.0
LRL.ZCE,20230720,,2360.0,,,,,2360.0,,0.0,0.0,0.0,0.0,
LU.INE,20230720,4061.0,4029.0,4080.0,4122.0,4012.0,4038.0,4067.0,9.0,38.0,164342.0,668406.46,166872.0,
LU2308.INE,20230720,4112.0,4043.0,4109.0,4109.0,4109.0,4109.0,4109.0,66.0,66.0,1.0,4.11,1861.0,-1.0
LU2309.INE,20230720,4059.0,4019.0,4077.0,4107.0,3998.0,4028.0,4054.0,9.0,35.0,6444.0,26130.23,13463.0,-379.0
LU2310.INE,20230720,4061.0,4029.0,4080.0,4122.0,4012.0,4038.0,4067.0,9.0,38.0,164342.0,668406.46,166872.0,2580.0
LU2311.INE,20230720,4032.0,4002.0,4058.0,4097.0,3984.0,4011.0,4039.0,9.0,37.0,80018.0,323226.28,23421.0,5771.0
LU2312.INE,20230720,4001.0,3981.0,4025.0,4066.0,3953.0,3978.0,3980.0,-3.0,-1.0,770.0,3065.16,678.0,256.0
LU2401.INE,20230720,3996.0,3949.0,4023.0,4049.0,3946.0,3953.0,3976.0,4.0,27.0,39.0,155.09,191.0,16.0
LU2402.INE,20230720,3949.0,3934.0,3997.0,4008.0,3892.0,3949.0,3952.0,15.0,18.0,9.0,35.57,8.0,-2.0
LU2403.INE,20230720,3882.0,3882.0,,,,3882.0,3882.0,0.0,0.0,0.0,0.0,38.0,0.0
LU2404.INE,20230720,3861.0,3861.0,,,,3861.0,3861.0,0.0,0.0,0.0,0.0,15.0,0.0
LU2405.INE,20230720,3743.0,3743.0,,,,3758.0,3758.0,15.0,15.0,0.0,0.0,7.0,0.0
LU2406.INE,20230720,3734.0,3734.0,,,,3734.0,3734.0,0.0,0.0,0.0,0.0,4.0,0.0
LU2407.INE,20230720,3747.0,3747.0,,,,3747.0,3747.0,0.0,0.0,0.0,0.0,4.0,0.0
LUL.INE,20230720,4112.0,4043.0,4109.0,4109.0,4109.0,4109.0,4109.0,66.0,66.0,1.0,4.11,1861.0,
M.DCE,20230720,4155.0,4137.0,4192.0,4230.0,4157.0,4188.0,4193.0,51.0,56.0,1491514.0,6254192.58,1314737.0,
M2308.DCE,20230720,4291.0,4260.0,4321.0,4356.0,4298.0,4327.0,4326.0,67.0,66.0,4427.0,19154.54,31732.0,-1244.0
M2309.DCE,20230720,4155.0,4137.0,4192.0,4230.0,4157.0,4188.0,4193.0,51.0,56.0,1491514.0,6254192.58,1314737.0,-36098.0
M2311.DCE,20230720,4128.0,4105.0,4172.0,4198.0,4136.0,4164.0,4165.0,59.0,60.0,76778.0,319782.51,242127.0,2418.0
M2312.DCE,20230720,4007.0,3982.0,4040.0,4079.0,4023.0,4043.0,4046.0,61.0,64.0,30503.0,123415.75,92720.0,-528.0
M2401.DCE,20230720,3855.0,3831.0,3896.0,3922.0,3865.0,3890.0,3891.0,59.0,60.0,378242.0,1471846.12,861077.0,40314.0
M2403.DCE,20230720,3646.0,3619.0,3675.0,3710.0,3663.0,3675.0,3684.0,56.0,65.0,42691.0,157313.57,67939.0,311.0
M2405.DCE,20230720,3353.0,3324.0,3380.0,3418.0,3373.0,3383.0,3393.0,59.0,69.0,141956.0,481794.79,296284.0,17229.0
M2407.DCE,20230720,3338.0,3310.0,3364.0,3403.0,3364.0,3373.0,3387.0,63.0,77.0,24931.0,84450.7,24694.0,12484.0
MA.ZCE,20230720,2270.0,2266.0,2271.0,2280.0,2233.0,2245.0,2256.0,-21.0,-10.0,1396009.0,3149410.11,1331765.0,
MA2308.ZCE,20230720,2268.0,2267.0,2267.0,2275.0,2229.0,2240.0,2252.0,-27.0,-15.0,668.0,1504.47,9139.0,-422.0
MA2309.ZCE,20230720,2270.0,2266.0,2271.0,2280.0,2233.0,2245.0,2256.0,-21.0,-10.0,1396009.0,3149410.11,1331765.0,-115614.0
MA2310.ZCE,20230720,2301.0,2296.0,2306.0,2310.0,2263.0,2275.0,2284.0,-21.0,-12.0,120534.0,275342.05,599301.0,-269.0
MA2311.ZCE,20230720,2320.0,2317.0,2319.0,2329.0,2283.0,2293.0,2303.0,-24.0,-14.0,50321.0,115896.71,301760.0,7086.0
MA2312.ZCE,20230720,2363.0,2360.0,2365.0,2370.0,2328.0,2338.0,2345.0,-22.0,-15.0,1255.0,2943.54,23852.0,255.0
MA2401.ZCE,20230720,2372.0,2368.0,2368.0,2379.0,2338.0,2348.0,2358.0,-20.0,-10.0,124782.0,294174.3,358552.0,-12392.0
MA2402.ZCE,20230720,2339.0,2343.0,2344.0,2350.0,2312.0,2315.0,2326.0,-28.0,-17.0,32.0,74.42,3242.0,15.0
MA2403.ZCE,20230720,2335.0,2330.0,2334.0,2344.0,2306.0,2308.0,2325.0,-22.0,-5.0,123.0,286.0,5598.0,54.0
MA2404.ZCE,20230720,2318.0,2320.0,2328.0,2328.0,2299.0,2299.0,2311.0,-21.0,-9.0,25.0,57.78,6747.0,0.0
MA2405.ZCE,20230720,2314.0,2309.0,2316.0,2322.0,2286.0,2296.0,2304.0,-13.0,-5.0,12854.0,29611.7,74099.0,4684.0
MA2406.ZCE,20230720,2312.0,2325.0,2333.0,2337.0,2300.0,2303.0,2325.0,-22.0,0.0,58.0,134.86,2799.0,-4.0
MA2407.ZCE,20230720,2320.0,2323.0,2325.0,2343.0,2294.0,2310.0,2319.0,-13.0,-4.0,64.0,148.4,26.0,11.0
MAL.ZCE,20230720,2268.0,2267.0,2267.0,2275.0,2229.0,2240.0,2252.0,-27.0,-15.0,668.0,1504.47,9139.0,
ML.DCE,20230720,4291.0,4260.0,4321.0,4356.0,4298.0,4327.0,4326.0,67.0,66.0,4427.0,19154.54,31732.0,
NI.SHF,20230720,165370.0,165480.0,165500.0,171460.0,165250.0,170490.0,168060.0,5010.0,2580.0,199501.0,3353006.11,81128.0,
NI2308.SHF,20230720,165370.0,165480.0,165500.0,171460.0,165250.0,170490.0,168060.0,5010.0,2580.0,199501.0,3353006.11,81128.0,2375.0
NI2309.SHF,20230720,162920.0,162990.0,163310.0,168690.0,162850.0,167910.0,165630.0,4920.0,2640.0,79008.0,1308652.48,57137.0,3847.0
NI2310.SHF,20230720,161340.0,161410.0,161290.0,166660.0,161210.0,165980.0,163830.0,4570.0,2420.0,39183.0,641970.37,18537.0,1186.0
NI2311.SHF,20230720,160150.0,160390.0,160350.0,165380.0,160260.0,164500.0,162720.0,4110.0,2330.0,3777.0,61461.81,2760.0,209.0
NI2312.SHF,20230720,159430.0,160020.0,160590.0,164460.0,160160.0,163860.0,162180.0,3840.0,2160.0,641.0,10396.15,1759.0,89.0
NI2401.SHF,20230720,159300.0,159350.0,159620.0,163860.0,159020.0,163280.0,161550.0,3930.0,2200.0,816.0,13182.62,2157.0,-75.0
NI2402.SHF,20230720,158470.0,159480.0,160480.0,163020.0,158800.0,162710.0,160950.0,3230.0,1470.0,49.0,788.7,274.0,-6.0
NI2403.SHF,20230720,157580.0,158510.0,159800.0,162420.0,158800.0,162320.0,160870.0,3810.0,2360.0,57.0,917.01,325.0,8.0
NI2404.SHF,20230720,157940.0,157830.0,158770.0,162400.0,158770.0,162400.0,161280.0,4570.0,3450.0,11.0,177.41,112.0,-2.0
NI2405.SHF,20230720,157970.0,157820.0,158370.0,161530.0,157310.0,160600.0,159980.0,2780.0,2160.0,77.0,1231.87,233.0,-7.0
NI2406.SHF,20230720,156650.0,157120.0,158400.0,160800.0,157560.0,160800.0,159110.0,3680.0,1990.0,25.0,397.78,137.0,0.0
NI2407.SHF,20230720,156880.0,157430.0,160000.0,160190.0,160000.0,160190.0,160050.0,2760.0,2620.0,5.0,80.03,7.0,5.0
NIL.SHF,20230720,165370.0,165480.0,165500.0,171460.0,165250.0,170490.0,168060.0,5010.0,2580.0,199501.0,3353006.11,81128.0,
NR.INE,20230720,9340.0,9330.0,9360.0,9430.0,9335.0,9380.0,9370.0,50.0,40.0,25093.0,235233.68,62814.0,
NR2308.INE,20230720,9325.0,9310.0,9325.0,9395.0,9310.0,9350.0,9345.0,40.0,35.0,1520.0,14208.6,4409.0,-195.0
NR2309.INE,20230720,9340.0,9330.0,9360.0,9430.0,9335.0,9380.0,9370.0,50.0,40.0,25093.0,235233.68,62814.0,-734.0
NR2310.INE,20230720,9350.0,9345.0,9350.0,9445.0,9350.0,9395.0,9390.0,50.0,45.0,45359.0,425985.0,35316.0,1189.0
NR2311.INE,20230720,9385.0,9385.0,9390.0,9470.0,9390.0,9425.0,9430.0,40.0,45.0,1304.0,12299.3,3116.0,336.0
NR2312.INE,20230720,9445.0,9445.0,9500.0,9505.0,9465.0,9505.0,9485.0,60.0,40.0,4.0,37.95,174.0,0.0
NR2401.INE,20230720,9495.0,9495.0,9500.0,9595.0,9495.0,9535.0,9530.0,40.0,35.0,126.0,1201.22,860.0,-5.0
NR2402.INE,20230720,9555.0,9555.0,,,,9555.0,9555.0,0.0,0.0,0.0,0.0,7.0,0.0
NR2403.INE,20230720,9870.0,9870.0,,,,9870.0,9870.0,0.0,0.0,0.0,0.0,0.0,0.0
NR2404.INE,20230720,9850.0,9850.0,,,,9850.0,9850.0,0.0,0.0,0.0,0.0,0.0,0.0
NR2405.INE,20230720,9920.0,9920.0,,,,9920.0,9920.0,0.0,0.0,0.0,0.0,2.0,0.0
NR2406.INE,20230720,9930.0,9930.0,,,,9930.0,9930.0,0.0,0.0,0.0,0.0,46.0,0.0
NR2407.INE,20230720,9930.0,9930.0,,,,9930.0,9930.0,0.0,0.0,0.0,0.0,0.0,0.0
NRL.INE,20230720,9325.0,9310.0,9325.0,9395.0,9310.0,9350.0,9345.0,40.0,35.0,1520.0,14208.6,4409.0,
OI.ZCE,20230720,9645.0,9713.0,9681.0,9866.0,9681.0,9850.0,9781.0,137.0,68.0,908044.0,8881269.12,299848.0,
OI2309.ZCE,20230720,9645.0,9713.0,9681.0,9866.0,9681.0,9850.0,9781.0,137.0,68.0,908044.0,8881269.12,299848.0,10826.0
OI2311.ZCE,20230720,9633.0,9679.0,9688.0,9859.0,9672.0,9847.0,9778.0,168.0,99.0,149197.0,1458828.55,240903.0,10436.0
OI2401.ZCE,20230720,9503.0,9532.0,9550.0,9717.0,9540.0,9710.0,9640.0,178.0,108.0,103307.0,995893.37,119659.0,12277.0
OI2403.ZCE,20230720,9342.0,9362.0,9383.0,9550.0,9381.0,9538.0,9478.0,176.0,116.0,14014.0,132821.39,62388.0,2644.0
OI2405.ZCE,20230720,9203.0,9196.0,9237.0,9371.0,9233.0,9364.0,9318.0,168.0,122.0,1449.0,13502.5,4419.0,46.0
OI2407.ZCE,20230720,9158.0,9147.0,9198.0,9280.0,9181.0,9280.0,9226.0,133.0,79.0,81.0,747.35,23.0,-27.0
OIL.ZCE,20230720,9645.0,9713.0,9681.0,9866.0,9681.0,9850.0,9781.0,137.0,68.0,908044.0,8881269.12,299848.0,
P.DCE,20230720,7668.0,7626.0,7718.0,7798.0,7688.0,7756.0,7746.0,130.0,120.0,879852.0,6815640.29,454372.0,
P2308.DCE,20230720,7682.0,7608.0,7716.0,7794.0,7686.0,7738.0,7744.0,130.0,136.0,914.0,7078.73,2417.0,-186.0
P2309.DCE,20230720,7668.0,7626.0,7718.0,7798.0,7688.0,7756.0,7746.0,130.0,120.0,879852.0,6815640.29,454372.0,-8618.0
P2310.DCE,20230720,7688.0,7642.0,7750.0,7808.0,7704.0,7772.0,7756.0,130.0,114.0,17234.0,133668.35,73147.0,211.0
P2311.DCE,20230720,7664.0,7626.0,7724.0,7798.0,7696.0,7774.0,7748.0,148.0,122.0,14952.0,115858.14,56775.0,-722.0
P2312.DCE,20230720,7668.0,7622.0,7688.0,7792.0,7688.0,7776.0,7736.0,154.0,114.0,18532.0,143367.89,36269.0,-1573.0
P2401.DCE,20230720,7656.0,7606.0,7694.0,7784.0,7678.0,7780.0,7740.0,174.0,134.0,127660.0,988212.66,193838.0,6368.0
P2402.DCE,20230720,7632.0,7582.0,7658.0,7752.0,7656.0,7752.0,7708.0,170.0,126.0,11159.0,86026.0,21400.0,34.0
P2403.DCE,20230720,7590.0,7548.0,7642.0,7724.0,7622.0,7722.0,7674.0,174.0,126.0,5389.0,41364.21,20721.0,442.0
P2404.DCE,20230720,7550.0,7512.0,7624.0,7682.0,7590.0,7682.0,7644.0,170.0,132.0,70.0,535.14,89.0,10.0
P2405.DCE,20230720,7508.0,7482.0,7532.0,7650.0,7532.0,7642.0,7610.0,160.0,128.0,5260.0,40031.77,15019.0,1215.0
P2406.DCE,20230720,7476.0,7446.0,7494.0,7614.0,7494.0,7614.0,7572.0,168.0,126.0,63.0,477.12,84.0,10.0
P2407.DCE,20230720,7426.0,7426.0,7540.0,7560.0,7500.0,7560.0,7540.0,134.0,114.0,13.0,98.04,6.0,2.0
PB.SHF,20230720,15755.0,15725.0,15795.0,15850.0,15740.0,15825.0,15785.0,100.0,60.0,40471.0,319504.97,74251.0,
PB2308.SHF,20230720,15755.0,15725.0,15795.0,15850.0,15740.0,15825.0,15785.0,100.0,60.0,40471.0,319504.97,74251.0,-4312.0
PB2309.SHF,20230720,15715.0,15710.0,15720.0,15810.0,15710.0,15800.0,15760.0,90.0,50.0,22503.0,177374.26,65801.0,5778.0
PB2310.SHF,20230720,15680.0,15675.0,15695.0,15765.0,15665.0,15760.0,15715.0,85.0,40.0,3152.0,24768.98,14026.0,885.0
PB2311.SHF,20230720,15650.0,15640.0,15660.0,15740.0,15645.0,15740.0,15685.0,100.0,45.0,56.0,439.18,2009.0,3.0
PB2312.SHF,20230720,15635.0,15620.0,15655.0,15735.0,15655.0,15735.0,15700.0,115.0,80.0,20.0,157.02,60.0,16.0
PB2401.SHF,20230720,15610.0,15610.0,,,,15645.0,15645.0,35.0,35.0,0.0,0.0,39.0,0.0
PB2402.SHF,20230720,15595.0,15595.0,,,,15595.0,15595.0,0.0,0.0,0.0,0.0,12.0,0.0
PB2403.SHF,20230720,15635.0,15635.0,,,,15635.0,15635.0,0.0,0.0,0.0,0.0,34.0,0.0
PB2404.SHF,20230720,15670.0,15670.0,15650.0,15720.0,15650.0,15720.0,15680.0,50.0,10.0,9.0,70.57,58.0,1.0
PB2405.SHF,20230720,15630.0,15625.0,15595.0,15685.0,15595.0,15685.0,15655.0,60.0,30.0,13.0,101.76,56.0,1.0
PB2406.SHF,20230720,15635.0,15635.0,,,,15635.0,15635.0,0.0,0.0,0.0,0.0,5.0,0.0
PB2407.SHF,20230720,15625.0,15625.0,15585.0,15660.0,15585.0,15660.0,15615.0,35.0,-10.0,6.0,46.85,6.0,5.0
PBL.SHF,20230720,15755.0,15725.0,15795.0,15850.0,15740.0,15825.0,15785.0,100.0,60.0,40471.0,319504.97,74251.0,
PF.ZCE,20230720,7348.0,7334.0,7362.0,7392.0,7318.0,7364.0,7352.0,30.0,18.0,149067.0,547982.13,471807.0,
PF2308.ZCE,20230720,7308.0,7298.0,7318.0,7350.0,7292.0,7320.0,7316.0,22.0,18.0,1399.0,5117.55,7696.0,-633.0
PF2309.ZCE,20230720,7312.0,7298.0,7330.0,7358.0,7288.0,7330.0,7324.0,32.0,26.0,9139.0,33466.59,53372.0,-1271.0
PF2310.ZCE,20230720,7348.0,7334.0,7362.0,7392.0,7318.0,7364.0,7352.0,30.0,18.0,149067.0,547982.13,471807.0,-3600.0
PF2311.ZCE,20230720,7316.0,7300.0,7320.0,7360.0,7292.0,7328.0,7322.0,28.0,22.0,47199.0,172803.55,291451.0,7583.0
PF2312.ZCE,20230720,7298.0,7278.0,7304.0,7340.0,7270.0,7310.0,7310.0,32.0,32.0,14872.0,54351.31,94673.0,5714.0
PF2401.ZCE,20230720,7284.0,7264.0,7292.0,7322.0,7254.0,7292.0,7290.0,28.0,26.0,1333.0,4859.0,10281.0,339.0
PF2402.ZCE,20230720,7304.0,7282.0,7308.0,7328.0,7290.0,7306.0,7298.0,24.0,16.0,50.0,182.46,1810.0,33.0
PF2403.ZCE,20230720,,7242.0,,,,,7276.0,,34.0,0.0,0.0,23.0,0.0
PF2404.ZCE,20230720,7278.0,7284.0,,,,,7284.0,,0.0,0.0,0.0,16.0,0.0
PF2405.ZCE,20230720,7274.0,7266.0,7278.0,7286.0,7278.0,7286.0,7282.0,20.0,16.0,5.0,18.2,129.0,2.0
PF2406.ZCE,20230720,7260.0,7260.0,,,,,7260.0,,0.0,0.0,0.0,1.0,0.0
PF2407.ZCE,20230720,7192.0,7220.0,,,,,7220.0,,0.0,0.0,0.0,0.0,0.0
PFL.ZCE,20230720,7308.0,7298.0,7318.0,7350.0,7292.0,7320.0,7316.0,22.0,18.0,1399.0,5117.55,7696.0,
PG.DCE,20230720,3874.0,3858.0,3890.0,3946.0,3874.0,3922.0,3914.0,64.0,56.0,163083.0,1276635.33,140819.0,
PG2307.DCE,20230720,3960.0,3960.0,,,,3960.0,3960.0,0.0,0.0,0.0,0.0,515.0,0.0
PG2308.DCE,20230720,3850.0,3857.0,3859.0,3925.0,3855.0,3896.0,3895.0,39.0,38.0,4376.0,34094.41,17735.0,-324.0
PG2309.DCE,20230720,3874.0,3858.0,3890.0,3946.0,3874.0,3922.0,3914.0,64.0,56.0,163083.0,1276635.33,140819.0,-1598.0
PG2310.DCE,20230720,4575.0,4562.0,4600.0,4655.0,4577.0,4617.0,4615.0,55.0,53.0,23709.0,218869.23,41149.0,-44.0
PG2311.DCE,20230720,4494.0,4479.0,4521.0,4567.0,4486.0,4521.0,4522.0,42.0,43.0,4809.0,43500.23,10169.0,-375.0
PG2312.DCE,20230720,4411.0,4397.0,4436.0,4481.0,4398.0,4434.0,4437.0,37.0,40.0,2241.0,19888.79,5081.0,41.0
PG2401.DCE,20230720,4313.0,4296.0,4320.0,4382.0,4317.0,4344.0,4347.0,48.0,51.0,414.0,3600.07,1758.0,-14.0
PG2402.DCE,20230720,4191.0,4191.0,4244.0,4264.0,4215.0,4226.0,4240.0,35.0,49.0,40.0,339.22,111.0,-9.0
PG2403.DCE,20230720,4080.0,4062.0,4111.0,4149.0,4077.0,4103.0,4109.0,41.0,47.0,153.0,1257.43,1297.0,2.0
PG2404.DCE,20230720,4456.0,4456.0,4500.0,4516.0,4454.0,4457.0,4485.0,1.0,29.0,12.0,107.64,283.0,4.0
PG2405.DCE,20230720,4258.0,4261.0,4297.0,4317.0,4255.0,4259.0,4260.0,-2.0,-1.0,366.0,3118.4,806.0,-127.0
PG2406.DCE,20230720,4185.0,4174.0,4251.0,4251.0,4192.0,4192.0,4214.0,18.0,40.0,16.0,134.86,28.0,5.0
PGL.DCE,20230720,3960.0,3960.0,,,,3960.0,3960.0,0.0,0.0,0.0,0.0,515.0,
PK.ZCE,20230720,10258.0,10254.0,10260.0,10292.0,10216.0,10278.0,10258.0,24.0,4.0,53051.0,272073.69,129940.0,
PK2310.ZCE,20230720,10394.0,10398.0,10400.0,10420.0,10366.0,10404.0,10392.0,6.0,-6.0,6518.0,33865.5,62918.0,-821.0
PK2311.ZCE,20230720,10258.0,10254.0,10260.0,10292.0,10216.0,10278.0,10258.0,24.0,4.0,53051.0,272073.69,129940.0,216.0
PK2312.ZCE,20230720,10118.0,10114.0,10082.0,10148.0,10082.0,10132.0,10126.0,18.0,12.0,38.0,192.4,1142.0,2.0
PK2401.ZCE,20230720,10044.0,10038.0,10046.0,10064.0,10006.0,10058.0,10042.0,20.0,4.0,2385.0,11973.75,39520.0,131.0
PK2403.ZCE,20230720,9874.0,9874.0,9870.0,9892.0,9870.0,9892.0,9888.0,18.0,14.0,7.0,34.61,1160.0,1.0
PK2404.ZCE,20230720,9824.0,9822.0,9838.0,9852.0,9816.0,9844.0,9836.0,22.0,14.0,49.0,240.98,2726.0,3.0
PKL.ZCE,20230720,10394.0,10398.0,10400.0,10420.0,10366.0,10404.0,10392.0,6.0,-6.0,6518.0,33865.5,62918.0,
PL.DCE,20230720,7682.0,7608.0,7716.0,7794.0,7686.0,7738.0,7744.0,130.0,136.0,914.0,7078.73,2417.0,
PM.ZCE,20230720,,3122.0,,,,,3122.0,,0.0,0.0,0.0,0.0,
PM2309.ZCE,20230720,,3122.0,,,,,3122.0,,0.0,0.0,0.0,0.0,0.0
PM2311.ZCE,20230720,,3122.0,,,,,3122.0,,0.0,0.0,0.0,0.0,0.0
PM2401.ZCE,20230720,,3122.0,,,,,3122.0,,0.0,0.0,0.0,0.0,0.0
PM2403.ZCE,20230720,,3122.0,,,,,3122.0,,0.0,0.0,0.0,0.0,0.0
PM2405.ZCE,20230720,,3122.0,,,,,3122.0,,0.0,0.0,0.0,0.0,0.0
PM2407.ZCE,20230720,,3122.0,,,,,3122.0,,0.0,0.0,0.0,0.0,0.0
PML.ZCE,20230720,,3122.0,,,,,3122.0,,0.0,0.0,0.0,0.0,
PP.DCE,20230720,7334.0,7311.0,7344.0,7346.0,7272.0,7289.0,7307.0,-22.0,-4.0,365745.0,1336427.03,537011.0,
PP2308.DCE,20230720,7331.0,7302.0,7311.0,7334.0,7259.0,7280.0,7298.0,-22.0,-4.0,2317.0,8454.84,3751.0,-611.0
PP2309.DCE,20230720,7334.0,7311.0,7344.0,7346.0,7272.0,7289.0,7307.0,-22.0,-4.0,365745.0,1336427.03,537011.0,836.0
PP2310.DCE,20230720,7312.0,7291.0,7322.0,7323.0,7257.0,7272.0,7287.0,-19.0,-4.0,58575.0,213436.83,113253.0,3089.0
PP2311.DCE,20230720,7302.0,7282.0,7308.0,7314.0,7249.0,7265.0,7278.0,-17.0,-4.0,39879.0,145128.79,55318.0,1535.0
PP2312.DCE,20230720,7290.0,7271.0,7299.0,7302.0,7236.0,7253.0,7263.0,-18.0,-8.0,15908.0,57770.1,36989.0,637.0
PP2401.DCE,20230720,7274.0,7254.0,7284.0,7285.0,7220.0,7238.0,7252.0,-16.0,-2.0,45394.0,164602.4,110732.0,5226.0
PP2402.DCE,20230720,7259.0,7238.0,7285.0,7285.0,7204.0,7222.0,7231.0,-16.0,-7.0,15769.0,57015.56,20101.0,591.0
PP2403.DCE,20230720,7251.0,7228.0,7260.0,7261.0,7194.0,7210.0,7223.0,-18.0,-5.0,9106.0,32888.85,10928.0,162.0
PP2404.DCE,20230720,7263.0,7262.0,7254.0,7254.0,7254.0,7254.0,7254.0,-8.0,-8.0,1.0,3.63,58.0,0.0
PP2405.DCE,20230720,7262.0,7243.0,7245.0,7274.0,7210.0,7217.0,7235.0,-26.0,-8.0,652.0,2358.72,4655.0,129.0
PP2406.DCE,20230720,7218.0,7239.0,,,,7239.0,7239.0,0.0,0.0,0.0,0.0,36.0,0.0
PP2407.DCE,20230720,7268.0,7268.0,7276.0,7284.0,7153.0,7221.0,7244.0,-47.0,-24.0,36.0,130.39,1.0,1.0
PPL.DCE,20230720,7331.0,7302.0,7311.0,7334.0,7259.0,7280.0,7298.0,-22.0,-4.0,2317.0,8454.84,3751.0,
RB.SHF,20230720,3741.0,3733.0,3747.0,3790.0,3747.0,3784.0,3770.0,51.0,37.0,1876106.0,7073935.19,1862645.0,
RB2308.SHF,20230720,3733.0,3720.0,3734.0,3766.0,3727.0,3752.0,3746.0,32.0,26.0,10320.0,38662.02,27406.0,-46.0
RB2309.SHF,20230720,3695.0,3688.0,3707.0,3735.0,3701.0,3729.0,3718.0,41.0,30.0,43176.0,160562.46,37252.0,-514.0
RB2310.SHF,20230720,3741.0,3733.0,3747.0,3790.0,3747.0,3784.0,3770.0,51.0,37.0,1876106.0,7073935.19,1862645.0,145840.0
RB2311.SHF,20230720,3727.0,3722.0,3730.0,3783.0,3730.0,3778.0,3755.0,56.0,33.0,101250.0,380236.37,579965.0,14480.0
RB2312.SHF,20230720,3712.0,3712.0,3726.0,3774.0,3721.0,3759.0,3753.0,47.0,41.0,861.0,3231.54,33176.0,53.0
RB2401.SHF,20230720,3685.0,3675.0,3685.0,3750.0,3685.0,3741.0,3725.0,66.0,50.0,106471.0,396607.36,329523.0,26933.0
RB2402.SHF,20230720,3655.0,3653.0,3655.0,3728.0,3655.0,3717.0,3665.0,64.0,12.0,1295.0,4746.39,37422.0,1074.0
RB2403.SHF,20230720,3650.0,3648.0,3679.0,3712.0,3678.0,3704.0,3695.0,56.0,47.0,111.0,410.25,11803.0,-17.0
RB2404.SHF,20230720,3634.0,3629.0,3650.0,3692.0,3650.0,3689.0,3671.0,60.0,42.0,337.0,1237.35,2578.0,227.0
RB2405.SHF,20230720,3623.0,3614.0,3625.0,3684.0,3625.0,3678.0,3656.0,64.0,42.0,10300.0,37663.41,36887.0,3598.0
RB2406.SHF,20230720,3608.0,3604.0,3629.0,3668.0,3626.0,3668.0,3649.0,64.0,45.0,936.0,3416.24,2560.0,781.0
RB2407.SHF,20230720,3600.0,3598.0,3623.0,3661.0,3621.0,3647.0,3637.0,49.0,39.0,59.0,214.61,105.0,14.0
RBL.SHF,20230720,3733.0,3720.0,3734.0,3766.0,3727.0,3752.0,3746.0,32.0,26.0,10320.0,38662.02,27406.0,
RI.ZCE,20230720,,2479.0,,,,,2479.0,,0.0,0.0,0.0,0.0,
RI2309.ZCE,20230720,,2479.0,,,,,2479.0,,0.0,0.0,0.0,0.0,0.0
RI2311.ZCE,20230720,,2479.0,,,,,2479.0,,0.0,0.0,0.0,0.0,0.0
RI2401.ZCE,20230720,,2479.0,,,,,2479.0,,0.0,0.0,0.0,0.0,0.0
RI2403.ZCE,20230720,,2479.0,,,,,2479.0,,0.0,0.0,0.0,0.0,0.0
RI2405.ZCE,20230720,,2479.0,,,,,2479.0,,0.0,0.0,0.0,0.0,0.0
RI2407.ZCE,20230720,,2479.0,,,,,2479.0,,0.0,0.0,0.0,0.0,0.0
RIL.ZCE,20230720,,2479.0,,,,,2479.0,,0.0,0.0,0.0,0.0,
RM.ZCE,20230720,3753.0,3736.0,3786.0,3846.0,3716.0,3767.0,3778.0,31.0,42.0,1186411.0,4482680.64,494938.0,
RM2308.ZCE,20230720,3947.0,3951.0,3982.0,4037.0,3888.0,3954.0,3942.0,3.0,-9.0,4687.0,18476.66,11795.0,-2188.0
RM2309.ZCE,20230720,3753.0,3736.0,3786.0,3846.0,3716.0,3767.0,3778.0,31.0,42.0,1186411.0,4482680.64,494938.0,-12287.0
RM2311.ZCE,20230720,3431.0,3409.0,3461.0,3523.0,3460.0,3519.0,3496.0,110.0,87.0,97870.0,342168.03,365734.0,9056.0
RM2401.ZCE,20230720,3193.0,3162.0,3226.0,3276.0,3209.0,3250.0,3244.0,88.0,82.0,201219.0,652733.96,172461.0,7679.0
RM2403.ZCE,20230720,3062.0,3033.0,3088.0,3139.0,3085.0,3109.0,3110.0,76.0,77.0,26731.0,83137.87,138658.0,5089.0
RM2405.ZCE,20230720,2955.0,2924.0,2975.0,3030.0,2975.0,2998.0,3004.0,74.0,80.0,16649.0,50015.4,25044.0,1656.0
RM2407.ZCE,20230720,2899.0,2872.0,2930.0,2970.0,2922.0,2942.0,2952.0,70.0,80.0,1635.0,4826.28,2142.0,112.0
RML.ZCE,20230720,3947.0,3951.0,3982.0,4037.0,3888.0,3954.0,3942.0,3.0,-9.0,4687.0,18476.66,11795.0,
RR.DCE,20230720,3498.0,3505.0,3504.0,3505.0,3489.0,3493.0,3495.0,-12.0,-10.0,6677.0,23338.82,16342.0,
RR2308.DCE,20230720,3523.0,3527.0,3524.0,3533.0,3524.0,3527.0,3527.0,0.0,0.0,44.0,155.19,1700.0,-15.0
RR2309.DCE,20230720,3498.0,3505.0,3504.0,3505.0,3489.0,3493.0,3495.0,-12.0,-10.0,6677.0,23338.82,16342.0,-1309.0
RR2310.DCE,20230720,3571.0,3563.0,3569.0,3573.0,3557.0,3570.0,3568.0,7.0,5.0,7154.0,25530.25,14830.0,1449.0
RR2311.DCE,20230720,3585.0,3579.0,3590.0,3590.0,3574.0,3578.0,3577.0,-1.0,-2.0,2054.0,7348.76,7642.0,945.0
RR2312.DCE,20230720,3602.0,3599.0,3591.0,3603.0,3591.0,3599.0,3600.0,0.0,1.0,102.0,367.22,674.0,-11.0
RR2401.DCE,20230720,3640.0,3634.0,3640.0,3645.0,3633.0,3637.0,3638.0,3.0,4.0,72.0,261.98,2993.0,12.0
RR2402.DCE,20230720,3650.0,3648.0,3653.0,3660.0,3648.0,3652.0,3654.0,4.0,6.0,62.0,226.57,1692.0,28.0
RR2403.DCE,20230720,3663.0,3657.0,3669.0,3676.0,3664.0,3669.0,3668.0,12.0,11.0,24.0,88.03,403.0,-2.0
RR2404.DCE,20230720,3680.0,3670.0,3673.0,3681.0,3673.0,3677.0,3676.0,7.0,6.0,11.0,40.44,81.0,4.0
RR2405.DCE,20230720,3690.0,3678.0,3690.0,3698.0,3686.0,3695.0,3692.0,17.0,14.0,46.0,169.85,520.0,15.0
RR2406.DCE,20230720,3695.0,3687.0,3696.0,3705.0,3692.0,3705.0,3700.0,18.0,13.0,21.0,77.71,132.0,9.0
RR2407.DCE,20230720,3698.0,3690.0,3696.0,3710.0,3696.0,3710.0,3703.0,20.0,13.0,16.0,59.25,38.0,11.0
RRL.DCE,20230720,3523.0,3527.0,3524.0,3533.0,3524.0,3527.0,3527.0,0.0,0.0,44.0,155.19,1700.0,
RS.ZCE,20230720,5968.0,5974.0,5970.0,5988.0,5970.0,5974.0,5977.0,0.0,3.0,11.0,65.74,21.0,
RS2308.ZCE,20230720,,6023.0,,,,,6023.0,,0.0,0.0,0.0,0.0,0.0
RS2309.ZCE,20230720,,6014.0,6061.0,6061.0,6019.0,6019.0,6040.0,5.0,26.0,2.0,12.08,2.0,0.0
RS2311.ZCE,20230720,5968.0,5974.0,5970.0,5988.0,5970.0,5974.0,5977.0,0.0,3.0,11.0,65.74,21.0,0.0
RS2407.ZCE,20230720,,5978.0,6474.0,6474.0,5532.0,5888.0,5965.0,-90.0,-13.0,3.0,17.89,1.0,1.0
RSL.ZCE,20230720,,6023.0,,,,,6023.0,,0.0,0.0,0.0,0.0,
RU.SHF,20230720,12200.0,12180.0,12180.0,12300.0,12165.0,12260.0,12220.0,80.0,40.0,261478.0,3195594.12,192323.0,
RU2308.SHF,20230720,12135.0,12105.0,12135.0,12215.0,12100.0,12200.0,12140.0,95.0,35.0,625.0,7590.55,1518.0,-57.0
RU2309.SHF,20230720,12200.0,12180.0,12180.0,12300.0,12165.0,12260.0,12220.0,80.0,40.0,261478.0,3195594.12,192323.0,1558.0
RU2310.SHF,20230720,12145.0,12140.0,12185.0,12235.0,12130.0,12195.0,12175.0,55.0,35.0,8431.0,102669.34,18555.0,288.0
RU2311.SHF,20230720,12140.0,12130.0,12140.0,12230.0,12125.0,12185.0,12170.0,55.0,40.0,12989.0,158120.23,24972.0,758.0
RU2401.SHF,20230720,13135.0,13140.0,13135.0,13195.0,13120.0,13160.0,13155.0,20.0,15.0,42353.0,557257.46,71259.0,1877.0
RU2403.SHF,20230720,13155.0,13130.0,13180.0,13210.0,13140.0,13165.0,13170.0,35.0,40.0,32.0,421.55,504.0,-1.0
RU2404.SHF,20230720,13120.0,13140.0,13180.0,13200.0,13155.0,13185.0,13175.0,45.0,35.0,7.0,92.23,112.0,-1.0
RU2405.SHF,20230720,13120.0,13115.0,13125.0,13195.0,13115.0,13130.0,13145.0,15.0,30.0,3049.0,40087.8,12829.0,851.0
RU2406.SHF,20230720,13150.0,13150.0,13200.0,13200.0,13140.0,13200.0,13170.0,50.0,20.0,6.0,79.05,80.0,0.0
RU2407.SHF,20230720,13075.0,13130.0,13205.0,13205.0,13170.0,13170.0,13185.0,40.0,55.0,3.0,39.56,4.0,1.0
RUL.SHF,20230720,12135.0,12105.0,12135.0,12215.0,12100.0,12200.0,12140.0,95.0,35.0,625.0,7590.55,1518.0,
SA.ZCE,20230720,1897.0,1860.0,1900.0,1986.0,1900.0,1975.0,1950.0,115.0,90.0,2348623.0,9158431.52,925091.0,
SA2308.ZCE,20230720,2046.0,2011.0,2054.0,2129.0,2050.0,2115.0,2092.0,104.0,81.0,23520.0,98427.51,18695.0,-3662.0
SA2309.ZCE,20230720,1897.0,1860.0,1900.0,1986.0,1900.0,1975.0,1950.0,115.0,90.0,2348623.0,9158431.52,925091.0,-31869.0
SA2310.ZCE,20230720,1687.0,1652.0,1693.0,1764.0,1693.0,1748.0,1738.0,96.0,86.0,517241.0,1798016.36,377105.0,3214.0
SA2311.ZCE,20230720,1589.0,1570.0,1595.0,1663.0,1595.0,1627.0,1634.0,57.0,64.0,220475.0,720496.25,214559.0,4393.0
SA2312.ZCE,20230720,1562.0,1545.0,1565.0,1616.0,1564.0,1578.0,1590.0,33.0,45.0,65976.0,209851.48,100230.0,3168.0
SA2401.ZCE,20230720,1531.0,1515.0,1531.0,1569.0,1527.0,1534.0,1547.0,19.0,32.0,700943.0,2168186.12,751126.0,-8897.0
SA2402.ZCE,20230720,1537.0,1522.0,1539.0,1574.0,1533.0,1540.0,1552.0,18.0,30.0,8508.0,26413.32,20571.0,-66.0
SA2403.ZCE,20230720,1522.0,1510.0,1524.0,1560.0,1520.0,1528.0,1538.0,18.0,28.0,21740.0,66869.69,28746.0,-588.0
SA2404.ZCE,20230720,1532.0,1518.0,1534.0,1566.0,1527.0,1538.0,1547.0,20.0,29.0,8561.0,26492.24,30434.0,-331.0
SA2405.ZCE,20230720,1523.0,1510.0,1525.0,1556.0,1516.0,1527.0,1536.0,17.0,26.0,462605.0,1421140.68,388830.0,-16631.0
SA2406.ZCE,20230720,1529.0,1515.0,1530.0,1553.0,1522.0,1530.0,1539.0,15.0,24.0,5106.0,15716.5,7712.0,113.0
SA2407.ZCE,20230720,1521.0,1508.0,1523.0,1541.0,1515.0,1524.0,1532.0,16.0,24.0,2720.0,8332.98,2362.0,316.0
SAL.ZCE,20230720,2046.0,2011.0,2054.0,2129.0,2050.0,2115.0,2092.0,104.0,81.0,23520.0,98427.51,18695.0,
SC.INE,20230720,584.0,580.4,587.3,594.4,582.0,583.7,588.6,3.3,8.2,170738.0,10050511.25,40655.0,
SC2308.INE,20230720,586.7,582.4,589.3,596.0,583.8,584.3,590.9,1.9,8.5,1873.0,110682.75,10923.0,-1013.0
SC2309.INE,20230720,584.0,580.4,587.3,594.4,582.0,583.7,588.6,3.3,8.2,170738.0,10050511.25,40655.0,-2050.0
SC2310.INE,20230720,581.0,577.3,584.1,590.2,577.2,579.0,583.9,1.7,6.6,34042.0,1987905.22,10374.0,-673.0
SC2311.INE,20230720,577.3,573.8,580.0,586.1,573.0,574.6,579.4,0.8,5.6,11531.0,668150.38,2043.0,509.0
SC2312.INE,20230720,574.2,572.8,576.1,582.8,569.6,571.1,578.3,-1.7,5.5,1725.0,99767.03,1285.0,304.0
SC2401.INE,20230720,570.2,566.0,573.7,578.9,568.7,568.7,572.9,2.7,6.9,22.0,1260.5,99.0,2.0
SC2402.INE,20230720,558.4,558.4,,,,558.4,558.4,0.0,0.0,0.0,0.0,4.0,0.0
SC2403.INE,20230720,556.0,556.0,,,,556.0,556.0,0.0,0.0,0.0,0.0,5.0,0.0
SC2404.INE,20230720,554.5,554.5,,,,560.6,560.6,6.1,6.1,0.0,0.0,1.0,0.0
SC2405.INE,20230720,553.6,553.6,564.6,564.6,564.6,564.6,564.6,11.0,11.0,1.0,56.46,3.0,1.0
SC2406.INE,20230720,553.5,553.9,559.9,565.2,558.0,561.3,560.9,7.4,7.0,114.0,6394.67,232.0,-31.0
SC2407.INE,20230720,543.1,543.1,558.3,558.3,558.2,558.2,558.2,15.1,15.1,2.0,111.65,2.0,2.0
SC2409.INE,20230720,538.4,546.5,553.6,555.7,551.5,555.7,554.1,9.2,7.6,14.0,775.77,17.0,8.0
SC2412.INE,20230720,541.0,540.6,551.0,553.9,548.6,549.9,549.5,9.3,8.9,12.0,659.44,48.0,3.0
SC2503.INE,20230720,531.6,531.6,533.0,533.0,533.0,533.0,533.0,1.4,1.4,6.0,319.8,22.0,0.0
SC2506.INE,20230720,527.5,527.5,534.8,540.6,534.8,540.6,538.4,13.1,10.9,3.0,161.53,13.0,2.0
SC2509.INE,20230720,535.7,535.7,,,,536.0,536.0,0.3,0.3,0.0,0.0,12.0,0.0
SC2512.INE,20230720,532.3,532.3,540.4,540.4,540.4,540.4,540.4,8.1,8.1,1.0,54.04,14.0,1.0
SC2603.INE,20230720,508.5,508.5,,,,530.0,530.0,21.5,21.5,0.0,0.0,12.0,0.0
SC2606.INE,20230720,508.0,508.0,539.0,541.0,536.0,537.0,537.9,29.0,29.9,72.0,3873.55,61.0,60.0
SCL.INE,20230720,586.7,582.4,589.3,596.0,583.8,584.3,590.9,1.9,8.5,1873.0,110682.75,10923.0,
SCTAS.INE,20230720,,580.4,,,,,588.6,,8.2,0.0,0.0,,
SCTAS2309.INE,20230720,,580.4,,,,,588.6,,8.2,0.0,0.0,,
SCTAS2310.INE,20230720,,577.3,,,,,583.9,,6.6,0.0,0.0,,
SCTAS2311.INE,20230720,,573.8,,,,,579.4,,5.6,0.0,0.0,,
SCTASL.INE,20230720,,580.4,,,,,588.6,,8.2,0.0,0.0,,
SF.ZCE,20230720,6950.0,6934.0,6990.0,7064.0,6974.0,7008.0,7014.0,74.0,80.0,185732.0,651247.93,377891.0,
SF2308.ZCE,20230720,6950.0,6938.0,6972.0,7030.0,6972.0,6998.0,6998.0,60.0,60.0,1959.0,6853.12,8802.0,-409.0
SF2309.ZCE,20230720,6980.0,6976.0,7010.0,7076.0,7002.0,7032.0,7032.0,56.0,56.0,50373.0,177106.13,102413.0,-2421.0
SF2310.ZCE,20230720,6950.0,6934.0,6990.0,7064.0,6974.0,7008.0,7014.0,74.0,80.0,185732.0,651247.93,377891.0,7168.0
SF2311.ZCE,20230720,7110.0,7092.0,7140.0,7200.0,7126.0,7154.0,7160.0,62.0,68.0,70045.0,250751.96,198010.0,15916.0
SF2312.ZCE,20230720,7014.0,7012.0,7056.0,7112.0,7036.0,7060.0,7068.0,48.0,56.0,22338.0,78942.66,61290.0,6616.0
SF2401.ZCE,20230720,6988.0,6976.0,7010.0,7078.0,7002.0,7028.0,7034.0,52.0,58.0,5825.0,20486.52,14368.0,53.0
SF2402.ZCE,20230720,6862.0,6850.0,6916.0,6938.0,6878.0,6892.0,6908.0,42.0,58.0,79.0,272.86,962.0,8.0
SF2403.ZCE,20230720,6972.0,6978.0,7034.0,7058.0,7002.0,7012.0,7024.0,34.0,46.0,22.0,77.27,865.0,0.0
SF2404.ZCE,20230720,6944.0,6970.0,7028.0,7028.0,6992.0,7000.0,7004.0,30.0,34.0,4.0,14.01,251.0,3.0
SF2405.ZCE,20230720,6922.0,6926.0,6968.0,7008.0,6942.0,6954.0,6968.0,28.0,42.0,134.0,466.79,1338.0,17.0
SF2406.ZCE,20230720,6838.0,6850.0,6888.0,6910.0,6878.0,6900.0,6888.0,50.0,38.0,35.0,120.53,376.0,-7.0
SF2407.ZCE,20230720,6876.0,6876.0,6942.0,6942.0,6936.0,6936.0,6940.0,60.0,64.0,2.0,6.94,5.0,0.0
SFL.ZCE,20230720,6950.0,6938.0,6972.0,7030.0,6972.0,6998.0,6998.0,60.0,60.0,1959.0,6853.12,8802.0,
SI.GFE,20230720,13495.0,13490.0,13550.0,13740.0,13520.0,13640.0,13620.0,150.0,130.0,80503.0,548402.24,89754.0,
SI2308.GFE,20230720,13460.0,13440.0,13460.0,13695.0,13460.0,13590.0,13570.0,150.0,130.0,18056.0,122532.05,27052.0,-1225.0
SI2309.GFE,20230720,13495.0,13490.0,13550.0,13740.0,13520.0,13640.0,13620.0,150.0,130.0,80503.0,548402.24,89754.0,202.0
SI2310.GFE,20230720,13540.0,13535.0,13600.0,13765.0,13550.0,13670.0,13660.0,135.0,125.0,16288.0,111253.35,31927.0,2734.0
SI2311.GFE,20230720,13545.0,13555.0,13570.0,13770.0,13570.0,13680.0,13670.0,125.0,115.0,651.0,4450.8,6487.0,-116.0
SI2312.GFE,20230720,13965.0,13940.0,14030.0,14135.0,13995.0,14055.0,14050.0,115.0,110.0,136.0,955.73,2598.0,42.0
SI2401.GFE,20230720,13965.0,13950.0,14000.0,14165.0,14000.0,14060.0,14075.0,110.0,125.0,64.0,450.55,680.0,12.0
SI2402.GFE,20230720,13880.0,13905.0,14015.0,14065.0,14015.0,14030.0,14040.0,125.0,135.0,6.0,42.13,146.0,-1.0
SI2403.GFE,20230720,13975.0,13865.0,14030.0,14110.0,13970.0,14045.0,14055.0,180.0,190.0,51.0,358.42,353.0,-1.0
SIL.GFE,20230720,13460.0,13440.0,13460.0,13695.0,13460.0,13590.0,13570.0,150.0,130.0,18056.0,122532.05,27052.0,
SM.ZCE,20230720,6680.0,6666.0,6692.0,6730.0,6666.0,6702.0,6696.0,36.0,30.0,171440.0,573892.01,323555.0,
SM2308.ZCE,20230720,6744.0,6740.0,6766.0,6780.0,6740.0,6756.0,6768.0,16.0,28.0,525.0,1776.22,8515.0,-143.0
SM2309.ZCE,20230720,6728.0,6712.0,6744.0,6758.0,6714.0,6746.0,6738.0,34.0,26.0,80556.0,271408.89,168007.0,414.0
SM2310.ZCE,20230720,6680.0,6666.0,6692.0,6730.0,6666.0,6702.0,6696.0,36.0,30.0,171440.0,573892.01,323555.0,13746.0
SM2311.ZCE,20230720,6700.0,6688.0,6720.0,6738.0,6690.0,6720.0,6714.0,32.0,26.0,49317.0,165564.01,190267.0,11899.0
SM2312.ZCE,20230720,6678.0,6664.0,6690.0,6714.0,6666.0,6686.0,6690.0,22.0,26.0,14709.0,49192.19,59828.0,5101.0
SM2401.ZCE,20230720,6650.0,6636.0,6648.0,6690.0,6644.0,6658.0,6666.0,22.0,30.0,7965.0,26547.08,23569.0,1185.0
SM2402.ZCE,20230720,6622.0,6620.0,6640.0,6670.0,6598.0,6632.0,6642.0,12.0,22.0,468.0,1554.27,2012.0,203.0
SM2403.ZCE,20230720,6614.0,6606.0,6626.0,6666.0,6594.0,6626.0,6636.0,20.0,30.0,287.0,952.24,1162.0,141.0
SM2404.ZCE,20230720,6584.0,6576.0,6604.0,6658.0,6602.0,6646.0,6632.0,70.0,56.0,882.0,2924.57,806.0,323.0
SM2405.ZCE,20230720,6570.0,6554.0,6606.0,6624.0,6566.0,6600.0,6602.0,46.0,48.0,997.0,3290.89,3242.0,181.0
SM2406.ZCE,20230720,6532.0,6540.0,6560.0,6592.0,6546.0,6580.0,6572.0,40.0,32.0,29.0,95.29,356.0,-5.0
SM2407.ZCE,20230720,6522.0,6514.0,6552.0,6578.0,6552.0,6566.0,6562.0,52.0,48.0,20.0,65.61,50.0,6.0
SML.ZCE,20230720,6744.0,6740.0,6766.0,6780.0,6740.0,6756.0,6768.0,16.0,28.0,525.0,1776.22,8515.0,
SN.SHF,20230720,232420.0,232470.0,230660.0,237460.0,228420.0,235360.0,232230.0,2890.0,-240.0,150672.0,3499105.26,31162.0,
SN2308.SHF,20230720,232420.0,232470.0,230660.0,237460.0,228420.0,235360.0,232230.0,2890.0,-240.0,150672.0,3499105.26,31162.0,-203.0
SN2309.SHF,20230720,232600.0,232620.0,231490.0,237500.0,228820.0,235530.0,232720.0,2910.0,100.0,65923.0,1534199.99,27815.0,1250.0
SN2310.SHF,20230720,232640.0,232600.0,231690.0,237240.0,228980.0,235150.0,233070.0,2550.0,470.0,22896.0,533643.44,8713.0,324.0
SN2311.SHF,20230720,232320.0,232460.0,231000.0,237040.0,228890.0,235210.0,232610.0,2750.0,150.0,2218.0,51593.85,1297.0,50.0
SN2312.SHF,20230720,231110.0,232130.0,231110.0,236480.0,228500.0,235000.0,231350.0,2870.0,-780.0,246.0,5691.35,416.0,9.0
SN2401.SHF,20230720,231560.0,232600.0,231560.0,236070.0,228110.0,234250.0,231410.0,1650.0,-1190.0,418.0,9673.12,2352.0,47.0
SN2402.SHF,20230720,231180.0,231890.0,231180.0,235500.0,228000.0,235500.0,230980.0,3610.0,-910.0,23.0,531.27,110.0,-1.0
SN2403.SHF,20230720,230400.0,230400.0,230000.0,235760.0,227560.0,235060.0,233250.0,4660.0,2850.0,17.0,396.53,317.0,-3.0
SN2404.SHF,20230720,230910.0,231420.0,230640.0,230740.0,228500.0,230730.0,230350.0,-690.0,-1070.0,8.0,184.29,341.0,1.0
SN2405.SHF,20230720,230930.0,231090.0,231050.0,235590.0,229600.0,234000.0,231700.0,2910.0,610.0,25.0,579.26,68.0,2.0
SN2406.SHF,20230720,230970.0,230970.0,230770.0,230770.0,230770.0,230770.0,230770.0,-200.0,-200.0,1.0,23.08,13.0,1.0
SN2407.SHF,20230720,231530.0,231520.0,234150.0,234150.0,232630.0,233430.0,233400.0,1910.0,1880.0,3.0,70.02,4.0,1.0
SNL.SHF,20230720,232420.0,232470.0,230660.0,237460.0,228420.0,235360.0,232230.0,2890.0,-240.0,150672.0,3499105.26,31162.0,
SP.SHF,20230720,5256.0,5244.0,5264.0,5298.0,5236.0,5284.0,5268.0,40.0,24.0,431594.0,2274259.41,275783.0,
SP2308.SHF,20230720,5222.0,5220.0,5234.0,5260.0,5204.0,5256.0,5232.0,36.0,12.0,912.0,4773.064,7927.0,-248.0
SP2309.SHF,20230720,5256.0,5244.0,5264.0,5298.0,5236.0,5284.0,5268.0,40.0,24.0,431594.0,2274259.41,275783.0,-8492.0
SP2310.SHF,20230720,5276.0,5264.0,5280.0,5314.0,5256.0,5300.0,5284.0,36.0,20.0,76065.0,402074.946,77666.0,-254.0
SP2311.SHF,20230720,5288.0,5282.0,5300.0,5330.0,5276.0,5320.0,5306.0,38.0,24.0,9625.0,51076.148,63644.0,1061.0
SP2312.SHF,20230720,5312.0,5300.0,5314.0,5346.0,5298.0,5344.0,5324.0,44.0,24.0,15919.0,84773.054,78546.0,2606.0
SP2401.SHF,20230720,5432.0,5422.0,5440.0,5466.0,5418.0,5464.0,5444.0,42.0,22.0,34529.0,188022.73,66563.0,1324.0
SP2402.SHF,20230720,5418.0,5420.0,5432.0,5460.0,5416.0,5452.0,5440.0,32.0,20.0,436.0,2372.302,5546.0,-6.0
SP2403.SHF,20230720,5430.0,5428.0,5460.0,5472.0,5424.0,5472.0,5452.0,44.0,24.0,273.0,1488.75,1070.0,9.0
SP2404.SHF,20230720,5440.0,5436.0,5468.0,5476.0,5436.0,5476.0,5460.0,40.0,24.0,223.0,1217.792,466.0,-64.0
SP2405.SHF,20230720,5450.0,5442.0,5450.0,5492.0,5440.0,5490.0,5464.0,48.0,22.0,1764.0,9641.01,5465.0,149.0
SP2406.SHF,20230720,5434.0,5428.0,5454.0,5466.0,5438.0,5466.0,5456.0,38.0,28.0,26.0,141.868,444.0,3.0
SP2407.SHF,20230720,5440.0,5432.0,5452.0,5466.0,5452.0,5460.0,5458.0,28.0,26.0,5.0,27.294,18.0,3.0
SPL.SHF,20230720,5222.0,5220.0,5234.0,5260.0,5204.0,5256.0,5232.0,36.0,12.0,912.0,4773.064,7927.0,
SR.ZCE,20230720,6877.0,6865.0,6892.0,6914.0,6853.0,6856.0,6881.0,-9.0,16.0,242759.0,1670373.35,388442.0,
SR2309.ZCE,20230720,6877.0,6865.0,6892.0,6914.0,6853.0,6856.0,6881.0,-9.0,16.0,242759.0,1670373.35,388442.0,-4471.0
SR2311.ZCE,20230720,6694.0,6683.0,6710.0,6721.0,6681.0,6689.0,6699.0,6.0,16.0,8515.0,57042.32,66779.0,-330.0
SR2401.ZCE,20230720,6610.0,6594.0,6627.0,6639.0,6594.0,6601.0,6619.0,7.0,25.0,129136.0,854790.31,291136.0,4591.0
SR2403.ZCE,20230720,6518.0,6497.0,6539.0,6544.0,6503.0,6509.0,6526.0,12.0,29.0,30850.0,201324.59,283916.0,2706.0
SR2405.ZCE,20230720,6485.0,6470.0,6494.0,6510.0,6472.0,6477.0,6493.0,7.0,23.0,3017.0,19588.96,13455.0,-342.0
SR2407.ZCE,20230720,6455.0,6430.0,6468.0,6479.0,6447.0,6460.0,6460.0,30.0,30.0,44.0,284.22,153.0,15.0
SRL.ZCE,20230720,6877.0,6865.0,6892.0,6914.0,6853.0,6856.0,6881.0,-9.0,16.0,242759.0,1670373.35,388442.0,
SS.SHF,20230720,15000.0,14960.0,14965.0,15420.0,14965.0,15375.0,15175.0,415.0,215.0,109726.0,832680.19,36191.0,
SS2308.SHF,20230720,15000.0,14960.0,14965.0,15420.0,14965.0,15375.0,15175.0,415.0,215.0,109726.0,832680.19,36191.0,-4752.0
SS2309.SHF,20230720,14950.0,14905.0,14960.0,15390.0,14945.0,15350.0,15165.0,445.0,260.0,161318.0,1223350.16,99469.0,29152.0
SS2310.SHF,20230720,14870.0,14820.0,14885.0,15300.0,14870.0,15265.0,15090.0,445.0,270.0,17316.0,130670.84,11489.0,1482.0
SS2311.SHF,20230720,14790.0,14730.0,14805.0,15195.0,14785.0,15160.0,15030.0,430.0,300.0,2223.0,16706.66,2933.0,206.0
SS2312.SHF,20230720,14720.0,14665.0,14720.0,15115.0,14705.0,15075.0,14940.0,410.0,275.0,1441.0,10766.44,5547.0,223.0
SS2401.SHF,20230720,14660.0,14595.0,14685.0,15045.0,14615.0,15005.0,14900.0,410.0,305.0,797.0,5937.78,1947.0,-74.0
SS2402.SHF,20230720,14530.0,14495.0,14670.0,14955.0,14600.0,14920.0,14785.0,425.0,290.0,77.0,569.25,1208.0,-16.0
SS2403.SHF,20230720,14505.0,14445.0,14555.0,14880.0,14550.0,14830.0,14760.0,385.0,315.0,61.0,450.21,435.0,-25.0
SS2404.SHF,20230720,14420.0,14415.0,14530.0,14830.0,14460.0,14790.0,14600.0,375.0,185.0,54.0,394.21,144.0,-9.0
SS2405.SHF,20230720,14410.0,14375.0,14460.0,14760.0,14420.0,14730.0,14605.0,355.0,230.0,212.0,1548.51,521.0,-112.0
SS2406.SHF,20230720,14360.0,14340.0,14445.0,14730.0,14375.0,14680.0,14555.0,340.0,215.0,94.0,684.18,226.0,-42.0
SS2407.SHF,20230720,14320.0,14305.0,14435.0,14645.0,14380.0,14620.0,14525.0,315.0,220.0,24.0,174.32,14.0,6.0
SSL.SHF,20230720,15000.0,14960.0,14965.0,15420.0,14965.0,15375.0,15175.0,415.0,215.0,109726.0,832680.19,36191.0,
T.CFX,20230720,102.175,102.195,102.15,102.275,102.125,102.27,102.245,0.075,0.05,54536.0,5573458.845,210280.0,
T2309.CFX,20230720,102.175,102.195,102.15,102.275,102.125,102.27,102.245,0.075,0.05,54536.0,5573458.845,210280.0,1990.0
T2312.CFX,20230720,101.765,101.79,101.755,101.86,101.73,101.84,101.835,0.05,0.045,3884.0,395380.465,13376.0,0.0
T2403.CFX,20230720,101.415,101.415,101.37,101.475,101.365,101.46,101.45,0.045,0.035,190.0,19268.1,1944.0,1.0
TA.ZCE,20230720,5848.0,5836.0,5874.0,5914.0,5840.0,5884.0,5878.0,48.0,42.0,1298337.0,3814909.24,1715410.0,
TA2308.ZCE,20230720,5860.0,5850.0,5876.0,5922.0,5848.0,5898.0,5888.0,48.0,38.0,6364.0,18733.5,49217.0,-2530.0
TA2309.ZCE,20230720,5848.0,5836.0,5874.0,5914.0,5840.0,5884.0,5878.0,48.0,42.0,1298337.0,3814909.24,1715410.0,11787.0
TA2310.ZCE,20230720,5792.0,5778.0,5810.0,5852.0,5776.0,5814.0,5810.0,36.0,32.0,141937.0,412331.3,922034.0,-4034.0
TA2311.ZCE,20230720,5760.0,5746.0,5776.0,5816.0,5746.0,5780.0,5778.0,34.0,32.0,61281.0,177054.84,295719.0,12611.0
TA2312.ZCE,20230720,5750.0,5732.0,5756.0,5790.0,5736.0,5764.0,5764.0,32.0,32.0,836.0,2408.83,17586.0,-237.0
TA2401.ZCE,20230720,5728.0,5714.0,5752.0,5782.0,5710.0,5736.0,5740.0,22.0,26.0,199046.0,571290.93,513079.0,11270.0
TA2402.ZCE,20230720,5720.0,5696.0,5720.0,5766.0,5700.0,5726.0,5714.0,30.0,18.0,64.0,182.85,5957.0,0.0
TA2403.ZCE,20230720,5702.0,5682.0,5708.0,5752.0,5690.0,5710.0,5710.0,28.0,28.0,45.0,128.47,5134.0,-12.0
TA2404.ZCE,20230720,5698.0,5670.0,5698.0,5698.0,5698.0,5698.0,5698.0,28.0,28.0,1.0,2.85,3508.0,0.0
TA2405.ZCE,20230720,5682.0,5664.0,5694.0,5734.0,5666.0,5690.0,5694.0,26.0,30.0,4353.0,12390.07,21723.0,988.0
TA2406.ZCE,20230720,5644.0,5640.0,,,,,5654.0,,14.0,0.0,0.0,445.0,0.0
TA2407.ZCE,20230720,5634.0,5626.0,5646.0,5678.0,5636.0,5636.0,5660.0,10.0,34.0,11.0,31.12,31.0,2.0
TAL.ZCE,20230720,5860.0,5850.0,5876.0,5922.0,5848.0,5898.0,5888.0,48.0,38.0,6364.0,18733.5,49217.0,
TF.CFX,20230720,102.265,102.275,102.25,102.315,102.23,102.3,102.295,0.025,0.02,33670.0,3443574.655,119301.0,
TF2309.CFX,20230720,102.265,102.275,102.25,102.315,102.23,102.3,102.295,0.025,0.02,33670.0,3443574.655,119301.0,433.0
TF2312.CFX,20230720,102.015,102.02,101.985,102.05,101.98,102.03,102.035,0.01,0.015,1224.0,124865.27,6636.0,7.0
TF2403.CFX,20230720,101.785,101.785,101.75,101.825,101.75,101.82,101.81,0.035,0.025,47.0,4784.36,1334.0,13.0
TFL.CFX,20230720,102.265,102.275,102.25,102.315,102.23,102.3,102.295,0.025,0.02,33670.0,3443574.655,119301.0,
TFL1.CFX,20230720,102.015,102.02,101.985,102.05,101.98,102.03,102.035,0.01,0.015,1224.0,124865.27,6636.0,
TFL2.CFX,20230720,101.785,101.785,101.75,101.825,101.75,101.82,101.81,0.035,0.025,47.0,4784.36,1334.0,
TL.CFX,20230720,102.175,102.195,102.15,102.275,102.125,102.27,102.245,0.075,0.05,54536.0,5573458.845,210280.0,
TL0.CFX,20230720,98.74,98.76,98.69,98.92,98.57,98.86,98.86,0.1,0.1,11840.0,1169368.82,18833.0,
TL1.CFX,20230720,101.765,101.79,101.755,101.86,101.73,101.84,101.835,0.05,0.045,3884.0,395380.465,13376.0,
TL2.CFX,20230720,101.415,101.415,101.37,101.475,101.365,101.46,101.45,0.045,0.035,190.0,19268.1,1944.0,
TL2309.CFX,20230720,98.74,98.76,98.69,98.92,98.57,98.86,98.86,0.1,0.1,11840.0,1169368.82,18833.0,921.0
TL2312.CFX,20230720,98.34,98.39,98.31,98.53,98.21,98.48,98.49,0.09,0.1,551.0,54199.46,3501.0,117.0
TL2403.CFX,20230720,97.98,98.01,97.89,98.17,97.89,98.17,98.12,0.16,0.11,110.0,10780.97,493.0,19.0
TLL.CFX,20230720,98.74,98.76,98.69,98.92,98.57,98.86,98.86,0.1,0.1,11840.0,1169368.82,18833.0,
TLL1.CFX,20230720,98.34,98.39,98.31,98.53,98.21,98.48,98.49,0.09,0.1,551.0,54199.46,3501.0,
TLL2.CFX,20230720,97.98,98.01,97.89,98.17,97.89,98.17,98.12,0.16,0.11,110.0,10780.97,493.0,
TS.CFX,20230720,101.37,101.375,101.365,101.41,101.35,101.395,101.39,0.02,0.015,23907.0,4847050.93,57354.0,
TS2309.CFX,20230720,101.37,101.375,101.365,101.41,101.35,101.395,101.39,0.02,0.015,23907.0,4847050.93,57354.0,153.0
TS2312.CFX,20230720,101.245,101.245,101.24,101.27,101.225,101.25,101.255,0.005,0.01,346.0,70060.93,2290.0,25.0
TS2403.CFX,20230720,101.16,101.16,101.14,101.175,101.14,101.175,101.17,0.015,0.01,32.0,6474.15,452.0,1.0
TSL.CFX,20230720,101.37,101.375,101.365,101.41,101.35,101.395,101.39,0.02,0.015,23907.0,4847050.93,57354.0,
TSL1.CFX,20230720,101.245,101.245,101.24,101.27,101.225,101.25,101.255,0.005,0.01,346.0,70060.93,2290.0,
TSL2.CFX,20230720,101.16,101.16,101.14,101.175,101.14,101.175,101.17,0.015,0.01,32.0,6474.15,452.0,
UR.ZCE,20230720,2110.0,2107.0,2144.0,2177.0,2106.0,2126.0,2142.0,19.0,35.0,1046642.0,4483499.89,322402.0,
UR2308.ZCE,20230720,2269.0,2267.0,2295.0,2326.0,2243.0,2252.0,2289.0,-15.0,22.0,1384.0,6336.04,3111.0,-627.0
UR2309.ZCE,20230720,2110.0,2107.0,2144.0,2177.0,2106.0,2126.0,2142.0,19.0,35.0,1046642.0,4483499.89,322402.0,-14723.0
UR2310.ZCE,20230720,2008.0,2014.0,2036.0,2064.0,2002.0,2025.0,2032.0,11.0,18.0,33497.0,136115.28,131476.0,2736.0
UR2311.ZCE,20230720,1983.0,1993.0,2003.0,2026.0,1960.0,1985.0,1993.0,-8.0,0.0,23608.0,94079.7,119417.0,4430.0
UR2312.ZCE,20230720,1941.0,1951.0,1969.0,1985.0,1918.0,1946.0,1948.0,-5.0,-3.0,14647.0,57066.89,63306.0,7962.0
UR2401.ZCE,20230720,1913.0,1923.0,1941.0,1960.0,1892.0,1921.0,1928.0,-2.0,5.0,103319.0,398397.66,138337.0,3494.0
UR2402.ZCE,20230720,1890.0,1902.0,1910.0,1932.0,1868.0,1895.0,1901.0,-7.0,-1.0,1151.0,4376.9,10489.0,450.0
UR2403.ZCE,20230720,1920.0,1934.0,1948.0,1963.0,1905.0,1930.0,1933.0,-4.0,-1.0,613.0,2369.82,6572.0,39.0
UR2404.ZCE,20230720,1895.0,1903.0,1907.0,1927.0,1876.0,1899.0,1904.0,-4.0,1.0,86.0,327.56,2339.0,9.0
UR2405.ZCE,20230720,1855.0,1863.0,1872.0,1893.0,1841.0,1866.0,1870.0,3.0,7.0,8513.0,31833.27,19750.0,1473.0
UR2406.ZCE,20230720,1834.0,1847.0,1847.0,1874.0,1822.0,1847.0,1854.0,0.0,7.0,1009.0,3740.94,4067.0,394.0
UR2407.ZCE,20230720,1849.0,1847.0,1864.0,1876.0,1833.0,1842.0,1851.0,-5.0,4.0,159.0,588.58,235.0,23.0
URL.ZCE,20230720,2269.0,2267.0,2295.0,2326.0,2243.0,2252.0,2289.0,-15.0,22.0,1384.0,6336.04,3111.0,
V.DCE,20230720,6041.0,6019.0,6048.0,6069.0,5989.0,6016.0,6028.0,-3.0,9.0,787900.0,2375015.81,768241.0,
V2308.DCE,20230720,6003.0,5975.0,5990.0,6025.0,5959.0,5979.0,6000.0,4.0,25.0,2497.0,7491.33,14591.0,-1014.0
V2309.DCE,20230720,6041.0,6019.0,6048.0,6069.0,5989.0,6016.0,6028.0,-3.0,9.0,787900.0,2375015.81,768241.0,9041.0
V2310.DCE,20230720,6049.0,6026.0,6060.0,6074.0,5999.0,6022.0,6033.0,-4.0,7.0,38459.0,116029.21,135763.0,-3774.0
V2311.DCE,20230720,6053.0,6035.0,6066.0,6078.0,6005.0,6026.0,6041.0,-9.0,6.0,31357.0,94714.58,91083.0,559.0
V2312.DCE,20230720,6065.0,6043.0,6076.0,6088.0,6013.0,6034.0,6048.0,-9.0,5.0,22599.0,68343.53,59884.0,129.0
V2401.DCE,20230720,6070.0,6047.0,6080.0,6091.0,6014.0,6041.0,6052.0,-6.0,5.0,104081.0,314976.65,199073.0,6787.0
V2402.DCE,20230720,6067.0,6042.0,6075.0,6089.0,6012.0,6040.0,6050.0,-2.0,8.0,13210.0,39961.22,27845.0,-127.0
V2403.DCE,20230720,6069.0,6041.0,6075.0,6089.0,6013.0,6040.0,6048.0,-1.0,7.0,10914.0,33006.36,19042.0,-48.0
V2404.DCE,20230720,6086.0,6101.0,6099.0,6106.0,6075.0,6099.0,6096.0,-2.0,-5.0,7.0,21.34,188.0,-2.0
V2405.DCE,20230720,6110.0,6085.0,6114.0,6133.0,6056.0,6078.0,6093.0,-7.0,8.0,4949.0,15079.53,13092.0,1.0
V2406.DCE,20230720,6115.0,6092.0,6100.0,6126.0,6097.0,6097.0,6106.0,5.0,14.0,133.0,406.12,253.0,118.0
V2407.DCE,20230720,6112.0,6141.0,6127.0,6127.0,6068.0,6080.0,6111.0,-61.0,-30.0,228.0,696.69,278.0,184.0
VL.DCE,20230720,6003.0,5975.0,5990.0,6025.0,5959.0,5979.0,6000.0,4.0,25.0,2497.0,7491.33,14591.0,
WH.ZCE,20230720,,3317.0,,,,,3317.0,,0.0,0.0,0.0,0.0,
WH2309.ZCE,20230720,,3317.0,,,,,3317.0,,0.0,0.0,0.0,0.0,0.0
WH2311.ZCE,20230720,,3317.0,,,,,3317.0,,0.0,0.0,0.0,0.0,0.0
WH2401.ZCE,20230720,,3198.0,,,,,3198.0,,0.0,0.0,0.0,0.0,0.0
WH2403.ZCE,20230720,,3198.0,,,,,3198.0,,0.0,0.0,0.0,0.0,0.0
WH2405.ZCE,20230720,,3198.0,,,,,3198.0,,0.0,0.0,0.0,0.0,0.0
WH2407.ZCE,20230720,,3198.0,,,,,3198.0,,0.0,0.0,0.0,0.0,0.0
WHL.ZCE,20230720,,3317.0,,,,,3317.0,,0.0,0.0,0.0,0.0,
WR.SHF,20230720,4057.0,4060.0,4086.0,4120.0,4075.0,4103.0,4097.0,43.0,37.0,92.0,376.95,116.0,
WR2308.SHF,20230720,4267.0,4267.0,,,,4267.0,4267.0,0.0,0.0,0.0,0.0,1.0,0.0
WR2309.SHF,20230720,3989.0,3989.0,,,,3989.0,3989.0,0.0,0.0,0.0,0.0,6.0,0.0
WR2310.SHF,20230720,4057.0,4060.0,4086.0,4120.0,4075.0,4103.0,4097.0,43.0,37.0,92.0,376.95,116.0,-1.0
WR2311.SHF,20230720,4050.0,4050.0,,,,4050.0,4050.0,0.0,0.0,0.0,0.0,0.0,0.0
WR2312.SHF,20230720,4010.0,4010.0,,,,4010.0,4010.0,0.0,0.0,0.0,0.0,0.0,0.0
WR2401.SHF,20230720,4050.0,4050.0,,,,4050.0,4050.0,0.0,0.0,0.0,0.0,2.0,0.0
WR2402.SHF,20230720,4079.0,4079.0,,,,4079.0,4079.0,0.0,0.0,0.0,0.0,0.0,0.0
WR2403.SHF,20230720,4050.0,4050.0,,,,4050.0,4050.0,0.0,0.0,0.0,0.0,3.0,0.0
WR2404.SHF,20230720,4089.0,4089.0,,,,4089.0,4089.0,0.0,0.0,0.0,0.0,0.0,0.0
WR2405.SHF,20230720,4100.0,4100.0,,,,4100.0,4100.0,0.0,0.0,0.0,0.0,0.0,0.0
WR2406.SHF,20230720,4111.0,4111.0,,,,4111.0,4111.0,0.0,0.0,0.0,0.0,0.0,0.0
WR2407.SHF,20230720,4096.0,4096.0,,,,4133.0,4133.0,37.0,37.0,0.0,0.0,0.0,0.0
WRL.SHF,20230720,4267.0,4267.0,,,,4267.0,4267.0,0.0,0.0,0.0,0.0,1.0,
Y.DCE,20230720,8174.0,8116.0,8230.0,8310.0,8188.0,8252.0,8250.0,136.0,134.0,919784.0,7589327.51,474748.0,
Y2308.DCE,20230720,8138.0,8068.0,8196.0,8278.0,8172.0,8214.0,8228.0,146.0,160.0,948.0,7802.02,3221.0,-134.0
Y2309.DCE,20230720,8174.0,8116.0,8230.0,8310.0,8188.0,8252.0,8250.0,136.0,134.0,919784.0,7589327.51,474748.0,-6870.0
Y2311.DCE,20230720,8180.0,8134.0,8240.0,8310.0,8206.0,8268.0,8260.0,134.0,126.0,23342.0,192835.7,106225.0,-1399.0
Y2312.DCE,20230720,8152.0,8118.0,8204.0,8302.0,8194.0,8252.0,8246.0,134.0,128.0,12459.0,102751.21,55661.0,-883.0
Y2401.DCE,20230720,8094.0,8048.0,8148.0,8228.0,8118.0,8186.0,8174.0,138.0,126.0,150042.0,1226709.43,244573.0,9304.0
Y2403.DCE,20230720,7856.0,7816.0,7906.0,7986.0,7892.0,7942.0,7940.0,126.0,124.0,8641.0,68609.61,42737.0,-919.0
Y2405.DCE,20230720,7676.0,7658.0,7710.0,7804.0,7572.0,7756.0,7762.0,98.0,104.0,12258.0,95160.08,26798.0,2760.0
Y2407.DCE,20230720,7608.0,7582.0,7670.0,7736.0,7656.0,7698.0,7696.0,116.0,114.0,1184.0,9114.01,2794.0,457.0
YL.DCE,20230720,8138.0,8068.0,8196.0,8278.0,8172.0,8214.0,8228.0,146.0,160.0,948.0,7802.02,3221.0,
ZC.ZCE,20230720,,801.4,,,,,801.4,,0.0,0.0,0.0,0.0,
ZC2308.ZCE,20230720,,801.4,,,,,801.4,,0.0,0.0,0.0,0.0,0.0
ZC2309.ZCE,20230720,,801.4,,,,,801.4,,0.0,0.0,0.0,0.0,0.0
ZC2310.ZCE,20230720,,801.4,,,,,801.4,,0.0,0.0,0.0,0.0,0.0
ZC2311.ZCE,20230720,,801.4,,,,,801.4,,0.0,0.0,0.0,0.0,0.0
ZC2312.ZCE,20230720,,801.4,,,,,801.4,,0.0,0.0,0.0,0.0,0.0
ZC2401.ZCE,20230720,,801.4,,,,,801.4,,0.0,0.0,0.0,0.0,0.0
ZC2402.ZCE,20230720,,801.4,,,,,801.4,,0.0,0.0,0.0,0.0,0.0
ZC2403.ZCE,20230720,,801.4,,,,,801.4,,0.0,0.0,0.0,0.0,0.0
ZC2404.ZCE,20230720,,801.4,,,,,801.4,,0.0,0.0,0.0,0.0,0.0
ZC2405.ZCE,20230720,,801.4,,,,,801.4,,0.0,0.0,0.0,0.0,0.0
ZC2406.ZCE,20230720,,801.4,,,,,801.4,,0.0,0.0,0.0,0.0,0.0
ZC2407.ZCE,20230720,,801.4,,,,,801.4,,0.0,0.0,0.0,0.0,0.0
ZCL.ZCE,20230720,,801.4,,,,,801.4,,0.0,0.0,0.0,0.0,
ZN.SHF,20230720,20185.0,20165.0,20210.0,20265.0,20100.0,20150.0,20185.0,-15.0,20.0,99614.0,1005482.51,69301.0,
ZN2308.SHF,20230720,20185.0,20165.0,20210.0,20265.0,20100.0,20150.0,20185.0,-15.0,20.0,99614.0,1005482.51,69301.0,-5131.0
ZN2309.SHF,20230720,20090.0,20050.0,20060.0,20180.0,20000.0,20080.0,20095.0,30.0,45.0,112282.0,1128218.02,104809.0,5153.0
ZN2310.SHF,20230720,19950.0,19910.0,20015.0,20050.0,19875.0,19940.0,19965.0,30.0,55.0,18538.0,185056.5,30152.0,707.0
ZN2311.SHF,20230720,19850.0,19780.0,19850.0,19910.0,19750.0,19810.0,19835.0,30.0,55.0,2464.0,24441.03,11502.0,385.0
ZN2312.SHF,20230720,19725.0,19660.0,19780.0,19805.0,19650.0,19710.0,19740.0,50.0,80.0,709.0,6999.24,3307.0,56.0
ZN2401.SHF,20230720,19650.0,19645.0,19715.0,19770.0,19620.0,19685.0,19690.0,40.0,45.0,138.0,1358.82,638.0,33.0
ZN2402.SHF,20230720,19615.0,19600.0,19705.0,19705.0,19590.0,19645.0,19650.0,45.0,50.0,14.0,137.55,170.0,5.0
ZN2403.SHF,20230720,19590.0,19565.0,19665.0,19695.0,19555.0,19605.0,19630.0,40.0,65.0,15.0,147.24,840.0,-1.0
ZN2404.SHF,20230720,19580.0,19580.0,19670.0,19690.0,19590.0,19660.0,19660.0,80.0,80.0,6.0,58.99,459.0,0.0
ZN2405.SHF,20230720,19545.0,19525.0,19655.0,19700.0,19550.0,19625.0,19630.0,100.0,105.0,25.0,245.41,271.0,10.0
ZN2406.SHF,20230720,19540.0,19535.0,19555.0,19610.0,19555.0,19600.0,19580.0,65.0,45.0,11.0,107.71,106.0,-3.0
ZN2407.SHF,20230720,19530.0,19515.0,19590.0,19655.0,19560.0,19560.0,19585.0,45.0,70.0,9.0,88.15,15.0,3.0
ZNL.SHF,20230720,20185.0,20165.0,20210.0,20265.0,20100.0,20150.0,20185.0,-15.0,20.0,99614.0,1005482.51,69301.0,
